CpG,Module,Strategy
cg00006081,1,median
cg00012522,1,median
cg00018845,1,median
cg00024086,1,median
cg00027083,1,median
cg00030047,1,median
cg00037441,1,median
cg00065905,1,median
cg00078318,1,median
cg00089091,1,median
cg00094518,1,median
cg00100800,1,median
cg00107187,1,median
cg00107772,1,median
cg00123055,1,median
cg00127167,1,median
cg00144186,1,median
cg00145253,1,median
cg00154357,1,median
cg00157668,1,median
cg00174428,1,median
cg00177388,1,median
cg00178249,1,median
cg00181834,1,median
cg00214791,1,median
cg00228017,1,median
cg00232735,1,median
cg00247557,1,median
cg00254886,1,median
cg00255368,1,median
cg00260802,1,median
cg00295572,1,median
cg00310215,1,median
cg00323305,1,median
cg00333226,1,median
cg00343312,1,median
cg00345443,1,median
cg00346208,1,median
cg00373707,1,median
cg00376544,1,median
cg00384539,1,median
cg00388812,1,median
cg00390775,1,median
cg00421139,1,median
cg00466334,1,median
cg00468146,1,median
cg00469856,1,median
cg00470955,1,median
cg00474746,1,median
cg00490655,1,median
cg00495775,1,median
cg00503383,1,median
cg00529958,1,median
cg00558156,1,median
cg00565688,1,median
cg00569447,1,median
cg00578032,1,median
cg00579520,1,median
cg00582971,1,median
cg00619126,1,median
cg00620733,1,median
cg00637687,1,median
cg00642749,1,median
cg00644823,1,median
cg00654888,1,median
cg00663972,1,median
cg00674365,1,median
cg00688962,1,median
cg00688963,1,median
cg00699993,1,median
cg00735667,1,median
cg00736523,1,median
cg00741624,1,median
cg00745389,1,median
cg00745725,1,median
cg00750523,1,median
cg00764612,1,median
cg00794881,1,median
cg00800512,1,median
cg00804628,1,median
cg00812438,1,median
cg00812833,1,median
cg00824018,1,median
cg00824767,1,median
cg00858840,1,median
cg00873050,1,median
cg00875989,1,median
cg00884093,1,median
cg00887814,1,median
cg00910882,1,median
cg00911794,1,median
cg00912625,1,median
cg00922781,1,median
cg00939495,1,median
cg00950846,1,median
cg00952322,1,median
cg00960305,1,median
cg00960552,1,median
cg00970396,1,median
cg00998438,1,median
cg01003961,1,median
cg01007828,1,median
cg01013590,1,median
cg01026458,1,median
cg01032675,1,median
cg01068944,1,median
cg01069941,1,median
cg01080998,1,median
cg01106338,1,median
cg01138867,1,median
cg01150683,1,median
cg01151966,1,median
cg01158822,1,median
cg01162672,1,median
cg01168235,1,median
cg01184975,1,median
cg01201519,1,median
cg01202666,1,median
cg01220680,1,median
cg01247628,1,median
cg01253508,1,median
cg01255414,1,median
cg01276475,1,median
cg01281285,1,median
cg01283246,1,median
cg01294808,1,median
cg01296360,1,median
cg01302656,1,median
cg01315916,1,median
cg01342746,1,median
cg01345315,1,median
cg01352175,1,median
cg01366419,1,median
cg01373911,1,median
cg01382110,1,median
cg01384488,1,median
cg01396587,1,median
cg01405040,1,median
cg01405761,1,median
cg01410472,1,median
cg01422881,1,median
cg01434649,1,median
cg01436998,1,median
cg01440841,1,median
cg01449136,1,median
cg01449663,1,median
cg01460227,1,median
cg01460436,1,median
cg01464052,1,median
cg01472299,1,median
cg01501551,1,median
cg01537995,1,median
cg01541645,1,median
cg01543603,1,median
cg01557027,1,median
cg01566526,1,median
cg01582980,1,median
cg01587896,1,median
cg01588388,1,median
cg01602690,1,median
cg01610488,1,median
cg01610605,1,median
cg01610632,1,median
cg01615704,1,median
cg01625087,1,median
cg01663016,1,median
cg01663725,1,median
cg01664666,1,median
cg01690182,1,median
cg01692233,1,median
cg01693026,1,median
cg01718116,1,median
cg01718742,1,median
cg01734112,1,median
cg01758512,1,median
cg01759562,1,median
cg01770755,1,median
cg01783070,1,median
cg01794676,1,median
cg01811325,1,median
cg01839464,1,median
cg01851450,1,median
cg01852585,1,median
cg01860328,1,median
cg01867395,1,median
cg01898698,1,median
cg01906015,1,median
cg01915516,1,median
cg01916333,1,median
cg01923218,1,median
cg01927745,1,median
cg01935149,1,median
cg01937793,1,median
cg01938650,1,median
cg01939453,1,median
cg01942127,1,median
cg01942962,1,median
cg02005147,1,median
cg02008154,1,median
cg02010196,1,median
cg02017282,1,median
cg02017926,1,median
cg02044223,1,median
cg02048412,1,median
cg02055132,1,median
cg02071005,1,median
cg02081733,1,median
cg02093112,1,median
cg02096397,1,median
cg02102103,1,median
cg02106850,1,median
cg02119348,1,median
cg02146857,1,median
cg02154186,1,median
cg02165099,1,median
cg02165355,1,median
cg02167438,1,median
cg02172150,1,median
cg02172312,1,median
cg02222728,1,median
cg02225716,1,median
cg02232208,1,median
cg02241055,1,median
cg02243785,1,median
cg02268229,1,median
cg02272993,1,median
cg02300154,1,median
cg02305853,1,median
cg02311414,1,median
cg02318784,1,median
cg02322373,1,median
cg02327997,1,median
cg02333852,1,median
cg02336521,1,median
cg02344833,1,median
cg02347074,1,median
cg02352240,1,median
cg02360199,1,median
cg02374745,1,median
cg02390209,1,median
cg02397768,1,median
cg02400433,1,median
cg02409108,1,median
cg02423064,1,median
cg02429459,1,median
cg02442436,1,median
cg02446647,1,median
cg02456226,1,median
cg02456288,1,median
cg02463418,1,median
cg02487453,1,median
cg02493644,1,median
cg02509825,1,median
cg02523640,1,median
cg02523844,1,median
cg02530437,1,median
cg02532096,1,median
cg02547394,1,median
cg02557695,1,median
cg02571816,1,median
cg02582387,1,median
cg02623400,1,median
cg02630214,1,median
cg02640260,1,median
cg02649597,1,median
cg02656891,1,median
cg02662277,1,median
cg02662828,1,median
cg02681442,1,median
cg02690638,1,median
cg02741521,1,median
cg02742906,1,median
cg02745211,1,median
cg02746381,1,median
cg02801786,1,median
cg02816816,1,median
cg02824202,1,median
cg02825171,1,median
cg02829688,1,median
cg02831267,1,median
cg02838178,1,median
cg02874376,1,median
cg02908900,1,median
cg02914422,1,median
cg02919422,1,median
cg02923706,1,median
cg02928699,1,median
cg02935338,1,median
cg02938414,1,median
cg02940165,1,median
cg02990869,1,median
cg02994956,1,median
cg03014628,1,median
cg03026462,1,median
cg03031959,1,median
cg03032098,1,median
cg03044249,1,median
cg03070297,1,median
cg03074925,1,median
cg03091551,1,median
cg03106958,1,median
cg03109101,1,median
cg03117976,1,median
cg03129384,1,median
cg03146949,1,median
cg03160135,1,median
cg03167683,1,median
cg03171770,1,median
cg03178798,1,median
cg03182113,1,median
cg03190219,1,median
cg03192598,1,median
cg03200166,1,median
cg03209642,1,median
cg03209854,1,median
cg03229780,1,median
cg03237648,1,median
cg03242819,1,median
cg03244696,1,median
cg03250019,1,median
cg03251079,1,median
cg03260566,1,median
cg03287574,1,median
cg03293015,1,median
cg03323696,1,median
cg03325733,1,median
cg03332469,1,median
cg03340466,1,median
cg03340649,1,median
cg03342498,1,median
cg03354992,1,median
cg03355526,1,median
cg03357798,1,median
cg03365733,1,median
cg03428864,1,median
cg03437157,1,median
cg03450948,1,median
cg03456938,1,median
cg03465861,1,median
cg03469054,1,median
cg03475665,1,median
cg03496114,1,median
cg03496122,1,median
cg03499808,1,median
cg03506640,1,median
cg03509106,1,median
cg03512426,1,median
cg03524083,1,median
cg03544320,1,median
cg03547745,1,median
cg03553587,1,median
cg03555227,1,median
cg03574723,1,median
cg03599078,1,median
cg03602280,1,median
cg03606215,1,median
cg03607115,1,median
cg03609960,1,median
cg03696599,1,median
cg03701992,1,median
cg03705912,1,median
cg03724990,1,median
cg03727202,1,median
cg03730428,1,median
cg03734874,1,median
cg03753331,1,median
cg03774514,1,median
cg03782157,1,median
cg03790250,1,median
cg03793270,1,median
cg03817667,1,median
cg03881775,1,median
cg03893271,1,median
cg03900143,1,median
cg03925294,1,median
cg03945902,1,median
cg03964958,1,median
cg03968755,1,median
cg03986829,1,median
cg03992259,1,median
cg03994318,1,median
cg04005707,1,median
cg04008901,1,median
cg04021697,1,median
cg04024095,1,median
cg04025150,1,median
cg04038179,1,median
cg04059568,1,median
cg04075191,1,median
cg04079301,1,median
cg04100532,1,median
cg04127342,1,median
cg04143876,1,median
cg04200224,1,median
cg04222358,1,median
cg04228468,1,median
cg04267526,1,median
cg04293085,1,median
cg04326854,1,median
cg04339613,1,median
cg04347874,1,median
cg04360793,1,median
cg04397433,1,median
cg04402007,1,median
cg04415599,1,median
cg04418492,1,median
cg04432319,1,median
cg04435546,1,median
cg04450459,1,median
cg04454086,1,median
cg04467618,1,median
cg04517323,1,median
cg04521004,1,median
cg04525757,1,median
cg04529370,1,median
cg04536893,1,median
cg04567445,1,median
cg04594598,1,median
cg04595562,1,median
cg04596004,1,median
cg04597433,1,median
cg04598121,1,median
cg04606861,1,median
cg04609576,1,median
cg04612444,1,median
cg04641171,1,median
cg04643822,1,median
cg04652097,1,median
cg04654288,1,median
cg04664153,1,median
cg04671611,1,median
cg04733537,1,median
cg04738965,1,median
cg04745161,1,median
cg04759648,1,median
cg04773818,1,median
cg04784672,1,median
cg04792712,1,median
cg04837025,1,median
cg04842426,1,median
cg04845649,1,median
cg04858155,1,median
cg04861929,1,median
cg04899175,1,median
cg04913979,1,median
cg04919274,1,median
cg04928005,1,median
cg04935449,1,median
cg04949206,1,median
cg04950301,1,median
cg04961466,1,median
cg04965050,1,median
cg04969688,1,median
cg04974290,1,median
cg04983516,1,median
cg04991036,1,median
cg04991805,1,median
cg05044185,1,median
cg05048976,1,median
cg05057720,1,median
cg05062333,1,median
cg05080154,1,median
cg05128922,1,median
cg05142982,1,median
cg05168977,1,median
cg05179846,1,median
cg05184377,1,median
cg05191076,1,median
cg05201970,1,median
cg05204798,1,median
cg05209584,1,median
cg05236677,1,median
cg05237641,1,median
cg05266781,1,median
cg05299793,1,median
cg05302338,1,median
cg05337137,1,median
cg05350411,1,median
cg05361559,1,median
cg05371578,1,median
cg05374654,1,median
cg05378938,1,median
cg05380982,1,median
cg05383490,1,median
cg05402131,1,median
cg05440435,1,median
cg05446424,1,median
cg05491001,1,median
cg05500840,1,median
cg05501996,1,median
cg05502701,1,median
cg05520409,1,median
cg05533124,1,median
cg05543049,1,median
cg05549854,1,median
cg05595345,1,median
cg05602862,1,median
cg05608777,1,median
cg05637536,1,median
cg05638174,1,median
cg05646686,1,median
cg05667379,1,median
cg05668372,1,median
cg05670348,1,median
cg05686497,1,median
cg05724871,1,median
cg05732750,1,median
cg05733135,1,median
cg05733181,1,median
cg05736768,1,median
cg05756220,1,median
cg05759718,1,median
cg05764376,1,median
cg05764628,1,median
cg05768427,1,median
cg05769169,1,median
cg05771369,1,median
cg05784157,1,median
cg05787556,1,median
cg05789711,1,median
cg05798720,1,median
cg05863502,1,median
cg05895545,1,median
cg05903444,1,median
cg05908587,1,median
cg05924485,1,median
cg05924652,1,median
cg05926722,1,median
cg05931096,1,median
cg05937737,1,median
cg05942128,1,median
cg05951860,1,median
cg05983315,1,median
cg06000883,1,median
cg06000994,1,median
cg06020207,1,median
cg06049781,1,median
cg06056415,1,median
cg06062984,1,median
cg06076277,1,median
cg06091013,1,median
cg06095270,1,median
cg06103746,1,median
cg06139341,1,median
cg06139908,1,median
cg06149302,1,median
cg06158650,1,median
cg06169131,1,median
cg06187947,1,median
cg06200092,1,median
cg06202228,1,median
cg06232807,1,median
cg06258780,1,median
cg06265277,1,median
cg06268694,1,median
cg06271970,1,median
cg06288251,1,median
cg06335867,1,median
cg06352730,1,median
cg06365535,1,median
cg06374307,1,median
cg06383163,1,median
cg06391468,1,median
cg06401021,1,median
cg06410746,1,median
cg06411724,1,median
cg06424065,1,median
cg06425919,1,median
cg06444755,1,median
cg06462796,1,median
cg06469345,1,median
cg06482428,1,median
cg06492708,1,median
cg06498267,1,median
cg06510074,1,median
cg06525651,1,median
cg06547959,1,median
cg06553312,1,median
cg06564388,1,median
cg06567373,1,median
cg06570224,1,median
cg06577205,1,median
cg06584494,1,median
cg06598836,1,median
cg06602847,1,median
cg06617456,1,median
cg06619066,1,median
cg06622151,1,median
cg06622999,1,median
cg06629130,1,median
cg06634716,1,median
cg06638795,1,median
cg06647751,1,median
cg06648277,1,median
cg06650419,1,median
cg06653045,1,median
cg06659727,1,median
cg06662812,1,median
cg06667761,1,median
cg06668555,1,median
cg06674731,1,median
cg06676637,1,median
cg06704122,1,median
cg06713632,1,median
cg06719900,1,median
cg06724588,1,median
cg06733419,1,median
cg06758591,1,median
cg06763054,1,median
cg06765217,1,median
cg06766427,1,median
cg06776999,1,median
cg06782035,1,median
cg06806958,1,median
cg06808751,1,median
cg06809544,1,median
cg06822816,1,median
cg06825039,1,median
cg06831576,1,median
cg06833732,1,median
cg06849504,1,median
cg06850283,1,median
cg06875227,1,median
cg06899953,1,median
cg06906472,1,median
cg06942701,1,median
cg06966811,1,median
cg06973234,1,median
cg06987468,1,median
cg07012926,1,median
cg07015629,1,median
cg07016184,1,median
cg07021644,1,median
cg07027430,1,median
cg07028914,1,median
cg07029873,1,median
cg07035165,1,median
cg07055616,1,median
cg07057579,1,median
cg07060233,1,median
cg07060551,1,median
cg07065111,1,median
cg07072366,1,median
cg07077013,1,median
cg07094915,1,median
cg07095995,1,median
cg07103129,1,median
cg07131533,1,median
cg07135032,1,median
cg07135446,1,median
cg07135614,1,median
cg07136998,1,median
cg07137845,1,median
cg07143083,1,median
cg07149609,1,median
cg07150445,1,median
cg07152216,1,median
cg07157830,1,median
cg07176264,1,median
cg07190535,1,median
cg07194093,1,median
cg07201620,1,median
cg07203423,1,median
cg07204550,1,median
cg07206208,1,median
cg07208703,1,median
cg07212778,1,median
cg07254032,1,median
cg07271264,1,median
cg07271394,1,median
cg07274618,1,median
cg07279070,1,median
cg07293584,1,median
cg07300060,1,median
cg07314829,1,median
cg07355841,1,median
cg07357300,1,median
cg07357987,1,median
cg07382454,1,median
cg07382920,1,median
cg07408835,1,median
cg07441518,1,median
cg07442479,1,median
cg07489048,1,median
cg07489890,1,median
cg07502439,1,median
cg07519816,1,median
cg07536910,1,median
cg07540103,1,median
cg07544187,1,median
cg07552707,1,median
cg07565505,1,median
cg07581732,1,median
cg07603330,1,median
cg07622493,1,median
cg07622996,1,median
cg07636295,1,median
cg07639287,1,median
cg07665387,1,median
cg07671776,1,median
cg07684796,1,median
cg07697895,1,median
cg07733446,1,median
cg07737781,1,median
cg07738439,1,median
cg07746943,1,median
cg07758738,1,median
cg07777349,1,median
cg07780095,1,median
cg07788092,1,median
cg07792478,1,median
cg07846220,1,median
cg07848601,1,median
cg07850527,1,median
cg07870999,1,median
cg07892295,1,median
cg07892422,1,median
cg07892785,1,median
cg07897690,1,median
cg07903370,1,median
cg07918545,1,median
cg07924081,1,median
cg07928073,1,median
cg07953890,1,median
cg07967679,1,median
cg07973435,1,median
cg07995179,1,median
cg08000065,1,median
cg08002883,1,median
cg08004278,1,median
cg08009211,1,median
cg08013557,1,median
cg08023265,1,median
cg08044097,1,median
cg08057103,1,median
cg08065657,1,median
cg08068240,1,median
cg08085357,1,median
cg08085954,1,median
cg08087868,1,median
cg08095852,1,median
cg08117309,1,median
cg08119884,1,median
cg08120263,1,median
cg08122140,1,median
cg08139247,1,median
cg08141424,1,median
cg08146483,1,median
cg08152546,1,median
cg08165221,1,median
cg08183141,1,median
cg08184652,1,median
cg08185241,1,median
cg08186362,1,median
cg08190928,1,median
cg08194879,1,median
cg08204280,1,median
cg08211028,1,median
cg08231493,1,median
cg08233654,1,median
cg08234308,1,median
cg08235864,1,median
cg08244866,1,median
cg08251037,1,median
cg08258526,1,median
cg08263071,1,median
cg08272731,1,median
cg08288811,1,median
cg08305436,1,median
cg08315202,1,median
cg08336641,1,median
cg08363794,1,median
cg08376141,1,median
cg08421685,1,median
cg08422599,1,median
cg08432727,1,median
cg08441170,1,median
cg08441806,1,median
cg08445263,1,median
cg08448701,1,median
cg08475096,1,median
cg08475953,1,median
cg08476224,1,median
cg08478039,1,median
cg08482531,1,median
cg08488841,1,median
cg08490115,1,median
cg08509172,1,median
cg08510264,1,median
cg08512167,1,median
cg08523865,1,median
cg08572611,1,median
cg08586541,1,median
cg08621843,1,median
cg08638184,1,median
cg08641579,1,median
cg08658787,1,median
cg08668551,1,median
cg08681855,1,median
cg08690859,1,median
cg08697503,1,median
cg08712932,1,median
cg08719869,1,median
cg08734740,1,median
cg08754967,1,median
cg08767286,1,median
cg08795964,1,median
cg08812189,1,median
cg08812555,1,median
cg08812889,1,median
cg08825837,1,median
cg08832906,1,median
cg08855288,1,median
cg08859095,1,median
cg08874609,1,median
cg08886823,1,median
cg08889336,1,median
cg08892370,1,median
cg08917478,1,median
cg08965888,1,median
cg08975803,1,median
cg08979319,1,median
cg09009536,1,median
cg09016242,1,median
cg09017434,1,median
cg09021626,1,median
cg09042277,1,median
cg09059319,1,median
cg09077934,1,median
cg09082287,1,median
cg09082903,1,median
cg09141965,1,median
cg09142313,1,median
cg09152582,1,median
cg09155219,1,median
cg09199698,1,median
cg09208611,1,median
cg09226262,1,median
cg09232937,1,median
cg09295081,1,median
cg09307530,1,median
cg09313439,1,median
cg09322259,1,median
cg09338032,1,median
cg09366312,1,median
cg09382127,1,median
cg09388605,1,median
cg09424759,1,median
cg09438147,1,median
cg09441363,1,median
cg09442654,1,median
cg09444637,1,median
cg09445939,1,median
cg09469566,1,median
cg09472360,1,median
cg09473315,1,median
cg09484039,1,median
cg09489306,1,median
cg09493505,1,median
cg09495418,1,median
cg09500672,1,median
cg09515953,1,median
cg09543255,1,median
cg09559021,1,median
cg09559189,1,median
cg09578475,1,median
cg09601175,1,median
cg09614415,1,median
cg09623400,1,median
cg09626894,1,median
cg09643544,1,median
cg09656389,1,median
cg09659227,1,median
cg09685182,1,median
cg09688546,1,median
cg09714778,1,median
cg09765089,1,median
cg09767822,1,median
cg09774917,1,median
cg09793172,1,median
cg09797337,1,median
cg09805010,1,median
cg09838285,1,median
cg09854317,1,median
cg09858188,1,median
cg09874822,1,median
cg09880551,1,median
cg09887059,1,median
cg09896412,1,median
cg09907509,1,median
cg09935282,1,median
cg09983897,1,median
cg09989644,1,median
cg10023530,1,median
cg10028217,1,median
cg10039188,1,median
cg10056132,1,median
cg10087973,1,median
cg10088491,1,median
cg10092878,1,median
cg10095242,1,median
cg10111115,1,median
cg10121601,1,median
cg10127275,1,median
cg10127483,1,median
cg10132208,1,median
cg10137084,1,median
cg10150592,1,median
cg10151367,1,median
cg10158541,1,median
cg10166283,1,median
cg10168149,1,median
cg10177394,1,median
cg10182317,1,median
cg10223225,1,median
cg10235355,1,median
cg10239388,1,median
cg10266211,1,median
cg10269365,1,median
cg10269548,1,median
cg10282162,1,median
cg10294822,1,median
cg10298052,1,median
cg10300684,1,median
cg10303487,1,median
cg10329173,1,median
cg10334354,1,median
cg10343742,1,median
cg10363951,1,median
cg10373086,1,median
cg10373196,1,median
cg10387551,1,median
cg10410142,1,median
cg10453719,1,median
cg10471976,1,median
cg10477621,1,median
cg10479082,1,median
cg10485664,1,median
cg10501704,1,median
cg10511904,1,median
cg10520887,1,median
cg10521638,1,median
cg10530851,1,median
cg10530883,1,median
cg10539507,1,median
cg10552126,1,median
cg10567810,1,median
cg10575261,1,median
cg10591607,1,median
cg10602282,1,median
cg10603275,1,median
cg10621825,1,median
cg10658542,1,median
cg10659886,1,median
cg10676084,1,median
cg10694152,1,median
cg10715223,1,median
cg10722226,1,median
cg10740902,1,median
cg10770187,1,median
cg10791926,1,median
cg10805352,1,median
cg10816489,1,median
cg10823473,1,median
cg10827488,1,median
cg10828337,1,median
cg10836392,1,median
cg10868817,1,median
cg10894483,1,median
cg10904109,1,median
cg10906284,1,median
cg10912240,1,median
cg10943359,1,median
cg10945079,1,median
cg10961186,1,median
cg10964367,1,median
cg10966580,1,median
cg10967350,1,median
cg10989634,1,median
cg10999932,1,median
cg11002986,1,median
cg11011938,1,median
cg11025705,1,median
cg11051843,1,median
cg11063729,1,median
cg11068946,1,median
cg11080643,1,median
cg11086982,1,median
cg11095383,1,median
cg11097433,1,median
cg11097541,1,median
cg11108269,1,median
cg11113723,1,median
cg11148130,1,median
cg11163620,1,median
cg11190248,1,median
cg11199046,1,median
cg11199713,1,median
cg11201710,1,median
cg11215976,1,median
cg11226913,1,median
cg11229543,1,median
cg11234328,1,median
cg11236526,1,median
cg11254700,1,median
cg11260097,1,median
cg11268739,1,median
cg11280525,1,median
cg11293190,1,median
cg11312408,1,median
cg11323198,1,median
cg11342106,1,median
cg11344566,1,median
cg11353250,1,median
cg11358945,1,median
cg11377136,1,median
cg11381539,1,median
cg11410023,1,median
cg11413039,1,median
cg11428724,1,median
cg11438011,1,median
cg11452391,1,median
cg11460727,1,median
cg11469098,1,median
cg11546137,1,median
cg11563680,1,median
cg11574975,1,median
cg11581706,1,median
cg11592503,1,median
cg11642106,1,median
cg11651237,1,median
cg11687330,1,median
cg11701471,1,median
cg11705975,1,median
cg11711420,1,median
cg11722699,1,median
cg11723801,1,median
cg11727383,1,median
cg11743349,1,median
cg11760593,1,median
cg11793269,1,median
cg11811610,1,median
cg11823511,1,median
cg11831238,1,median
cg11832722,1,median
cg11846112,1,median
cg11868900,1,median
cg11869770,1,median
cg11871421,1,median
cg11885396,1,median
cg11896587,1,median
cg11905007,1,median
cg11907729,1,median
cg11926610,1,median
cg11931116,1,median
cg11934695,1,median
cg11935147,1,median
cg11965370,1,median
cg11982293,1,median
cg12002303,1,median
cg12007399,1,median
cg12025310,1,median
cg12043818,1,median
cg12052661,1,median
cg12075720,1,median
cg12087643,1,median
cg12089570,1,median
cg12122146,1,median
cg12161228,1,median
cg12163490,1,median
cg12164282,1,median
cg12166610,1,median
cg12172057,1,median
cg12188986,1,median
cg12200038,1,median
cg12204732,1,median
cg12212311,1,median
cg12215340,1,median
cg12246510,1,median
cg12250496,1,median
cg12258042,1,median
cg12258161,1,median
cg12268575,1,median
cg12296605,1,median
cg12296772,1,median
cg12300353,1,median
cg12315713,1,median
cg12325536,1,median
cg12338417,1,median
cg12348202,1,median
cg12373084,1,median
cg12382398,1,median
cg12453631,1,median
cg12454814,1,median
cg12457773,1,median
cg12475507,1,median
cg12483476,1,median
cg12497564,1,median
cg12506971,1,median
cg12508451,1,median
cg12513880,1,median
cg12535280,1,median
cg12544191,1,median
cg12560987,1,median
cg12563178,1,median
cg12595013,1,median
cg12597389,1,median
cg12627071,1,median
cg12630082,1,median
cg12638731,1,median
cg12645220,1,median
cg12664209,1,median
cg12670347,1,median
cg12682684,1,median
cg12685846,1,median
cg12698487,1,median
cg12764034,1,median
cg12807794,1,median
cg12816961,1,median
cg12818557,1,median
cg12828075,1,median
cg12832313,1,median
cg12833207,1,median
cg12843518,1,median
cg12844784,1,median
cg12847240,1,median
cg12852499,1,median
cg12868305,1,median
cg12877723,1,median
cg12894649,1,median
cg12908187,1,median
cg12921750,1,median
cg12926938,1,median
cg12940822,1,median
cg12951849,1,median
cg12969644,1,median
cg12988534,1,median
cg12995800,1,median
cg12997720,1,median
cg13000912,1,median
cg13016408,1,median
cg13016524,1,median
cg13021841,1,median
cg13063344,1,median
cg13078140,1,median
cg13136510,1,median
cg13153190,1,median
cg13176012,1,median
cg13193239,1,median
cg13222752,1,median
cg13246235,1,median
cg13255216,1,median
cg13272546,1,median
cg13279673,1,median
cg13300273,1,median
cg13314145,1,median
cg13321967,1,median
cg13327545,1,median
cg13344169,1,median
cg13347071,1,median
cg13358636,1,median
cg13359415,1,median
cg13405783,1,median
cg13407975,1,median
cg13425391,1,median
cg13434842,1,median
cg13441730,1,median
cg13445796,1,median
cg13448605,1,median
cg13448753,1,median
cg13460643,1,median
cg13464915,1,median
cg13481638,1,median
cg13488201,1,median
cg13514230,1,median
cg13539545,1,median
cg13561879,1,median
cg13566648,1,median
cg13570972,1,median
cg13582816,1,median
cg13596497,1,median
cg13606569,1,median
cg13623495,1,median
cg13632816,1,median
cg13633270,1,median
cg13633497,1,median
cg13637654,1,median
cg13644317,1,median
cg13653144,1,median
cg13654588,1,median
cg13683040,1,median
cg13688769,1,median
cg13721404,1,median
cg13745201,1,median
cg13755795,1,median
cg13779907,1,median
cg13781843,1,median
cg13784792,1,median
cg13786089,1,median
cg13790603,1,median
cg13822303,1,median
cg13829550,1,median
cg13855568,1,median
cg13882284,1,median
cg13887205,1,median
cg13895765,1,median
cg13904970,1,median
cg13913012,1,median
cg13914083,1,median
cg13929328,1,median
cg13933080,1,median
cg13944175,1,median
cg13954457,1,median
cg13964092,1,median
cg13974632,1,median
cg13985784,1,median
cg14006181,1,median
cg14009098,1,median
cg14015441,1,median
cg14051544,1,median
cg14056357,1,median
cg14060111,1,median
cg14065115,1,median
cg14068328,1,median
cg14080967,1,median
cg14092045,1,median
cg14095438,1,median
cg14134497,1,median
cg14155416,1,median
cg14156405,1,median
cg14156751,1,median
cg14225485,1,median
cg14246617,1,median
cg14265823,1,median
cg14270292,1,median
cg14273450,1,median
cg14305313,1,median
cg14312538,1,median
cg14317285,1,median
cg14319235,1,median
cg14323675,1,median
cg14326196,1,median
cg14335275,1,median
cg14338425,1,median
cg14345012,1,median
cg14347199,1,median
cg14352983,1,median
cg14354327,1,median
cg14356396,1,median
cg14405924,1,median
cg14410016,1,median
cg14412322,1,median
cg14424407,1,median
cg14425564,1,median
cg14427009,1,median
cg14451382,1,median
cg14473102,1,median
cg14473145,1,median
cg14473924,1,median
cg14475702,1,median
cg14502484,1,median
cg14511946,1,median
cg14512563,1,median
cg14515453,1,median
cg14556683,1,median
cg14568830,1,median
cg14571552,1,median
cg14603345,1,median
cg14604568,1,median
cg14615336,1,median
cg14621053,1,median
cg14631386,1,median
cg14631834,1,median
cg14658067,1,median
cg14658804,1,median
cg14676407,1,median
cg14699728,1,median
cg14719951,1,median
cg14730445,1,median
cg14750948,1,median
cg14772925,1,median
cg14780632,1,median
cg14809204,1,median
cg14823851,1,median
cg14832406,1,median
cg14834938,1,median
cg14836602,1,median
cg14848594,1,median
cg14866863,1,median
cg14875171,1,median
cg14907769,1,median
cg14923640,1,median
cg14941291,1,median
cg14951598,1,median
cg14959729,1,median
cg14971895,1,median
cg15007156,1,median
cg15044957,1,median
cg15045441,1,median
cg15056556,1,median
cg15061530,1,median
cg15084543,1,median
cg15092343,1,median
cg15123984,1,median
cg15133719,1,median
cg15168727,1,median
cg15180867,1,median
cg15195276,1,median
cg15222899,1,median
cg15229481,1,median
cg15254559,1,median
cg15310492,1,median
cg15335436,1,median
cg15341124,1,median
cg15370180,1,median
cg15379354,1,median
cg15382538,1,median
cg15385623,1,median
cg15397374,1,median
cg15412102,1,median
cg15416877,1,median
cg15425280,1,median
cg15426956,1,median
cg15427886,1,median
cg15439862,1,median
cg15447787,1,median
cg15449956,1,median
cg15452970,1,median
cg15476523,1,median
cg15485728,1,median
cg15529692,1,median
cg15538070,1,median
cg15543566,1,median
cg15562220,1,median
cg15594967,1,median
cg15600488,1,median
cg15602241,1,median
cg15611413,1,median
cg15639592,1,median
cg15653173,1,median
cg15703632,1,median
cg15709235,1,median
cg15712559,1,median
cg15718066,1,median
cg15731815,1,median
cg15745900,1,median
cg15785868,1,median
cg15789607,1,median
cg15818307,1,median
cg15834072,1,median
cg15843567,1,median
cg15852516,1,median
cg15861585,1,median
cg15868105,1,median
cg15873320,1,median
cg15887709,1,median
cg15892784,1,median
cg15895690,1,median
cg15909981,1,median
cg15912800,1,median
cg15914463,1,median
cg15916004,1,median
cg15916399,1,median
cg15916646,1,median
cg15927720,1,median
cg15953602,1,median
cg15957055,1,median
cg15979173,1,median
cg15984718,1,median
cg15989068,1,median
cg16005494,1,median
cg16026922,1,median
cg16043357,1,median
cg16046561,1,median
cg16061498,1,median
cg16065021,1,median
cg16065186,1,median
cg16072688,1,median
cg16081281,1,median
cg16085531,1,median
cg16086620,1,median
cg16099804,1,median
cg16179952,1,median
cg16184803,1,median
cg16198315,1,median
cg16209664,1,median
cg16219603,1,median
cg16226962,1,median
cg16232126,1,median
cg16248329,1,median
cg16257029,1,median
cg16264705,1,median
cg16269431,1,median
cg16318053,1,median
cg16334314,1,median
cg16342439,1,median
cg16361966,1,median
cg16376000,1,median
cg16376108,1,median
cg16404157,1,median
cg16419235,1,median
cg16419354,1,median
cg16428251,1,median
cg16435571,1,median
cg16458596,1,median
cg16483916,1,median
cg16492377,1,median
cg16498194,1,median
cg16509777,1,median
cg16512615,1,median
cg16512661,1,median
cg16536329,1,median
cg16541931,1,median
cg16544169,1,median
cg16549308,1,median
cg16560711,1,median
cg16587616,1,median
cg16590794,1,median
cg16632715,1,median
cg16654911,1,median
cg16664405,1,median
cg16697438,1,median
cg16703956,1,median
cg16705627,1,median
cg16729415,1,median
cg16733705,1,median
cg16735881,1,median
cg16768018,1,median
cg16773899,1,median
cg16783744,1,median
cg16800165,1,median
cg16803083,1,median
cg16816603,1,median
cg16823083,1,median
cg16851425,1,median
cg16852704,1,median
cg16896079,1,median
cg16910830,1,median
cg16919569,1,median
cg16939364,1,median
cg16949120,1,median
cg16987305,1,median
cg17003736,1,median
cg17007640,1,median
cg17025835,1,median
cg17037282,1,median
cg17039236,1,median
cg17059658,1,median
cg17076890,1,median
cg17078116,1,median
cg17093795,1,median
cg17098147,1,median
cg17101296,1,median
cg17105834,1,median
cg17112089,1,median
cg17112958,1,median
cg17132421,1,median
cg17148976,1,median
cg17154315,1,median
cg17161718,1,median
cg17173767,1,median
cg17176573,1,median
cg17186168,1,median
cg17213402,1,median
cg17227967,1,median
cg17264670,1,median
cg17270257,1,median
cg17275700,1,median
cg17283453,1,median
cg17301902,1,median
cg17302155,1,median
cg17306747,1,median
cg17326555,1,median
cg17339147,1,median
cg17349389,1,median
cg17354303,1,median
cg17360781,1,median
cg17362434,1,median
cg17368808,1,median
cg17370163,1,median
cg17405234,1,median
cg17410236,1,median
cg17412886,1,median
cg17426273,1,median
cg17438030,1,median
cg17444738,1,median
cg17445145,1,median
cg17455088,1,median
cg17457560,1,median
cg17459204,1,median
cg17484671,1,median
cg17486097,1,median
cg17496659,1,median
cg17504999,1,median
cg17525102,1,median
cg17526229,1,median
cg17526573,1,median
cg17536595,1,median
cg17541528,1,median
cg17554604,1,median
cg17555373,1,median
cg17573292,1,median
cg17580935,1,median
cg17590523,1,median
cg17603206,1,median
cg17603689,1,median
cg17605476,1,median
cg17607298,1,median
cg17619311,1,median
cg17630392,1,median
cg17653824,1,median
cg17656260,1,median
cg17674725,1,median
cg17688525,1,median
cg17696377,1,median
cg17714025,1,median
cg17716765,1,median
cg17722002,1,median
cg17737681,1,median
cg17774672,1,median
cg17795158,1,median
cg17807479,1,median
cg17814047,1,median
cg17816394,1,median
cg17828689,1,median
cg17840719,1,median
cg17855264,1,median
cg17863912,1,median
cg17875483,1,median
cg17885226,1,median
cg17892556,1,median
cg17939805,1,median
cg17942573,1,median
cg17953764,1,median
cg17954152,1,median
cg17971015,1,median
cg17980283,1,median
cg18016194,1,median
cg18026588,1,median
cg18044383,1,median
cg18058689,1,median
cg18060199,1,median
cg18070676,1,median
cg18087306,1,median
cg18104012,1,median
cg18115040,1,median
cg18115406,1,median
cg18136932,1,median
cg18143243,1,median
cg18143296,1,median
cg18147485,1,median
cg18150439,1,median
cg18156204,1,median
cg18158990,1,median
cg18159860,1,median
cg18160402,1,median
cg18174258,1,median
cg18181196,1,median
cg18183163,1,median
cg18193094,1,median
cg18194945,1,median
cg18206027,1,median
cg18235734,1,median
cg18235937,1,median
cg18239753,1,median
cg18249173,1,median
cg18252309,1,median
cg18257814,1,median
cg18273840,1,median
cg18276638,1,median
cg18297437,1,median
cg18299578,1,median
cg18299835,1,median
cg18301583,1,median
cg18301891,1,median
cg18303215,1,median
cg18307783,1,median
cg18311537,1,median
cg18315963,1,median
cg18326021,1,median
cg18343437,1,median
cg18347642,1,median
cg18366919,1,median
cg18371475,1,median
cg18384778,1,median
cg18391899,1,median
cg18395355,1,median
cg18406033,1,median
cg18410872,1,median
cg18420965,1,median
cg18447727,1,median
cg18471993,1,median
cg18483289,1,median
cg18485193,1,median
cg18490614,1,median
cg18517195,1,median
cg18541254,1,median
cg18556676,1,median
cg18582824,1,median
cg18587806,1,median
cg18596362,1,median
cg18603228,1,median
cg18651870,1,median
cg18657094,1,median
cg18679410,1,median
cg18685561,1,median
cg18686155,1,median
cg18686527,1,median
cg18687675,1,median
cg18710784,1,median
cg18731327,1,median
cg18747039,1,median
cg18747408,1,median
cg18764577,1,median
cg18770350,1,median
cg18780257,1,median
cg18794839,1,median
cg18799217,1,median
cg18849102,1,median
cg18854419,1,median
cg18855780,1,median
cg18866015,1,median
cg18918321,1,median
cg18932726,1,median
cg18948125,1,median
cg18952796,1,median
cg18961681,1,median
cg18969232,1,median
cg18972811,1,median
cg18988498,1,median
cg18989709,1,median
cg19021738,1,median
cg19024344,1,median
cg19054524,1,median
cg19078576,1,median
cg19079194,1,median
cg19084726,1,median
cg19098763,1,median
cg19101326,1,median
cg19134568,1,median
cg19149681,1,median
cg19162158,1,median
cg19165390,1,median
cg19181162,1,median
cg19194373,1,median
cg19211800,1,median
cg19230755,1,median
cg19267252,1,median
cg19275261,1,median
cg19311218,1,median
cg19346645,1,median
cg19351628,1,median
cg19360104,1,median
cg19375479,1,median
cg19384289,1,median
cg19392831,1,median
cg19396878,1,median
cg19397320,1,median
cg19407095,1,median
cg19414591,1,median
cg19414741,1,median
cg19507068,1,median
cg19508437,1,median
cg19524676,1,median
cg19536810,1,median
cg19554389,1,median
cg19560758,1,median
cg19632594,1,median
cg19651694,1,median
cg19654195,1,median
cg19656282,1,median
cg19671120,1,median
cg19671533,1,median
cg19672997,1,median
cg19707040,1,median
cg19716238,1,median
cg19721889,1,median
cg19730691,1,median
cg19744908,1,median
cg19748093,1,median
cg19760898,1,median
cg19761848,1,median
cg19768329,1,median
cg19786627,1,median
cg19792599,1,median
cg19802138,1,median
cg19804605,1,median
cg19806642,1,median
cg19815904,1,median
cg19819145,1,median
cg19821713,1,median
cg19851909,1,median
cg19885761,1,median
cg19908812,1,median
cg19909239,1,median
cg19915738,1,median
cg19922137,1,median
cg19927816,1,median
cg19942495,1,median
cg19947104,1,median
cg19949955,1,median
cg19965221,1,median
cg19993589,1,median
cg20019985,1,median
cg20040743,1,median
cg20076842,1,median
cg20106459,1,median
cg20132590,1,median
cg20183094,1,median
cg20192747,1,median
cg20219381,1,median
cg20222926,1,median
cg20232102,1,median
cg20233073,1,median
cg20248093,1,median
cg20253468,1,median
cg20268039,1,median
cg20270188,1,median
cg20271029,1,median
cg20279283,1,median
cg20289688,1,median
cg20294789,1,median
cg20305024,1,median
cg20329085,1,median
cg20334313,1,median
cg20339230,1,median
cg20340302,1,median
cg20434926,1,median
cg20449685,1,median
cg20457796,1,median
cg20467957,1,median
cg20470857,1,median
cg20478129,1,median
cg20482698,1,median
cg20483324,1,median
cg20557687,1,median
cg20584905,1,median
cg20611911,1,median
cg20631014,1,median
cg20676716,1,median
cg20677901,1,median
cg20688709,1,median
cg20710709,1,median
cg20716119,1,median
cg20720059,1,median
cg20723355,1,median
cg20778451,1,median
cg20787173,1,median
cg20792062,1,median
cg20820063,1,median
cg20829347,1,median
cg20852846,1,median
cg20887073,1,median
cg20906291,1,median
cg20927661,1,median
cg20931033,1,median
cg20937139,1,median
cg20943338,1,median
cg20956815,1,median
cg20974724,1,median
cg20979799,1,median
cg20985450,1,median
cg20985755,1,median
cg20986652,1,median
cg20992114,1,median
cg21004042,1,median
cg21053831,1,median
cg21054521,1,median
cg21091227,1,median
cg21101356,1,median
cg21113740,1,median
cg21126583,1,median
cg21154627,1,median
cg21158087,1,median
cg21166964,1,median
cg21169914,1,median
cg21170041,1,median
cg21172540,1,median
cg21173447,1,median
cg21180286,1,median
cg21187352,1,median
cg21187769,1,median
cg21229339,1,median
cg21238818,1,median
cg21269330,1,median
cg21276413,1,median
cg21300373,1,median
cg21303386,1,median
cg21325154,1,median
cg21350575,1,median
cg21384492,1,median
cg21410991,1,median
cg21415530,1,median
cg21426003,1,median
cg21458907,1,median
cg21469278,1,median
cg21474897,1,median
cg21482659,1,median
cg21488279,1,median
cg21496658,1,median
cg21498772,1,median
cg21512644,1,median
cg21537235,1,median
cg21549299,1,median
cg21553182,1,median
cg21565130,1,median
cg21573200,1,median
cg21589115,1,median
cg21595709,1,median
cg21609640,1,median
cg21617516,1,median
cg21623566,1,median
cg21640187,1,median
cg21647257,1,median
cg21649258,1,median
cg21655915,1,median
cg21678377,1,median
cg21694941,1,median
cg21699044,1,median
cg21724798,1,median
cg21762820,1,median
cg21784383,1,median
cg21802055,1,median
cg21829923,1,median
cg21834207,1,median
cg21845273,1,median
cg21856067,1,median
cg21858380,1,median
cg21870884,1,median
cg21875330,1,median
cg21884231,1,median
cg21924449,1,median
cg21926708,1,median
cg21971621,1,median
cg22010052,1,median
cg22043168,1,median
cg22065614,1,median
cg22070406,1,median
cg22095604,1,median
cg22120714,1,median
cg22125805,1,median
cg22127570,1,median
cg22147084,1,median
cg22147660,1,median
cg22170177,1,median
cg22216413,1,median
cg22221870,1,median
cg22264930,1,median
cg22274395,1,median
cg22280038,1,median
cg22300282,1,median
cg22303418,1,median
cg22305167,1,median
cg22311615,1,median
cg22320365,1,median
cg22322465,1,median
cg22328786,1,median
cg22335876,1,median
cg22374057,1,median
cg22418909,1,median
cg22484737,1,median
cg22489321,1,median
cg22496809,1,median
cg22518208,1,median
cg22557662,1,median
cg22558303,1,median
cg22562942,1,median
cg22589628,1,median
cg22598028,1,median
cg22600868,1,median
cg22620221,1,median
cg22624022,1,median
cg22629111,1,median
cg22643811,1,median
cg22650617,1,median
cg22659676,1,median
cg22665692,1,median
cg22666373,1,median
cg22679728,1,median
cg22685409,1,median
cg22694818,1,median
cg22702328,1,median
cg22706610,1,median
cg22720041,1,median
cg22727965,1,median
cg22746058,1,median
cg22759823,1,median
cg22762091,1,median
cg22762215,1,median
cg22812955,1,median
cg22821324,1,median
cg22832061,1,median
cg22836229,1,median
cg22853427,1,median
cg22866015,1,median
cg22869726,1,median
cg22871668,1,median
cg22879667,1,median
cg22931604,1,median
cg22950163,1,median
cg22954449,1,median
cg22958047,1,median
cg23016734,1,median
cg23018092,1,median
cg23037403,1,median
cg23042510,1,median
cg23085662,1,median
cg23090870,1,median
cg23093589,1,median
cg23130097,1,median
cg23130131,1,median
cg23151024,1,median
cg23208513,1,median
cg23244910,1,median
cg23254031,1,median
cg23266743,1,median
cg23267759,1,median
cg23281154,1,median
cg23284720,1,median
cg23294090,1,median
cg23316787,1,median
cg23318063,1,median
cg23322933,1,median
cg23331421,1,median
cg23331484,1,median
cg23335460,1,median
cg23337382,1,median
cg23341223,1,median
cg23368787,1,median
cg23412793,1,median
cg23419635,1,median
cg23449696,1,median
cg23463269,1,median
cg23479922,1,median
cg23495279,1,median
cg23495748,1,median
cg23496260,1,median
cg23497016,1,median
cg23521835,1,median
cg23536473,1,median
cg23546474,1,median
cg23588217,1,median
cg23606718,1,median
cg23621097,1,median
cg23629998,1,median
cg23668184,1,median
cg23683254,1,median
cg23683588,1,median
cg23695504,1,median
cg23697855,1,median
cg23708361,1,median
cg23712342,1,median
cg23729107,1,median
cg23730181,1,median
cg23746497,1,median
cg23748737,1,median
cg23771603,1,median
cg23805357,1,median
cg23833452,1,median
cg23839136,1,median
cg23847712,1,median
cg23873669,1,median
cg23881278,1,median
cg23883696,1,median
cg23889730,1,median
cg23891996,1,median
cg23896164,1,median
cg23906738,1,median
cg23922259,1,median
cg23944251,1,median
cg23978504,1,median
cg23999695,1,median
cg24021956,1,median
cg24035245,1,median
cg24041917,1,median
cg24054190,1,median
cg24073122,1,median
cg24089600,1,median
cg24092282,1,median
cg24109612,1,median
cg24120841,1,median
cg24133115,1,median
cg24136205,1,median
cg24164564,1,median
cg24176563,1,median
cg24189904,1,median
cg24190603,1,median
cg24198558,1,median
cg24201034,1,median
cg24213719,1,median
cg24228329,1,median
cg24275315,1,median
cg24301620,1,median
cg24309428,1,median
cg24319902,1,median
cg24328125,1,median
cg24346629,1,median
cg24353443,1,median
cg24362812,1,median
cg24366557,1,median
cg24367628,1,median
cg24396691,1,median
cg24410535,1,median
cg24430140,1,median
cg24446586,1,median
cg24452260,1,median
cg24488891,1,median
cg24525176,1,median
cg24534566,1,median
cg24563570,1,median
cg24566400,1,median
cg24567424,1,median
cg24575234,1,median
cg24578124,1,median
cg24583615,1,median
cg24599249,1,median
cg24603464,1,median
cg24613080,1,median
cg24617696,1,median
cg24621437,1,median
cg24632247,1,median
cg24633978,1,median
cg24665290,1,median
cg24675998,1,median
cg24693053,1,median
cg24695832,1,median
cg24719005,1,median
cg24740218,1,median
cg24745495,1,median
cg24767956,1,median
cg24768649,1,median
cg24783211,1,median
cg24799620,1,median
cg24809973,1,median
cg24811864,1,median
cg24842733,1,median
cg24843380,1,median
cg24863335,1,median
cg24869601,1,median
cg24880056,1,median
cg24880701,1,median
cg24923694,1,median
cg24933645,1,median
cg24935332,1,median
cg24938830,1,median
cg24945701,1,median
cg25032595,1,median
cg25033990,1,median
cg25044651,1,median
cg25052664,1,median
cg25084878,1,median
cg25124276,1,median
cg25125060,1,median
cg25145765,1,median
cg25146017,1,median
cg25146557,1,median
cg25147376,1,median
cg25168494,1,median
cg25174438,1,median
cg25181651,1,median
cg25191850,1,median
cg25201047,1,median
cg25209842,1,median
cg25218716,1,median
cg25237016,1,median
cg25250358,1,median
cg25260137,1,median
cg25267072,1,median
cg25286333,1,median
cg25302957,1,median
cg25308508,1,median
cg25345178,1,median
cg25351606,1,median
cg25382400,1,median
cg25403721,1,median
cg25439496,1,median
cg25444386,1,median
cg25482786,1,median
cg25486757,1,median
cg25495650,1,median
cg25496678,1,median
cg25500080,1,median
cg25509872,1,median
cg25527090,1,median
cg25557432,1,median
cg25557835,1,median
cg25570278,1,median
cg25571189,1,median
cg25623768,1,median
cg25627226,1,median
cg25635352,1,median
cg25649641,1,median
cg25657713,1,median
cg25684999,1,median
cg25688568,1,median
cg25691167,1,median
cg25722465,1,median
cg25724283,1,median
cg25739875,1,median
cg25744767,1,median
cg25763393,1,median
cg25796439,1,median
cg25800765,1,median
cg25894658,1,median
cg25915838,1,median
cg25920406,1,median
cg25939742,1,median
cg25942450,1,median
cg25970832,1,median
cg25984344,1,median
cg25984671,1,median
cg25996084,1,median
cg26000663,1,median
cg26001902,1,median
cg26004759,1,median
cg26048025,1,median
cg26055770,1,median
cg26056703,1,median
cg26059468,1,median
cg26060489,1,median
cg26078977,1,median
cg26091021,1,median
cg26094789,1,median
cg26113809,1,median
cg26114043,1,median
cg26115633,1,median
cg26116485,1,median
cg26118906,1,median
cg26124980,1,median
cg26126806,1,median
cg26133769,1,median
cg26144658,1,median
cg26157385,1,median
cg26162616,1,median
cg26163578,1,median
cg26186727,1,median
cg26195356,1,median
cg26199576,1,median
cg26200580,1,median
cg26220018,1,median
cg26239725,1,median
cg26248284,1,median
cg26249106,1,median
cg26249873,1,median
cg26252281,1,median
cg26301788,1,median
cg26304237,1,median
cg26312150,1,median
cg26316023,1,median
cg26320696,1,median
cg26325335,1,median
cg26333652,1,median
cg26351229,1,median
cg26354128,1,median
cg26357587,1,median
cg26410450,1,median
cg26422458,1,median
cg26422488,1,median
cg26446499,1,median
cg26452056,1,median
cg26492514,1,median
cg26503073,1,median
cg26517714,1,median
cg26549701,1,median
cg26554592,1,median
cg26557693,1,median
cg26558485,1,median
cg26578856,1,median
cg26609631,1,median
cg26619317,1,median
cg26636193,1,median
cg26642224,1,median
cg26650638,1,median
cg26659079,1,median
cg26675654,1,median
cg26685195,1,median
cg26705266,1,median
cg26705953,1,median
cg26705960,1,median
cg26708319,1,median
cg26715952,1,median
cg26721877,1,median
cg26748945,1,median
cg26763877,1,median
cg26805749,1,median
cg26808747,1,median
cg26813646,1,median
cg26817217,1,median
cg26819695,1,median
cg26844246,1,median
cg26855918,1,median
cg26856607,1,median
cg26872137,1,median
cg26875805,1,median
cg26885220,1,median
cg26886462,1,median
cg26902216,1,median
cg26923490,1,median
cg26925231,1,median
cg26931862,1,median
cg26947626,1,median
cg26955835,1,median
cg26963356,1,median
cg26967100,1,median
cg26990587,1,median
cg27003782,1,median
cg27020216,1,median
cg27024876,1,median
cg27043726,1,median
cg27044841,1,median
cg27050153,1,median
cg27062795,1,median
cg27094244,1,median
cg27100990,1,median
cg27114644,1,median
cg27120816,1,median
cg27137983,1,median
cg27176138,1,median
cg27196745,1,median
cg27209578,1,median
cg27213509,1,median
cg27223047,1,median
cg27232145,1,median
cg27272677,1,median
cg27280575,1,median
cg27302539,1,median
cg27315556,1,median
cg27317647,1,median
cg27338487,1,median
cg27343616,1,median
cg27344587,1,median
cg27346707,1,median
cg27353143,1,median
cg27360326,1,median
cg27382790,1,median
cg27391267,1,median
cg27393010,1,median
cg27423760,1,median
cg27467929,1,median
cg27526665,1,median
cg27591349,1,median
cg27603796,1,median
cg27604416,1,median
cg27606499,1,median
cg27618240,1,median
cg27621129,1,median
cg27634151,1,median
cg27638126,1,median
cg27641522,1,median
cg27648946,1,median
cg27649239,1,median
cg27659787,1,median
cg01340312,2,median
cg01406381,2,median
cg01437204,2,median
cg01955153,2,median
cg02519286,2,median
cg02610723,2,median
cg03290131,2,median
cg03725309,2,median
cg03881294,2,median
cg04381957,2,median
cg05168229,2,median
cg05395210,2,median
cg05492306,2,median
cg06007201,2,median
cg06285727,2,median
cg07092212,2,median
cg08105590,2,median
cg08872742,2,median
cg08913523,2,median
cg09834049,2,median
cg11961845,2,median
cg12142865,2,median
cg13092901,2,median
cg13591783,2,median
cg16618104,2,median
cg17666418,2,median
cg17827670,2,median
cg18458509,2,median
cg21545859,2,median
cg22810489,2,median
cg23190089,2,median
cg23919111,2,median
cg24185397,2,median
cg25607249,2,median
cg25691553,2,median
cg26140475,2,median
cg26170244,2,median
cg26695387,2,median
cg26954174,2,median
cg26963632,2,median
cg27004870,2,median
cg00947782,3,median
cg03343571,3,median
cg06249604,3,median
cg07179033,3,median
cg07382347,3,median
cg08491487,3,median
cg09279736,3,median
cg10930308,3,median
cg13185413,3,median
cg13918754,3,median
cg16078649,3,median
cg18930910,3,median
cg23712018,3,median
cg03562414,4,median
cg06878361,4,median
cg09547119,4,median
cg10635122,4,median
cg10783469,4,median
cg11269599,4,median
cg12227172,4,median
cg16731240,4,median
cg22331349,4,median
cg23010048,4,median
cg24794228,4,median
cg00059225,5,median
cg00439658,5,median
cg00748589,5,median
cg06493994,5,median
cg06639320,5,median
cg07547549,5,median
cg07553761,5,median
cg08316825,5,median
cg10189695,5,median
cg11970349,5,median
cg12757011,5,median
cg12878812,5,median
cg13649056,5,median
cg15480367,5,median
cg15618978,5,median
cg16867657,5,median
cg17110586,5,median
cg21572722,5,median
cg23500537,5,median
cg24079702,5,median
cg00653847,6,median
cg03677924,6,median
cg04204669,6,median
cg04632997,6,median
cg04896437,6,median
cg05344066,6,median
cg09791504,6,median
cg11231631,6,median
cg12577320,6,median
cg13106156,6,median
cg13135455,6,median
cg14646983,6,median
cg14857193,6,median
cg17206420,6,median
cg17401106,6,median
cg20116935,6,median
cg20661303,6,median
cg21301148,6,median
cg21448513,6,median
cg24952158,6,median
cg26847866,6,median
cg01116059,7,median
cg04226749,7,median
cg10055771,7,median
cg10263682,7,median
cg11131532,7,median
cg11536474,7,median
cg16366843,7,median
cg24663256,7,median
cg24721899,7,median
cg05691152,8,median
cg06594770,8,median
cg06644488,8,median
cg11540735,8,median
cg11679014,8,median
cg12325455,8,median
cg12379720,8,median
cg13897416,8,median
cg14268632,8,median
cg01592801,9,median
cg02561482,9,median
cg04499648,9,median
cg06329574,9,median
cg08005774,9,median
cg09302895,9,median
cg10833037,9,median
cg12233363,9,median
cg17097923,9,median
cg17694795,9,median
cg20491838,9,median
cg20585038,9,median
cg27513935,9,median
cg01569083,10,median
cg04425624,10,median
cg08553327,10,median
cg10650821,10,median
cg10717214,10,median
cg12681001,10,median
cg21222743,10,median
cg21467614,10,median
cg26729380,10,median
cg00144180,11,median
cg00259097,11,median
cg00625963,11,median
cg00786084,11,median
cg04324917,11,median
cg05305327,11,median
cg05805445,11,median
cg07102001,11,median
cg08362785,11,median
cg08469255,11,median
cg17820878,11,median
cg21232015,11,median
cg24130561,11,median
cg12377139,12,median
cg12610471,12,median
cg18247055,12,median
cg23016129,12,median
cg25778262,12,median
cg27076669,12,median
cg00303541,13,median
cg00664406,13,median
cg04453050,13,median
cg12934382,13,median
cg21213853,13,median
cg21899500,13,median
cg25693132,13,median
cg03234186,14,median
cg05661282,14,median
cg08668790,14,median
cg11294513,14,median
cg12506930,14,median
cg21790626,14,median
cg26465391,14,median
cg27049766,14,median
cg00090261,15,median
cg18425434,15,median
cg20051292,15,median
cg24848035,15,median
cg17880622,16,median
cg25829666,16,median
cg26139133,16,median
cg26146027,16,median
cg11945824,17,median
cg13782301,17,median
cg14027333,17,median
cg14531663,17,median
cg14757228,17,median
cg17955729,17,median
cg21035875,17,median
cg21570988,17,median
cg25955180,17,median
cg27067781,17,median
cg00699945,18,median
cg01303723,18,median
cg15304699,18,median
cg24659054,18,median
cg03431846,19,median
cg07516252,19,median
cg16425038,19,median
cg18556834,19,median
cg18628371,19,median
cg19989295,19,median
cg03402459,20,median
cg06087185,20,median
cg09205920,20,median
cg20723129,20,median
cg21133153,20,median
cg02150988,21,median
cg05099387,21,median
cg19542816,21,median
cg23420260,21,median
cg00448707,22,median
cg13697378,22,median
cg20149168,22,median
cg22901840,22,median
cg24871743,22,median
cg05436231,23,median
cg10961604,23,median
cg11955474,23,median
cg02469909,24,median
cg03364108,24,median
cg12492885,24,median
cg03573446,25,median
cg10941747,25,median
cg12518442,25,median
cg14839404,25,median
cg22047703,25,median
cg04328477,26,median
cg04513006,26,median
cg06723863,26,median
cg08694699,26,median
cg04074140,27,median
cg10364041,27,median
cg10470588,27,median
cg20129242,27,median
cg24897255,27,median
cg27567401,27,median
cg01530101,28,median
cg05029822,28,median
cg12198813,28,median
cg23008562,28,median
cg25203481,28,median
cg01047555,29,median
cg12462816,29,median
cg13612083,29,median
cg16001722,29,median
cg15845821,30,median
cg19344626,30,median
cg19784428,30,median
cg20249566,30,median
cg00804078,31,median
cg02872426,31,median
cg07164639,31,median
cg14956327,31,median
cg07676859,32,median
cg14631053,32,median
cg18197392,32,median
cg22534145,32,median
cg03085549,33,median
cg03743982,33,median
cg03991512,33,median
cg16540789,33,median
cg18633600,34,median
cg18952026,34,median
cg17163168,35,median
cg17471939,35,median
cg17804348,35,median
cg26055950,35,median
cg01278873,36,median
cg07894352,36,median
cg14531862,36,median
cg15904523,36,median
cg01908954,37,median
cg11831981,37,median
cg19223299,37,median
cg18556788,38,median
cg22058122,38,median
cg00963169,39,median
cg13678973,39,median
cg00316839,40,median
cg22869030,40,median
cg08204702,41,median
cg24628676,41,median
cg20276377,42,median
cg22092811,42,median
cg07571451,43,median
cg14997413,43,median
cg11909748,44,median
cg12665460,44,median
cg14582763,44,median
cg08207377,45,median
cg15174905,45,median
cg24446071,45,median
cg26504305,45,median
cg07955995,46,median
cg08097417,46,median
cg14361627,46,median
cg22285878,46,median
cg06707978,47,median
cg21911021,47,median
cg08370546,48,median
cg13278478,48,median
cg19759064,48,median
cg21940640,48,median
cg05308819,49,median
cg07082267,49,median
cg11693709,49,median
cg17457912,49,median
cg22796704,49,median
cg00397986,50,median
cg09951349,50,median
cg03523785,51,median
cg23571812,51,median
cg03185593,52,median
cg07479670,52,median
cg05871694,53,median
cg06697536,53,median
cg01663603,54,median
cg12307787,54,median
cg12392473,54,median
cg08550421,55,median
cg18902090,55,median
cg23026864,55,median
cg02932314,56,median
cg12127472,56,median
cg12781700,56,median
cg17269633,56,median
cg22282410,57,median
cg27392792,57,median
cg08927006,58,median
cg18499443,58,median
cg04778012,59,median
cg10084644,59,median
cg15140703,59,median
cg20318166,60,median
cg22387369,60,median
cg25895948,60,median
cg06094615,61,median
cg18521914,61,median
cg22717227,61,median
cg03963198,62,median
cg14507560,62,median
cg24937747,62,median
cg02105519,63,median
cg16400492,63,median
cg23953697,63,median
cg00500705,64,median
cg24156796,64,median
cg18182399,65,median
cg20065463,65,median
cg24927800,65,median
cg00169725,66,median
cg01995468,66,median
cg23476877,66,median
cg14042143,67,median
cg16313758,67,median
cg18338984,67,median
cg17802949,68,median
cg19855470,68,median
cg03728674,69,median
cg18502099,69,median
cg26283480,69,median
cg00027400,70,median
cg07935012,70,median
cg14882054,71,median
cg18829268,71,median
cg10721149,72,median
cg13834623,72,median
cg15708153,73,median
cg26309134,73,median
cg06942685,74,median
cg21493505,74,median
cg09022422,75,median
cg26836233,75,median
cg05617469,76,median
cg24259244,76,median
cg01212887,77,median
cg23111830,77,median
cg13782090,78,median
cg22212691,78,median
cg03365437,79,median
cg13198321,79,median
cg14805347,79,median
cg20286200,80,median
cg20980055,80,median
cg00883831,81,median
cg13278353,81,median
cg22705959,81,median
cg11574469,82,median
cg25141674,82,median
cg02119363,83,median
cg04894619,83,median
cg13473356,83,median
cg06558502,84,median
cg26682068,84,median
cg05942459,85,median
cg13080565,85,median
cg22541254,85,median
cg01896761,86,median
cg18406197,86,median
cg10989897,87,median
cg18202449,87,median
cg11176990,88,median
cg12206199,88,median
cg22158769,88,median
cg11006267,89,median
cg19505546,89,median
cg27658304,89,median
cg12145907,90,median
cg12648074,90,median
cg15361590,90,median
cg07035659,91,median
cg07462756,91,median
cg05344430,92,median
cg11354629,92,median
cg12671082,93,median
cg21949333,93,median
cg06183338,94,median
cg20764887,94,median
cg13794993,95,median
cg15191648,95,median
cg21547708,96,median
cg22277994,96,median
cg02699218,97,median
cg04044664,97,median
cg16339238,98,median
cg17368760,98,median
cg01666793,99,median
cg03593550,99,median
cg06002370,100,median
cg22752008,100,median
cg12756396,101,median
cg25191628,101,median
cg14889768,102,median
cg20098887,102,median
cg00752099,103,median
cg02778418,103,median
cg01688688,104,median
cg25603636,104,median
cg05756933,105,median
cg15381304,105,median
cg22856324,106,median
cg22979783,106,median
cg17816908,107,median
cg21517947,107,median
cg18327056,108,median
cg20491914,108,median
cg13612317,109,median
cg14776578,109,median
cg03738352,110,median
cg19766441,110,median
cg12157673,111,median
cg22832557,111,median
cg16960758,112,median
cg25694915,112,median
cg00273449,113,median
cg20945085,113,median
cg08328777,114,median
cg19295951,114,median
cg19612068,115,median
cg22273555,115,median
cg00688297,116,median
cg05828690,116,median
cg26614073,117,median
cg27386529,117,median
cg17767285,118,median
cg18213472,118,median
cg02151625,119,median
cg03945700,119,median
cg02391713,120,median
cg22620090,120,median
cg06128028,121,median
cg23602974,121,median
cg00048759,122,median
cg18691434,122,median
cg06226630,123,median
cg10242160,123,median
cg07643096,124,median
cg27642470,124,median
cg14973055,125,median
cg16358867,125,median
cg09410607,126,median
cg14556303,126,median
cg11920122,127,median
cg14612428,127,median
cg16054275,128,median
cg25256723,128,median
cg02796545,129,median
cg23132624,129,median
cg07963234,130,median
cg15448975,130,median
cg20222376,131,median
cg25533247,131,median
cg16667279,132,median
cg18582342,132,median
cg22897615,133,median
cg24125828,133,median
cg07578695,134,median
cg27513574,134,median
cg10171347,135,median
cg19355087,135,median
cg20595453,136,median
cg25371036,136,median
cg13790576,137,median
cg23469878,137,median
cg00509431,138,median
cg04721116,138,median
cg00064261,139,median
cg11689813,139,median
cg17179314,140,median
cg24369989,140,median
cg01555014,141,median
cg04093047,141,median
cg01557798,142,median
cg04193160,142,median
cg02513379,143,median
cg16454902,143,median
cg01410876,144,median
cg04731544,144,median
cg05406635,145,median
cg16717713,145,median
cg05492839,146,median
cg18417423,146,median
cg00286125,147,median
cg05368740,147,median
cg08620606,148,median
cg18097850,148,median
cg03304380,149,median
cg20536983,149,median
cg00069242,150,median
cg16271600,150,median
cg07806886,151,median
cg17321954,151,median
cg04275362,152,median
cg15676719,152,median
cg11126134,153,median
cg24891133,153,median
cg10077239,154,median
cg16117273,154,median
cg02973171,155,median
cg19320476,155,median
cg05807885,156,median
cg15962547,156,median
cg10812186,157,median
cg24055029,157,median
cg02694017,158,median
cg25235766,158,median
cg04543008,159,median
cg11334771,159,median
cg06368093,160,median
cg12259537,160,median
cg04672706,161,median
cg15186181,161,median
cg06272038,162,median
cg10526374,162,median
cg09492887,163,median
cg25288897,163,median
cg09310092,164,median
cg18450254,164,median
cg15809217,165,median
cg16171137,165,median
cg01020263,166,median
cg01243823,166,median
cg07883823,167,median
cg22117918,167,median
cg08015382,168,median
cg16201146,168,median
cg08655662,169,median
cg20263901,169,median
cg17380661,170,median
cg27252696,170,median
cg01873886,171,median
cg08046044,171,median
cg08455099,172,median
cg24871414,172,median
cg03754403,173,median
cg16615154,173,median
cg04905434,174,median
cg21638161,174,median
cg04138185,175,median
cg14096889,175,median
cg01097384,176,median
cg19389884,176,median
cg03438552,177,median
cg08998192,177,median
cg12948621,178,median
cg14166009,178,median
cg00481644,179,median
cg20738500,179,median
cg02030542,180,median
cg06911110,180,median
cg02281167,181,median
cg03771840,181,median
cg04842146,182,median
cg23649708,182,median
cg06247837,183,median
cg10986043,183,median
cg02365514,184,median
cg27499860,184,median
cg05295557,185,median
cg07115542,185,median
cg03484180,186,median
cg13072940,186,median
cg02767613,187,median
cg05347845,187,median
cg15051960,188,median
cg24942186,188,median
cg18074297,189,median
cg19200589,189,median
cg14573411,190,median
cg15922174,190,median
cg13816999,191,median
cg25246431,191,median
cg07739179,192,median
cg10172783,192,median
cg00394316,193,median
cg11983867,193,median
cg24637364,194,median
cg26963271,194,median
cg07502389,195,median
cg18267374,195,median
cg02286091,196,median
cg10660256,196,median
cg05039475,197,median
cg10796805,197,median
cg07850154,198,median
cg17621438,198,median
cg03757784,199,median
cg19064258,199,median
cg06900164,200,median
cg13218710,200,median
cg10523019,201,median
cg19451698,201,median
cg01321673,202,median
cg04485799,202,median
cg01256539,203,median
cg06526721,203,median
cg27152890,204,median
cg27553457,204,median
cg08277369,205,median
cg09259081,205,median
cg07702750,206,median
cg19929126,206,median
cg09574757,207,median
cg21517904,207,median
cg00667751,208,median
cg27304020,208,median
cg05542681,209,median
cg10791317,209,median
cg18324707,210,median
cg22428147,210,median
cg06178563,211,median
cg22265644,211,median
cg10640944,212,median
cg24531022,212,median
cg09014329,213,median
cg19935040,213,median
cg11624524,214,median
cg24667575,214,median
cg00032205,215,median
cg15747595,215,median
cg00660608,216,median
cg03084724,216,median
cg12699286,217,median
cg24500832,217,median
cg01564268,218,median
cg15825321,218,median
cg09663111,219,median
cg19155932,219,median
cg07027613,220,median
cg21990700,220,median
cg13944685,221,median
cg16385335,221,median
cg13557668,222,median
cg26664161,222,median
cg13895343,223,median
cg14854355,223,median
cg10917602,224,median
cg20010135,224,median
cg16009734,225,median
cg21683284,225,median
cg21200656,226,median
cg27147819,226,median
cg22167515,227,median
cg24139093,227,median
cg09278980,228,median
cg27639942,228,median
cg02964724,229,median
cg27252164,229,median
cg06933824,230,median
cg07485775,230,median
cg14442492,231,median
cg19419291,231,median
cg02626129,232,median
cg19863655,232,median
cg02286081,233,median
cg14356799,233,median
cg21800232,234,median
cg25316339,234,median
cg03039990,235,median
cg18186343,235,median
cg04739647,236,median
cg05167251,236,median
cg01429449,237,median
cg04452311,237,median
cg15471953,238,median
cg21925310,238,median
cg12441967,239,median
cg22059073,239,median
cg18511007,240,median
cg26942275,240,median
cg04317962,241,median
cg09422450,241,median
cg17190891,242,median
cg24707573,242,median
cg01337391,243,median
cg05544500,243,median
cg02401454,244,median
cg07703401,244,median
cg14016177,245,singleton
cg12181133,246,singleton
cg14058848,247,singleton
cg14295611,248,singleton
cg12250872,249,singleton
cg07100508,250,singleton
cg00272971,251,singleton
cg00168942,252,singleton
cg14314674,253,singleton
cg14438325,254,singleton
cg13861180,255,singleton
cg13852561,256,singleton
cg00036732,257,singleton
cg13850871,258,singleton
cg12626956,259,singleton
cg14257429,260,singleton
cg07714757,261,singleton
cg14669274,262,singleton
cg11308840,263,singleton
cg14254767,264,singleton
cg02402091,265,singleton
cg01185921,266,singleton
cg01072942,267,singleton
cg11453712,268,singleton
cg08040428,269,singleton
cg11746851,270,singleton
cg00982799,271,singleton
cg00701692,272,singleton
cg00533891,273,singleton
cg14131273,274,singleton
cg14506657,275,singleton
cg11873854,276,singleton
cg12179661,277,singleton
cg13630871,278,singleton
cg14522767,279,singleton
cg14551562,280,singleton
cg13767625,281,singleton
cg15829006,282,singleton
cg16386080,283,singleton
cg23379309,284,singleton
cg08032135,285,singleton
cg16898420,286,singleton
cg21161526,287,singleton
cg13807549,288,singleton
cg13636189,289,singleton
cg08125821,290,singleton
cg13732465,291,singleton
cg21120249,292,singleton
cg13657200,293,singleton
cg13728834,294,singleton
cg20300246,295,singleton
cg17009433,296,singleton
cg25766046,297,singleton
cg13835114,298,singleton
cg13501527,299,singleton
cg14442421,300,singleton
cg19724470,301,singleton
cg26581729,302,singleton
cg13593562,303,singleton
cg26447413,304,singleton
cg14507845,305,singleton
cg25822709,306,singleton
cg13428009,307,singleton
cg23804481,308,singleton
cg08458733,309,singleton
cg23553442,310,singleton
cg08334899,311,singleton
cg14514569,312,singleton
cg13619074,313,singleton
cg08231709,314,singleton
cg13823169,315,singleton
cg11750592,316,singleton
cg20912874,317,singleton
cg20988565,318,singleton
cg13021857,319,singleton
cg12883523,320,singleton
cg21073927,321,singleton
cg21130958,322,singleton
cg21186098,323,singleton
cg21239940,324,singleton
cg21255438,325,singleton
cg12751432,326,singleton
cg12402251,327,singleton
cg12196232,328,singleton
cg11981599,329,singleton
cg21293242,330,singleton
cg21333674,331,singleton
cg20800022,332,singleton
cg22048474,333,singleton
cg22129180,334,singleton
cg11603463,335,singleton
cg22225886,336,singleton
cg22799963,337,singleton
cg22848150,338,singleton
cg23027580,339,singleton
cg23698023,340,singleton
cg11397370,341,singleton
cg23758305,342,singleton
cg23845889,343,singleton
cg11202634,344,singleton
cg23954787,345,singleton
cg24056567,346,singleton
cg24931242,347,singleton
cg16036528,348,singleton
cg14747813,349,singleton
cg13564533,350,singleton
cg14837598,351,singleton
cg14930884,352,singleton
cg13398291,353,singleton
cg14983606,354,singleton
cg15237923,355,singleton
cg15246619,356,singleton
cg15270654,357,singleton
cg15377283,358,singleton
cg15447540,359,singleton
cg15640503,360,singleton
cg15710198,361,singleton
cg15947176,362,singleton
cg15981092,363,singleton
cg25079691,364,singleton
cg16371032,365,singleton
cg16435779,366,singleton
cg16441259,367,singleton
cg16713687,368,singleton
cg17095489,369,singleton
cg18026631,370,singleton
cg13252206,371,singleton
cg18035229,372,singleton
cg18335796,373,singleton
cg18715243,374,singleton
cg18826572,375,singleton
cg19891728,376,singleton
cg20188739,377,singleton
cg20303399,378,singleton
cg13072625,379,singleton
cg06836406,380,singleton
cg09709472,381,singleton
cg03473042,382,singleton
cg03474926,383,singleton
cg03698343,384,singleton
cg04043571,385,singleton
cg04649530,386,singleton
cg05061804,387,singleton
cg05361262,388,singleton
cg09626984,389,singleton
cg09626193,390,singleton
cg05385163,391,singleton
cg09557462,392,singleton
cg09524907,393,singleton
cg06231995,394,singleton
cg06617876,395,singleton
cg03262554,396,singleton
cg07158339,397,singleton
cg07173635,398,singleton
cg07211259,399,singleton
cg07276118,400,singleton
cg07949217,401,singleton
cg08086728,402,singleton
cg09121695,403,singleton
cg08470639,404,singleton
cg08918749,405,singleton
cg08869955,406,singleton
cg08790269,407,singleton
cg08715231,408,singleton
cg09642020,409,singleton
cg10005978,410,singleton
cg11299964,411,singleton
cg00959431,412,singleton
cg25833672,413,singleton
cg11060276,414,singleton
cg25986105,415,singleton
cg25998745,416,singleton
cg10603004,417,singleton
cg26035118,418,singleton
cg26122129,419,singleton
cg26268277,420,singleton
cg27106513,421,singleton
cg27313642,422,singleton
cg00193668,423,singleton
cg00464519,424,singleton
cg00563932,425,singleton
cg00695112,426,singleton
cg00876267,427,singleton
cg08483876,428,singleton
cg10406295,429,singleton
cg09938511,430,singleton
cg01205831,431,singleton
cg01594949,432,singleton
cg01765174,433,singleton
cg01812894,434,singleton
cg01838004,435,singleton
cg01924448,436,singleton
cg02034102,437,singleton
cg02258201,438,singleton
cg02268013,439,singleton
cg02342594,440,singleton
cg02654291,441,singleton
cg02740582,442,singleton
cg05923914,443,singleton
cg07101980,444,singleton
cg07080372,445,singleton
cg06816235,446,singleton
cg06293294,447,singleton
cg06263495,448,singleton
cg06131936,449,singleton
cg06029905,450,singleton
cg05957169,451,singleton
cg07142201,452,singleton
cg05892674,453,singleton
cg05586607,454,singleton
cg05457684,455,singleton
cg05444816,456,singleton
cg05360577,457,singleton
cg05208605,458,singleton
cg05045027,459,singleton
cg04999352,460,singleton
cg07979752,461,singleton
cg09318763,462,singleton
cg09134593,463,singleton
cg08770647,464,singleton
cg08686462,465,singleton
cg08533783,466,singleton
cg08343101,467,singleton
cg08292023,468,singleton
cg08138505,469,singleton
cg04697265,470,singleton
cg07716052,471,singleton
cg07698783,472,singleton
cg07600636,473,singleton
cg07462292,474,singleton
cg07345999,475,singleton
cg07329360,476,singleton
cg07178006,477,singleton
cg01314044,478,singleton
cg02316596,479,singleton
cg02159381,480,singleton
cg02097792,481,singleton
cg02088673,482,singleton
cg01875106,483,singleton
cg01739327,484,singleton
cg01511567,485,singleton
cg01438090,486,singleton
cg02318971,487,singleton
cg01286655,488,singleton
cg01282174,489,singleton
cg01236063,490,singleton
cg01192900,491,singleton
cg01124546,492,singleton
cg01102854,493,singleton
cg00757070,494,singleton
cg03638795,495,singleton
cg04695027,496,singleton
cg04666029,497,singleton
cg04321396,498,singleton
cg04172497,499,singleton
cg04104132,500,singleton
cg03923934,501,singleton
cg03854796,502,singleton
cg03845289,503,singleton
cg09342225,504,singleton
cg03572680,505,singleton
cg03103661,506,singleton
cg03029752,507,singleton
cg02994974,508,singleton
cg02925222,509,singleton
cg02780919,510,singleton
cg02677946,511,singleton
cg16509978,512,singleton
cg17592231,513,singleton
cg17479956,514,singleton
cg17381377,515,singleton
cg17277529,516,singleton
cg17092519,517,singleton
cg16983588,518,singleton
cg16933224,519,singleton
cg16770368,520,singleton
cg18393958,521,singleton
cg16509239,522,singleton
cg16407471,523,singleton
cg16402814,524,singleton
cg15970259,525,singleton
cg15829826,526,singleton
cg15763258,527,singleton
cg15538427,528,singleton
cg14934413,529,singleton
cg19589811,530,singleton
cg20782778,531,singleton
cg20346726,532,singleton
cg20216139,533,singleton
cg20084652,534,singleton
cg19926902,535,singleton
cg19809039,536,singleton
cg19674669,537,singleton
cg19668951,538,singleton
cg14480266,539,singleton
cg19020830,540,singleton
cg18950778,541,singleton
cg18879828,542,singleton
cg18877285,543,singleton
cg18801806,544,singleton
cg18722841,545,singleton
cg18698884,546,singleton
cg10000952,547,singleton
cg11260848,548,singleton
cg10891482,549,singleton
cg10890346,550,singleton
cg10713715,551,singleton
cg10290276,552,singleton
cg10076902,553,singleton
cg10068989,554,singleton
cg10001186,555,singleton
cg11263364,556,singleton
cg09785586,557,singleton
cg09706243,558,singleton
cg09673208,559,singleton
cg09661809,560,singleton
cg09633579,561,singleton
cg09585333,562,singleton
cg09419102,563,singleton
cg12711760,564,singleton
cg14144305,565,singleton
cg14039301,566,singleton
cg13806741,567,singleton
cg13625026,568,singleton
cg13452386,569,singleton
cg12782992,570,singleton
cg12776156,571,singleton
cg12758687,572,singleton
cg00609834,573,singleton
cg12298445,574,singleton
cg12189835,575,singleton
cg11930477,576,singleton
cg11772171,577,singleton
cg11741201,578,singleton
cg11735997,579,singleton
cg11718317,580,singleton
cg09558425,581,singleton
cg11438428,582,singleton
cg11310639,583,singleton
cg11228126,584,singleton
cg10765471,585,singleton
cg10684486,586,singleton
cg10648197,587,singleton
cg09890775,588,singleton
cg09758680,589,singleton
cg11612647,590,singleton
cg09038267,591,singleton
cg08949408,592,singleton
cg08529882,593,singleton
cg08461586,594,singleton
cg08361126,595,singleton
cg08293528,596,singleton
cg08231189,597,singleton
cg08218734,598,singleton
cg13905757,599,singleton
cg15298486,600,singleton
cg15081351,601,singleton
cg14990643,602,singleton
cg14826456,603,singleton
cg14737286,604,singleton
cg14731462,605,singleton
cg14720763,606,singleton
cg14209784,607,singleton
cg07906193,608,singleton
cg13848598,609,singleton
cg13605327,610,singleton
cg12483947,611,singleton
cg12261786,612,singleton
cg12098963,613,singleton
cg11793631,614,singleton
cg11770664,615,singleton
cg03471571,616,singleton
cg05324516,617,singleton
cg04846036,618,singleton
cg04621893,619,singleton
cg04609350,620,singleton
cg04154276,621,singleton
cg03755123,622,singleton
cg03740167,623,singleton
cg03546235,624,singleton
cg05329352,625,singleton
cg27501458,626,singleton
cg03427299,627,singleton
cg03211864,628,singleton
cg03013070,629,singleton
cg02851873,630,singleton
cg02728050,631,singleton
cg02632200,632,singleton
cg06908778,633,singleton
cg07779444,634,singleton
cg07637213,635,singleton
cg07621046,636,singleton
cg07525420,637,singleton
cg07236840,638,singleton
cg07191657,639,singleton
cg07140468,640,singleton
cg07042289,641,singleton
cg15353031,642,singleton
cg06370069,643,singleton
cg06291867,644,singleton
cg06188744,645,singleton
cg06073351,646,singleton
cg06027843,647,singleton
cg05825420,648,singleton
cg05575054,649,singleton
cg23679471,650,singleton
cg25637829,651,singleton
cg25427880,652,singleton
cg25153759,653,singleton
cg24892069,654,singleton
cg24711336,655,singleton
cg24446932,656,singleton
cg24350475,657,singleton
cg23786625,658,singleton
cg25756406,659,singleton
cg23656300,660,singleton
cg23635429,661,singleton
cg23341182,662,singleton
cg23149300,663,singleton
cg22998476,664,singleton
cg22962982,665,singleton
cg22800233,666,singleton
cg26883033,667,singleton
cg00524486,668,singleton
cg00358611,669,singleton
cg00350448,670,singleton
cg00202702,671,singleton
cg27438128,672,singleton
cg27408540,673,singleton
cg27290215,674,singleton
cg27010834,675,singleton
cg22796593,676,singleton
cg26879203,677,singleton
cg26763486,678,singleton
cg26610808,679,singleton
cg26483332,680,singleton
cg26339504,681,singleton
cg26296364,682,singleton
cg25802093,683,singleton
cg16570507,684,singleton
cg18240400,685,singleton
cg18237330,686,singleton
cg17713910,687,singleton
cg17328514,688,singleton
cg17303833,689,singleton
cg17011709,690,singleton
cg16976662,691,singleton
cg16954727,692,singleton
cg18346182,693,singleton
cg16358099,694,singleton
cg16228323,695,singleton
cg16066219,696,singleton
cg15903032,697,singleton
cg15762032,698,singleton
cg15583492,699,singleton
cg15428620,700,singleton
cg19358493,701,singleton
cg22655696,702,singleton
cg20430077,703,singleton
cg20382695,704,singleton
cg20130213,705,singleton
cg20012537,706,singleton
cg19876672,707,singleton
cg19873536,708,singleton
cg19499581,709,singleton
cg02461363,710,singleton
cg19335412,711,singleton
cg19048251,712,singleton
cg19014941,713,singleton
cg18964775,714,singleton
cg18809289,715,singleton
cg18786171,716,singleton
cg18738190,717,singleton
cg05380821,718,singleton
cg06495131,719,singleton
cg06470822,720,singleton
cg06462220,721,singleton
cg06126421,722,singleton
cg05977992,723,singleton
cg05758246,724,singleton
cg05571970,725,singleton
cg05463027,726,singleton
cg06545143,727,singleton
cg05316627,728,singleton
cg05215925,729,singleton
cg05139788,730,singleton
cg04772644,731,singleton
cg04692403,732,singleton
cg04611812,733,singleton
cg04581938,734,singleton
cg04424621,735,singleton
cg08263708,736,singleton
cg09046055,737,singleton
cg08995556,738,singleton
cg08983097,739,singleton
cg08784091,740,singleton
cg08649201,741,singleton
cg08541518,742,singleton
cg08510658,743,singleton
cg08409562,744,singleton
cg04334016,745,singleton
cg08248751,746,singleton
cg07811644,747,singleton
cg07747616,748,singleton
cg07570142,749,singleton
cg06793562,750,singleton
cg06762457,751,singleton
cg06685111,752,singleton
cg06649410,753,singleton
cg01850269,754,singleton
cg03131171,755,singleton
cg03037030,756,singleton
cg03016906,757,singleton
cg02844545,758,singleton
cg02447229,759,singleton
cg02386403,760,singleton
cg02008912,761,singleton
cg01889237,762,singleton
cg03149958,763,singleton
cg01820962,764,singleton
cg01815538,765,singleton
cg01804382,766,singleton
cg01749249,767,singleton
cg01617695,768,singleton
cg01610857,769,singleton
cg01526854,770,singleton
cg01506917,771,singleton
cg03815358,772,singleton
cg04282694,773,singleton
cg04247603,774,singleton
cg04139449,775,singleton
cg04052934,776,singleton
cg04021562,777,singleton
cg04002618,778,singleton
cg03883502,779,singleton
cg03830329,780,singleton
cg09130091,781,singleton
cg03735592,782,singleton
cg03731828,783,singleton
cg03715143,784,singleton
cg03361164,785,singleton
cg03350900,786,singleton
cg03320827,787,singleton
cg03301848,788,singleton
cg03169508,789,singleton
cg17605021,790,singleton
cg18505959,791,singleton
cg18501647,792,singleton
cg18366209,793,singleton
cg18183242,794,singleton
cg17991695,795,singleton
cg17784808,796,singleton
cg17781313,797,singleton
cg17626960,798,singleton
cg18528367,799,singleton
cg17593342,800,singleton
cg17470942,801,singleton
cg17199007,802,singleton
cg16655791,803,singleton
cg16604233,804,singleton
cg16569273,805,singleton
cg16042259,806,singleton
cg15931839,807,singleton
cg19509330,808,singleton
cg20431250,809,singleton
cg20359994,810,singleton
cg20336981,811,singleton
cg20232986,812,singleton
cg20052760,813,singleton
cg19951298,814,singleton
cg19815376,815,singleton
cg19620724,816,singleton
cg15855970,817,singleton
cg19489494,818,singleton
cg19204131,819,singleton
cg18928900,820,singleton
cg18882457,821,singleton
cg18651026,822,singleton
cg18635670,823,singleton
cg18569734,824,singleton
cg18568843,825,singleton
cg09829319,826,singleton
cg12394289,827,singleton
cg12315353,828,singleton
cg12279419,829,singleton
cg11784631,830,singleton
cg11611097,831,singleton
cg11529128,832,singleton
cg11052202,833,singleton
cg10805721,834,singleton
cg12838303,835,singleton
cg09817427,836,singleton
cg09715059,837,singleton
cg09701702,838,singleton
cg09676013,839,singleton
cg09644065,840,singleton
cg09524396,841,singleton
cg09516476,842,singleton
cg09283154,843,singleton
cg14082127,844,singleton
cg15414930,845,singleton
cg15324651,846,singleton
cg15219685,847,singleton
cg14986464,848,singleton
cg14732248,849,singleton
cg14717557,850,singleton
cg14605874,851,singleton
cg14338916,852,singleton
cg01459063,853,singleton
cg14015015,854,singleton
cg13959344,855,singleton
cg13826452,856,singleton
cg13784235,857,singleton
cg13365524,858,singleton
cg13347970,859,singleton
cg13338798,860,singleton
cg13039251,861,singleton
cg14314729,862,singleton
cg14223293,863,singleton
cg14081218,864,singleton
cg13982098,865,singleton
cg13900817,866,singleton
cg13576330,867,singleton
cg13408430,868,singleton
cg13379794,869,singleton
cg14319409,870,singleton
cg12991050,871,singleton
cg12928668,872,singleton
cg12619504,873,singleton
cg12440258,874,singleton
cg12238343,875,singleton
cg12065579,876,singleton
cg11965976,877,singleton
cg11700800,878,singleton
cg15037004,879,singleton
cg16276108,880,singleton
cg16182986,881,singleton
cg15936446,882,singleton
cg15637484,883,singleton
cg15557878,884,singleton
cg15528437,885,singleton
cg15499368,886,singleton
cg15105206,887,singleton
cg11468819,888,singleton
cg14981137,889,singleton
cg14958635,890,singleton
cg14874742,891,singleton
cg14859460,892,singleton
cg14819891,893,singleton
cg14636534,894,singleton
cg14566959,895,singleton
cg14519115,896,singleton
cg08392199,897,singleton
cg09553242,898,singleton
cg09510752,899,singleton
cg09336320,900,singleton
cg09178678,901,singleton
cg09129100,902,singleton
cg09073398,903,singleton
cg08587542,904,singleton
cg08570034,905,singleton
cg09560082,906,singleton
cg08350776,907,singleton
cg08292467,908,singleton
cg08234504,909,singleton
cg07862358,910,singleton
cg07851675,911,singleton
cg07804076,912,singleton
cg07666840,913,singleton
cg07484354,914,singleton
cg10591652,915,singleton
cg11368643,916,singleton
cg11248413,917,singleton
cg11064966,918,singleton
cg10874644,919,singleton
cg10832108,920,singleton
cg10806236,921,singleton
cg10730712,922,singleton
cg10608615,923,singleton
cg16561756,924,singleton
cg10590857,925,singleton
cg10495047,926,singleton
cg10476085,927,singleton
cg10475970,928,singleton
cg10472919,929,singleton
cg10331779,930,singleton
cg10047595,931,singleton
cg09734380,932,singleton
cg26513304,933,singleton
cg00176709,934,singleton
cg27656362,935,singleton
cg27587195,936,singleton
cg27061971,937,singleton
cg26921969,938,singleton
cg26896762,939,singleton
cg26627769,940,singleton
cg26578682,941,singleton
cg00229387,942,singleton
cg26509691,943,singleton
cg26403171,944,singleton
cg26316599,945,singleton
cg26088662,946,singleton
cg25332357,947,singleton
cg25302419,948,singleton
cg25103492,949,singleton
cg24937280,950,singleton
cg00792966,951,singleton
cg01269620,952,singleton
cg01230796,953,singleton
cg01205011,954,singleton
cg01176947,955,singleton
cg01146808,956,singleton
cg01141812,957,singleton
cg01093363,958,singleton
cg01019028,959,singleton
cg24712501,960,singleton
cg00766914,961,singleton
cg00741333,962,singleton
cg00609135,963,singleton
cg00604202,964,singleton
cg00590036,965,singleton
cg00486113,966,singleton
cg00474328,967,singleton
cg00434010,968,singleton
cg18295183,969,singleton
cg21269843,970,singleton
cg21231400,971,singleton
cg21214293,972,singleton
cg20536364,973,singleton
cg19513071,974,singleton
cg19500607,975,singleton
cg18603028,976,singleton
cg18358723,977,singleton
cg21919857,978,singleton
cg18263365,979,singleton
cg18089852,980,singleton
cg18054674,981,singleton
cg18034299,982,singleton
cg18032969,983,singleton
cg17928883,984,singleton
cg17593472,985,singleton
cg16600634,986,singleton
cg23303408,987,singleton
cg24304919,988,singleton
cg24082677,989,singleton
cg24076884,990,singleton
cg23954268,991,singleton
cg23713079,992,singleton
cg23652182,993,singleton
cg23625660,994,singleton
cg23454038,995,singleton
cg20437276,996,singleton
cg23288973,997,singleton
cg22788465,998,singleton
cg22519422,999,singleton
cg22464105,1000,singleton
cg22197830,1001,singleton
cg22108469,1002,singleton
cg21960680,1003,singleton
cg17632372,1004,singleton
cg19595505,1005,singleton
cg19389953,1006,singleton
cg19198568,1007,singleton
cg18505401,1008,singleton
cg18395623,1009,singleton
cg18325389,1010,singleton
cg18113734,1011,singleton
cg18064714,1012,singleton
cg19663246,1013,singleton
cg17372101,1014,singleton
cg17326451,1015,singleton
cg17199800,1016,singleton
cg17136255,1017,singleton
cg16924616,1018,singleton
cg16888547,1019,singleton
cg16810343,1020,singleton
cg16555537,1021,singleton
cg20942223,1022,singleton
cg21773142,1023,singleton
cg21700772,1024,singleton
cg21572621,1025,singleton
cg21406967,1026,singleton
cg21229153,1027,singleton
cg21186955,1028,singleton
cg21184711,1029,singleton
cg21051580,1030,singleton
cg16494530,1031,singleton
cg20842326,1032,singleton
cg20801476,1033,singleton
cg20692569,1034,singleton
cg20665157,1035,singleton
cg20347882,1036,singleton
cg20176648,1037,singleton
cg20170989,1038,singleton
cg19828791,1039,singleton
cg12534424,1040,singleton
cg13677571,1041,singleton
cg13665684,1042,singleton
cg13630131,1043,singleton
cg13486406,1044,singleton
cg13319711,1045,singleton
cg13210467,1046,singleton
cg13080716,1047,singleton
cg12627948,1048,singleton
cg13870866,1049,singleton
cg12526474,1050,singleton
cg12467749,1051,singleton
cg12353688,1052,singleton
cg11719362,1053,singleton
cg11573518,1054,singleton
cg11494773,1055,singleton
cg11279021,1056,singleton
cg10997627,1057,singleton
cg15285250,1058,singleton
cg16373229,1059,singleton
cg16110788,1060,singleton
cg16035633,1061,singleton
cg15893346,1062,singleton
cg15732768,1063,singleton
cg15730857,1064,singleton
cg15647515,1065,singleton
cg15572489,1066,singleton
cg22309923,1067,singleton
cg15199678,1068,singleton
cg14989226,1069,singleton
cg14428048,1070,singleton
cg14314029,1071,singleton
cg14304469,1072,singleton
cg14175438,1073,singleton
cg14141380,1074,singleton
cg13931228,1075,singleton
cg03485669,1076,singleton
cg04674956,1077,singleton
cg04559779,1078,singleton
cg04500377,1079,singleton
cg04436528,1080,singleton
cg03843972,1081,singleton
cg03759824,1082,singleton
cg03751030,1083,singleton
cg03613618,1084,singleton
cg04717143,1085,singleton
cg03348397,1086,singleton
cg03090969,1087,singleton
cg03080142,1088,singleton
cg03024720,1089,singleton
cg02761376,1090,singleton
cg02726121,1091,singleton
cg02707357,1092,singleton
cg02639634,1093,singleton
cg06066137,1094,singleton
cg07516483,1095,singleton
cg07358855,1096,singleton
cg07125243,1097,singleton
cg07104660,1098,singleton
cg06868946,1099,singleton
cg06704518,1100,singleton
cg06518628,1101,singleton
cg06455149,1102,singleton
cg02416510,1103,singleton
cg05996052,1104,singleton
cg05868512,1105,singleton
cg05742247,1106,singleton
cg05740045,1107,singleton
cg05511722,1108,singleton
cg05490029,1109,singleton
cg05419198,1110,singleton
cg04838988,1111,singleton
cg23920642,1112,singleton
cg26122963,1113,singleton
cg25793051,1114,singleton
cg25544461,1115,singleton
cg25377206,1116,singleton
cg25311470,1117,singleton
cg24853724,1118,singleton
cg24633312,1119,singleton
cg24440468,1120,singleton
cg26153045,1121,singleton
cg23677657,1122,singleton
cg23531488,1123,singleton
cg23514936,1124,singleton
cg23428445,1125,singleton
cg23141855,1126,singleton
cg22543892,1127,singleton
cg22374237,1128,singleton
cg22348673,1129,singleton
cg00582628,1130,singleton
cg02399048,1131,singleton
cg02303505,1132,singleton
cg02254885,1133,singleton
cg01482645,1134,singleton
cg01295203,1135,singleton
cg00614182,1136,singleton
cg00595237,1137,singleton
cg00585714,1138,singleton
cg10981065,1139,singleton
cg00394180,1140,singleton
cg00337440,1141,singleton
cg00303982,1142,singleton
cg27367526,1143,singleton
cg27275553,1144,singleton
cg26949393,1145,singleton
cg26669717,1146,singleton
cg26103587,1147,singleton
cg26755141,1148,singleton
cg26718511,1149,singleton
cg26543112,1150,singleton
cg26449787,1151,singleton
cg26325867,1152,singleton
cg26290219,1153,singleton
cg26248075,1154,singleton
cg26129669,1155,singleton
cg27042983,1156,singleton
cg25968437,1157,singleton
cg25861699,1158,singleton
cg25843346,1159,singleton
cg25459450,1160,singleton
cg25397973,1161,singleton
cg25140607,1162,singleton
cg24865270,1163,singleton
cg24717325,1164,singleton
cg00548268,1165,singleton
cg01309744,1166,singleton
cg01306563,1167,singleton
cg01050885,1168,singleton
cg00992850,1169,singleton
cg00903099,1170,singleton
cg00817377,1171,singleton
cg00733493,1172,singleton
cg00564163,1173,singleton
cg24698655,1174,singleton
cg00533407,1175,singleton
cg00503840,1176,singleton
cg00277397,1177,singleton
cg00029246,1178,singleton
cg27535757,1179,singleton
cg27289153,1180,singleton
cg27198696,1181,singleton
cg27057509,1182,singleton
cg20997792,1183,singleton
cg22133973,1184,singleton
cg22112841,1185,singleton
cg22008851,1186,singleton
cg21860429,1187,singleton
cg21727532,1188,singleton
cg21527370,1189,singleton
cg21317965,1190,singleton
cg21306006,1191,singleton
cg22159171,1192,singleton
cg20974826,1193,singleton
cg20916535,1194,singleton
cg20813374,1195,singleton
cg20724257,1196,singleton
cg20624391,1197,singleton
cg20553124,1198,singleton
cg20543183,1199,singleton
cg20498637,1200,singleton
cg23517605,1201,singleton
cg24644551,1202,singleton
cg24641186,1203,singleton
cg24587080,1204,singleton
cg24239961,1205,singleton
cg24159636,1206,singleton
cg23740491,1207,singleton
cg23688510,1208,singleton
cg23676151,1209,singleton
cg01401327,1210,singleton
cg23174607,1211,singleton
cg23100720,1212,singleton
cg23077029,1213,singleton
cg22736354,1214,singleton
cg22719623,1215,singleton
cg22581361,1216,singleton
cg22577701,1217,singleton
cg06388730,1218,singleton
cg07380959,1219,singleton
cg07309764,1220,singleton
cg07255674,1221,singleton
cg07115767,1222,singleton
cg06942110,1223,singleton
cg07336617,1224,singleton
cg06781608,1225,singleton
cg06555468,1226,singleton
cg07703358,1227,singleton
cg06277657,1228,singleton
cg06243400,1229,singleton
cg06239726,1230,singleton
cg06010020,1231,singleton
cg05724065,1232,singleton
cg05380019,1233,singleton
cg05158615,1234,singleton
cg05142373,1235,singleton
cg08738403,1236,singleton
cg10883303,1237,singleton
cg10778441,1238,singleton
cg10717290,1239,singleton
cg10691866,1240,singleton
cg10691109,1241,singleton
cg09748749,1242,singleton
cg09499629,1243,singleton
cg08904363,1244,singleton
cg05045981,1245,singleton
cg08713098,1246,singleton
cg08637618,1247,singleton
cg08550101,1248,singleton
cg08528826,1249,singleton
cg08352439,1250,singleton
cg08337633,1251,singleton
cg07981013,1252,singleton
cg07959771,1253,singleton
cg02412346,1254,singleton
cg02729030,1255,singleton
cg02624770,1256,singleton
cg02530350,1257,singleton
cg02530022,1258,singleton
cg02524946,1259,singleton
cg02506717,1260,singleton
cg02456087,1261,singleton
cg02440744,1262,singleton
cg02979224,1263,singleton
cg02383785,1264,singleton
cg02285887,1265,singleton
cg02203656,1266,singleton
cg01963002,1267,singleton
cg01914621,1268,singleton
cg01807131,1269,singleton
cg01493685,1270,singleton
cg01429360,1271,singleton
cg04088697,1272,singleton
cg05009601,1273,singleton
cg04955333,1274,singleton
cg04819580,1275,singleton
cg04528819,1276,singleton
cg04427498,1277,singleton
cg04292993,1278,singleton
cg04218035,1279,singleton
cg04098052,1280,singleton
cg07583137,1281,singleton
cg04084157,1282,singleton
cg03775422,1283,singleton
cg03584351,1284,singleton
cg03473532,1285,singleton
cg03333330,1286,singleton
cg03289906,1287,singleton
cg03179542,1288,singleton
cg21325715,1289,singleton
cg22156456,1290,singleton
cg21922223,1291,singleton
cg21706229,1292,singleton
cg21692159,1293,singleton
cg21584710,1294,singleton
cg21515349,1295,singleton
cg21452942,1296,singleton
cg21437548,1297,singleton
cg22361181,1298,singleton
cg21280392,1299,singleton
cg21095561,1300,singleton
cg20752878,1301,singleton
cg20637609,1302,singleton
cg20629183,1303,singleton
cg20556951,1304,singleton
cg20303331,1305,singleton
cg20189674,1306,singleton
cg24212517,1307,singleton
cg26211349,1308,singleton
cg26094554,1309,singleton
cg25918821,1310,singleton
cg25537245,1311,singleton
cg24847230,1312,singleton
cg24711367,1313,singleton
cg24434387,1314,singleton
cg24394631,1315,singleton
cg20067719,1316,singleton
cg24082871,1317,singleton
cg23960707,1318,singleton
cg23950157,1319,singleton
cg23663547,1320,singleton
cg23490727,1321,singleton
cg23488804,1322,singleton
cg23103688,1323,singleton
cg16477091,1324,singleton
cg17832704,1325,singleton
cg17523868,1326,singleton
cg17471928,1327,singleton
cg17255712,1328,singleton
cg17228560,1329,singleton
cg17024199,1330,singleton
cg16700282,1331,singleton
cg16652063,1332,singleton
cg18255166,1333,singleton
cg16347279,1334,singleton
cg16135698,1335,singleton
cg15704699,1336,singleton
cg15557036,1337,singleton
cg15182790,1338,singleton
cg15001747,1339,singleton
cg15000379,1340,singleton
cg14901671,1341,singleton
cg19179801,1342,singleton
cg19804488,1343,singleton
cg19761273,1344,singleton
cg19758448,1345,singleton
cg19697725,1346,singleton
cg19587434,1347,singleton
cg19539667,1348,singleton
cg19413066,1349,singleton
cg19408882,1350,singleton
cg26628907,1351,singleton
cg19031565,1352,singleton
cg18760496,1353,singleton
cg18647570,1354,singleton
cg18618815,1355,singleton
cg18490846,1356,singleton
cg18363008,1357,singleton
cg18268547,1358,singleton
cg21375294,1359,singleton
cg25112291,1360,singleton
cg24217948,1361,singleton
cg23718736,1362,singleton
cg23505303,1363,singleton
cg23484392,1364,singleton
cg22105145,1365,singleton
cg21469505,1366,singleton
cg21381065,1367,singleton
cg25453381,1368,singleton
cg20026939,1369,singleton
cg19560701,1370,singleton
cg19558029,1371,singleton
cg18989081,1372,singleton
cg18139195,1373,singleton
cg17299899,1374,singleton
cg17243289,1375,singleton
cg17143518,1376,singleton
cg02100819,1377,singleton
cg02997982,1378,singleton
cg02428119,1379,singleton
cg02406092,1380,singleton
cg02385167,1381,singleton
cg02343318,1382,singleton
cg02301740,1383,singleton
cg02250846,1384,singleton
cg02189888,1385,singleton
cg16762684,1386,singleton
cg01330060,1387,singleton
cg01055871,1388,singleton
cg00863306,1389,singleton
cg00298065,1390,singleton
cg00008033,1391,singleton
cg26914205,1392,singleton
cg26355573,1393,singleton
cg02250594,1394,singleton
cg06544405,1395,singleton
cg05568490,1396,singleton
cg05328197,1397,singleton
cg05176991,1398,singleton
cg04908789,1399,singleton
cg04017533,1400,singleton
cg03599357,1401,singleton
cg02360939,1402,singleton
cg06641153,1403,singleton
cg01059449,1404,singleton
cg00525823,1405,singleton
cg00399483,1406,singleton
cg27401724,1407,singleton
cg26918577,1408,singleton
cg26748477,1409,singleton
cg26631505,1410,singleton
cg11154070,1411,singleton
cg16547027,1412,singleton
cg16501308,1413,singleton
cg16423682,1414,singleton
cg16193295,1415,singleton
cg15536830,1416,singleton
cg15393702,1417,singleton
cg15215560,1418,singleton
cg13690424,1419,singleton
cg14719333,1420,singleton
cg11082907,1421,singleton
cg10717463,1422,singleton
cg09275869,1423,singleton
cg08076830,1424,singleton
cg07858908,1425,singleton
cg07653946,1426,singleton
cg07300558,1427,singleton
cg00062245,1428,singleton
cg00934987,1429,singleton
cg00873351,1430,singleton
cg00524443,1431,singleton
cg00462994,1432,singleton
cg00158333,1433,singleton
cg00101260,1434,singleton
cg00081324,1435,singleton
cg00072720,1436,singleton
cg00960395,1437,singleton
cg27409771,1438,singleton
cg27282264,1439,singleton
cg27269561,1440,singleton
cg27151362,1441,singleton
cg27122536,1442,singleton
cg27093871,1443,singleton
cg27038676,1444,singleton
cg27017172,1445,singleton
cg01676322,1446,singleton
cg03363743,1447,singleton
cg03114057,1448,singleton
cg02867102,1449,singleton
cg02721902,1450,singleton
cg02550119,1451,singleton
cg02503376,1452,singleton
cg02489908,1453,singleton
cg02129603,1454,singleton
cg27015931,1455,singleton
cg01622018,1456,singleton
cg01620309,1457,singleton
cg01538166,1458,singleton
cg01502244,1459,singleton
cg01497613,1460,singleton
cg01461824,1461,singleton
cg01222316,1462,singleton
cg09882901,1463,singleton
cg12688670,1464,singleton
cg11919694,1465,singleton
cg11667754,1466,singleton
cg11419186,1467,singleton
cg11220950,1468,singleton
cg11181171,1469,singleton
cg10424974,1470,singleton
cg10297473,1471,singleton
cg13494498,1472,singleton
cg09825093,1473,singleton
cg09816471,1474,singleton
cg09794131,1475,singleton
cg09780767,1476,singleton
cg09567725,1477,singleton
cg09308553,1478,singleton
cg09234672,1479,singleton
cg20751926,1480,singleton
cg26808293,1481,singleton
cg26787199,1482,singleton
cg26770907,1483,singleton
cg26648818,1484,singleton
cg26489497,1485,singleton
cg26470798,1486,singleton
cg22947000,1487,singleton
cg21530890,1488,singleton
cg03385864,1489,singleton
cg18867659,1490,singleton
cg16622061,1491,singleton
cg16075504,1492,singleton
cg16031065,1493,singleton
cg14676592,1494,singleton
cg14585371,1495,singleton
cg14244577,1496,singleton
cg11024682,1497,singleton
cg12116288,1498,singleton
cg11993754,1499,singleton
cg11992940,1500,singleton
cg11909912,1501,singleton
cg11769332,1502,singleton
cg11622162,1503,singleton
cg11447922,1504,singleton
cg11331344,1505,singleton
cg12197142,1506,singleton
cg10606834,1507,singleton
cg10277912,1508,singleton
cg09808774,1509,singleton
cg09164913,1510,singleton
cg08810238,1511,singleton
cg08301612,1512,singleton
cg08223837,1513,singleton
cg08090640,1514,singleton
cg13390332,1515,singleton
cg14609289,1516,singleton
cg14431361,1517,singleton
cg14265068,1518,singleton
cg14202850,1519,singleton
cg13944018,1520,singleton
cg13918518,1521,singleton
cg13683374,1522,singleton
cg13675837,1523,singleton
cg07963349,1524,singleton
cg13029847,1525,singleton
cg12798194,1526,singleton
cg12779301,1527,singleton
cg12739664,1528,singleton
cg12533496,1529,singleton
cg12467933,1530,singleton
cg12350474,1531,singleton
cg04055490,1532,singleton
cg04439252,1533,singleton
cg04305399,1534,singleton
cg04304770,1535,singleton
cg04303382,1536,singleton
cg04209460,1537,singleton
cg04193015,1538,singleton
cg04169021,1539,singleton
cg04157263,1540,singleton
cg04544699,1541,singleton
cg03902729,1542,singleton
cg03752138,1543,singleton
cg03671597,1544,singleton
cg03643998,1545,singleton
cg03572011,1546,singleton
cg03508063,1547,singleton
cg03431918,1548,singleton
cg06419432,1549,singleton
cg07169873,1550,singleton
cg06971092,1551,singleton
cg06874016,1552,singleton
cg06769994,1553,singleton
cg06700275,1554,singleton
cg06681768,1555,singleton
cg06638433,1556,singleton
cg06474661,1557,singleton
cg03172991,1558,singleton
cg06163904,1559,singleton
cg05668853,1560,singleton
cg05379350,1561,singleton
cg05210615,1562,singleton
cg04971534,1563,singleton
cg04890576,1564,singleton
cg04766061,1565,singleton
cg17729667,1566,singleton
cg19753867,1567,singleton
cg19702785,1568,singleton
cg19284211,1569,singleton
cg18808904,1570,singleton
cg18725681,1571,singleton
cg18396157,1572,singleton
cg17832991,1573,singleton
cg17737621,1574,singleton
cg20277905,1575,singleton
cg17409313,1576,singleton
cg16390060,1577,singleton
cg16321524,1578,singleton
cg16205854,1579,singleton
cg15743533,1580,singleton
cg15001687,1581,singleton
cg13279927,1582,singleton
cg12338552,1583,singleton
cg24236591,1584,singleton
cg00871610,1585,singleton
cg00686880,1586,singleton
cg26332061,1587,singleton
cg26186239,1588,singleton
cg26137868,1589,singleton
cg26126740,1590,singleton
cg24504569,1591,singleton
cg24403644,1592,singleton
cg11866756,1593,singleton
cg24168221,1594,singleton
cg23695133,1595,singleton
cg23581541,1596,singleton
cg23534245,1597,singleton
cg22709307,1598,singleton
cg22468075,1599,singleton
cg21343919,1600,singleton
cg04348305,1601,singleton
cg06739520,1602,singleton
cg06680481,1603,singleton
cg06369624,1604,singleton
cg06228507,1605,singleton
cg06132069,1606,singleton
cg05936441,1607,singleton
cg05205351,1608,singleton
cg04555665,1609,singleton
cg07215199,1610,singleton
cg03758021,1611,singleton
cg03511041,1612,singleton
cg03495011,1613,singleton
cg03224418,1614,singleton
cg03206537,1615,singleton
cg03055693,1616,singleton
cg02979923,1617,singleton
cg02898293,1618,singleton
cg08582485,1619,singleton
cg11769163,1620,singleton
cg11703632,1621,singleton
cg11436113,1622,singleton
cg11367633,1623,singleton
cg10625705,1624,singleton
cg10481065,1625,singleton
cg09088834,1626,singleton
cg08878177,1627,singleton
cg01007374,1628,singleton
cg08463758,1629,singleton
cg07991288,1630,singleton
cg07676002,1631,singleton
cg07609788,1632,singleton
cg07400877,1633,singleton
cg07258627,1634,singleton
cg07247419,1635,singleton
cg05114959,1636,singleton
cg12451153,1637,singleton
cg12373771,1638,singleton
cg12078929,1639,singleton
cg08415592,1640,singleton
cg07127410,1641,singleton
cg06623197,1642,singleton
cg06561329,1643,singleton
cg05442902,1644,singleton
cg13020518,1645,singleton
cg04976697,1646,singleton
cg04800681,1647,singleton
cg03972838,1648,singleton
cg02792538,1649,singleton
cg02713951,1650,singleton
cg02583938,1651,singleton
cg02412616,1652,singleton
cg01949403,1653,singleton
cg20773033,1654,singleton
cg00001583,1655,singleton
cg27166177,1656,singleton
cg26373518,1657,singleton
cg23850277,1658,singleton
cg23124451,1659,singleton
cg22982767,1660,singleton
cg21840875,1661,singleton
cg21064451,1662,singleton
cg01912455,1663,singleton
cg20256245,1664,singleton
cg19816290,1665,singleton
cg15383276,1666,singleton
cg15379633,1667,singleton
cg14398464,1668,singleton
cg14127659,1669,singleton
cg14095048,1670,singleton
cg06171420,1671,singleton
cg13524919,1672,singleton
cg12409525,1673,singleton
cg10850930,1674,singleton
cg10803722,1675,singleton
cg10722799,1676,singleton
cg10636297,1677,singleton
cg10572943,1678,singleton
cg08247806,1679,singleton
cg14374829,1680,singleton
cg05762769,1681,singleton
cg05156137,1682,singleton
cg04965987,1683,singleton
cg04753583,1684,singleton
cg03876085,1685,singleton
cg03431738,1686,singleton
cg01605783,1687,singleton
cg00040575,1688,singleton
cg01806921,1689,singleton
cg01514353,1690,singleton
cg01234420,1691,singleton
cg01127300,1692,singleton
cg00947744,1693,singleton
cg00725138,1694,singleton
cg00419702,1695,singleton
cg00058879,1696,singleton
cg02151301,1697,singleton
cg23089840,1698,singleton
cg21152177,1699,singleton
cg20269359,1700,singleton
cg18371700,1701,singleton
cg16345647,1702,singleton
cg14947929,1703,singleton
cg14394939,1704,singleton
cg10743390,1705,singleton
cg12068124,1706,singleton
cg12018403,1707,singleton
cg11998703,1708,singleton
cg11846956,1709,singleton
cg11749828,1710,singleton
cg11558731,1711,singleton
cg11521325,1712,singleton
cg10962535,1713,singleton
cg12078229,1714,singleton
cg10695490,1715,singleton
cg10601582,1716,singleton
cg10498798,1717,singleton
cg10490206,1718,singleton
cg10313673,1719,singleton
cg10286380,1720,singleton
cg10190416,1721,singleton
cg10052840,1722,singleton
cg13434396,1723,singleton
cg14770827,1724,singleton
cg14719352,1725,singleton
cg14284824,1726,singleton
cg14254534,1727,singleton
cg14074174,1728,singleton
cg13672300,1729,singleton
cg13640414,1730,singleton
cg13455326,1731,singleton
cg09461728,1732,singleton
cg13393785,1733,singleton
cg12946225,1734,singleton
cg12776966,1735,singleton
cg12706938,1736,singleton
cg12580096,1737,singleton
cg12163871,1738,singleton
cg12110750,1739,singleton
cg04532834,1740,singleton
cg05923226,1741,singleton
cg05619598,1742,singleton
cg05488632,1743,singleton
cg05346491,1744,singleton
cg05260085,1745,singleton
cg04711162,1746,singleton
cg04689379,1747,singleton
cg04600297,1748,singleton
cg06399302,1749,singleton
cg04469880,1750,singleton
cg04410715,1751,singleton
cg04168853,1752,singleton
cg04084088,1753,singleton
cg04062391,1754,singleton
cg04059773,1755,singleton
cg03975694,1756,singleton
cg08302480,1757,singleton
cg09381003,1758,singleton
cg09054960,1759,singleton
cg08928145,1760,singleton
cg08849574,1761,singleton
cg08845333,1762,singleton
cg08694544,1763,singleton
cg08602008,1764,singleton
cg08393317,1765,singleton
cg14934280,1766,singleton
cg08278741,1767,singleton
cg07843120,1768,singleton
cg07606495,1769,singleton
cg07068062,1770,singleton
cg06745001,1771,singleton
cg06599169,1772,singleton
cg06419793,1773,singleton
cg24739326,1774,singleton
cg26968812,1775,singleton
cg26842596,1776,singleton
cg26842024,1777,singleton
cg26005082,1778,singleton
cg25782440,1779,singleton
cg25264101,1780,singleton
cg24883498,1781,singleton
cg24848615,1782,singleton
cg26969888,1783,singleton
cg24724596,1784,singleton
cg24724506,1785,singleton
cg23994468,1786,singleton
cg23677833,1787,singleton
cg23397578,1788,singleton
cg22928954,1789,singleton
cg22824998,1790,singleton
cg22517995,1791,singleton
cg00858599,1792,singleton
cg02124499,1793,singleton
cg02004723,1794,singleton
cg01650904,1795,singleton
cg01618988,1796,singleton
cg01346423,1797,singleton
cg01293143,1798,singleton
cg01256165,1799,singleton
cg00862894,1800,singleton
cg22202689,1801,singleton
cg00636737,1802,singleton
cg00431114,1803,singleton
cg00387658,1804,singleton
cg00172672,1805,singleton
cg00103778,1806,singleton
cg27615578,1807,singleton
cg27333886,1808,singleton
cg16664617,1809,singleton
cg18693673,1810,singleton
cg18642503,1811,singleton
cg18435449,1812,singleton
cg17476026,1813,singleton
cg17471102,1814,singleton
cg17408527,1815,singleton
cg16911349,1816,singleton
cg16668176,1817,singleton
cg19298856,1818,singleton
cg16363586,1819,singleton
cg15801340,1820,singleton
cg15614917,1821,singleton
cg15495372,1822,singleton
cg15222651,1823,singleton
cg15091407,1824,singleton
cg14950321,1825,singleton
cg20964856,1826,singleton
cg22200289,1827,singleton
cg22060113,1828,singleton
cg21887940,1829,singleton
cg21748418,1830,singleton
cg21725716,1831,singleton
cg21657577,1832,singleton
cg21632975,1833,singleton
cg21328810,1834,singleton
cg09070371,1835,singleton
cg20797216,1836,singleton
cg20559657,1837,singleton
cg20119148,1838,singleton
cg20103701,1839,singleton
cg19809667,1840,singleton
cg19521693,1841,singleton
cg19375123,1842,singleton
cg27151122,1843,singleton
cg01236132,1844,singleton
cg00889398,1845,singleton
cg00743094,1846,singleton
cg00629427,1847,singleton
cg00574740,1848,singleton
cg00184376,1849,singleton
cg00055679,1850,singleton
cg27425327,1851,singleton
cg01297756,1852,singleton
cg27035734,1853,singleton
cg26985711,1854,singleton
cg26727693,1855,singleton
cg26725076,1856,singleton
cg26682900,1857,singleton
cg26300652,1858,singleton
cg26276120,1859,singleton
cg26153410,1860,singleton
cg03839709,1861,singleton
cg06195193,1862,singleton
cg06084210,1863,singleton
cg05905988,1864,singleton
cg05446322,1865,singleton
cg04865691,1866,singleton
cg04836038,1867,singleton
cg04493558,1868,singleton
cg04308040,1869,singleton
cg26074603,1870,singleton
cg03623878,1871,singleton
cg03388293,1872,singleton
cg02620013,1873,singleton
cg02558362,1874,singleton
cg02229135,1875,singleton
cg02057782,1876,singleton
cg01528028,1877,singleton
cg20375220,1878,singleton
cg22347212,1879,singleton
cg22344727,1880,singleton
cg21907579,1881,singleton
cg21834204,1882,singleton
cg21701379,1883,singleton
cg20717123,1884,singleton
cg20537640,1885,singleton
cg20495738,1886,singleton
cg22358580,1887,singleton
cg20252022,1888,singleton
cg20153322,1889,singleton
cg20107346,1890,singleton
cg19969606,1891,singleton
cg19722847,1892,singleton
cg19402885,1893,singleton
cg19395441,1894,singleton
cg19056004,1895,singleton
cg23436584,1896,singleton
cg25741452,1897,singleton
cg25176746,1898,singleton
cg25031476,1899,singleton
cg24856726,1900,singleton
cg24611446,1901,singleton
cg24535475,1902,singleton
cg24116870,1903,singleton
cg23739862,1904,singleton
cg06807397,1905,singleton
cg23368715,1906,singleton
cg23031493,1907,singleton
cg22864266,1908,singleton
cg22830707,1909,singleton
cg22682373,1910,singleton
cg22586653,1911,singleton
cg22489153,1912,singleton
cg27068143,1913,singleton
cg01566235,1914,singleton
cg01442601,1915,singleton
cg01160394,1916,singleton
cg01129459,1917,singleton
cg01104208,1918,singleton
cg01035771,1919,singleton
cg01022345,1920,singleton
cg00328051,1921,singleton
cg01611862,1922,singleton
cg24714905,1923,singleton
cg24690071,1924,singleton
cg24674215,1925,singleton
cg24601716,1926,singleton
cg24287239,1927,singleton
cg24051481,1928,singleton
cg23681440,1929,singleton
cg23588462,1930,singleton
cg02868468,1931,singleton
cg04194821,1932,singleton
cg03796729,1933,singleton
cg03703356,1934,singleton
cg03502791,1935,singleton
cg03047995,1936,singleton
cg03032497,1937,singleton
cg03008815,1938,singleton
cg02893604,1939,singleton
cg23361092,1940,singleton
cg02797271,1941,singleton
cg02395812,1942,singleton
cg02084669,1943,singleton
cg01983373,1944,singleton
cg01894846,1945,singleton
cg01794426,1946,singleton
cg01719405,1947,singleton
cg09513380,1948,singleton
cg14289542,1949,singleton
cg12603632,1950,singleton
cg11762968,1951,singleton
cg11283429,1952,singleton
cg11077516,1953,singleton
cg10738239,1954,singleton
cg10653131,1955,singleton
cg09668400,1956,singleton
cg15188010,1957,singleton
cg08612100,1958,singleton
cg08534628,1959,singleton
cg07935568,1960,singleton
cg07920503,1961,singleton
cg07860673,1962,singleton
cg07502829,1963,singleton
cg06883496,1964,singleton
cg18539122,1965,singleton
cg23142799,1966,singleton
cg23126342,1967,singleton
cg22277154,1968,singleton
cg21781979,1969,singleton
cg21186708,1970,singleton
cg20689135,1971,singleton
cg19050940,1972,singleton
cg18815647,1973,singleton
cg19016652,1974,singleton
cg18431640,1975,singleton
cg18236477,1976,singleton
cg17882660,1977,singleton
cg17369527,1978,singleton
cg17319774,1979,singleton
cg16708465,1980,singleton
cg16193278,1981,singleton
cg01787574,1982,singleton
cg03020208,1983,singleton
cg02795076,1984,singleton
cg02772266,1985,singleton
cg02420617,1986,singleton
cg02301528,1987,singleton
cg02153528,1988,singleton
cg01904393,1989,singleton
cg01820374,1990,singleton
cg03468072,1991,singleton
cg01687189,1992,singleton
cg01396176,1993,singleton
cg01295392,1994,singleton
cg00901320,1995,singleton
cg00854817,1996,singleton
cg00792107,1997,singleton
cg00753885,1998,singleton
cg27597956,1999,singleton
cg04604946,2000,singleton
cg05677041,2001,singleton
cg05242244,2002,singleton
cg05224385,2003,singleton
cg04980928,2004,singleton
cg04851712,2005,singleton
cg04794420,2006,singleton
cg04745384,2007,singleton
cg04671742,2008,singleton
cg27491887,2009,singleton
cg04588380,2010,singleton
cg04409030,2011,singleton
cg04162059,2012,singleton
cg04123409,2013,singleton
cg03810428,2014,singleton
cg03691549,2015,singleton
cg03510486,2016,singleton
cg22458194,2017,singleton
cg23984434,2018,singleton
cg23972551,2019,singleton
cg23386330,2020,singleton
cg23323203,2021,singleton
cg23299618,2022,singleton
cg23003085,2023,singleton
cg22910449,2024,singleton
cg22740492,2025,singleton
cg24057710,2026,singleton
cg22183706,2027,singleton
cg22174486,2028,singleton
cg22097425,2029,singleton
cg21992250,2030,singleton
cg21683009,2031,singleton
cg21051972,2032,singleton
cg20892990,2033,singleton
cg25608626,2034,singleton
cg27235148,2035,singleton
cg27209729,2036,singleton
cg27130665,2037,singleton
cg26949694,2038,singleton
cg26166595,2039,singleton
cg25994988,2040,singleton
cg25962210,2041,singleton
cg25625514,2042,singleton
cg05899984,2043,singleton
cg25424279,2044,singleton
cg25195288,2045,singleton
cg24987259,2046,singleton
cg24986840,2047,singleton
cg24719321,2048,singleton
cg24322623,2049,singleton
cg24099956,2050,singleton
cg13817265,2051,singleton
cg16235197,2052,singleton
cg15989810,2053,singleton
cg15240733,2054,singleton
cg15125438,2055,singleton
cg14195318,2056,singleton
cg14189750,2057,singleton
cg14120215,2058,singleton
cg13929658,2059,singleton
cg16562275,2060,singleton
cg13446772,2061,singleton
cg13234863,2062,singleton
cg13234415,2063,singleton
cg13203811,2064,singleton
cg13120986,2065,singleton
cg12951726,2066,singleton
cg12949547,2067,singleton
cg12103569,2068,singleton
cg17436656,2069,singleton
cg18628483,2070,singleton
cg18573383,2071,singleton
cg18473521,2072,singleton
cg18217632,2073,singleton
cg18215449,2074,singleton
cg18070593,2075,singleton
cg18037834,2076,singleton
cg17524886,2077,singleton
cg11826475,2078,singleton
cg17183905,2079,singleton
cg17139392,2080,singleton
cg17101285,2081,singleton
cg17094065,2082,singleton
cg17029354,2083,singleton
cg16881676,2084,singleton
cg16601359,2085,singleton
cg07123069,2086,singleton
cg08622677,2087,singleton
cg08286181,2088,singleton
cg08285141,2089,singleton
cg07650504,2090,singleton
cg07645980,2091,singleton
cg07388347,2092,singleton
cg07266404,2093,singleton
cg07217499,2094,singleton
cg08888956,2095,singleton
cg06899799,2096,singleton
cg06850660,2097,singleton
cg06826457,2098,singleton
cg06647068,2099,singleton
cg06552356,2100,singleton
cg06492796,2101,singleton
cg06085994,2102,singleton
cg10366797,2103,singleton
cg11791577,2104,singleton
cg11717507,2105,singleton
cg11649376,2106,singleton
cg11549972,2107,singleton
cg11009362,2108,singleton
cg10810799,2109,singleton
cg10778288,2110,singleton
cg10646402,2111,singleton
cg04326198,2112,singleton
cg10253371,2113,singleton
cg10234991,2114,singleton
cg10141715,2115,singleton
cg09595479,2116,singleton
cg09417809,2117,singleton
cg09278098,2118,singleton
cg08900043,2119,singleton
cg21322248,2120,singleton
cg24405716,2121,singleton
cg24263283,2122,singleton
cg23538901,2123,singleton
cg22930275,2124,singleton
cg22694275,2125,singleton
cg22586221,2126,singleton
cg22108374,2127,singleton
cg22107533,2128,singleton
cg24493446,2129,singleton
cg21296230,2130,singleton
cg21147648,2131,singleton
cg20951555,2132,singleton
cg20941110,2133,singleton
cg20902817,2134,singleton
cg20726664,2135,singleton
cg20557801,2136,singleton
cg20544651,2137,singleton
cg26342078,2138,singleton
cg00465277,2139,singleton
cg00451635,2140,singleton
cg00451194,2141,singleton
cg00448560,2142,singleton
cg00220294,2143,singleton
cg00083833,2144,singleton
cg27219955,2145,singleton
cg26544870,2146,singleton
cg20510724,2147,singleton
cg26290926,2148,singleton
cg26053864,2149,singleton
cg25716623,2150,singleton
cg25665697,2151,singleton
cg25590826,2152,singleton
cg25584930,2153,singleton
cg24497836,2154,singleton
cg13563725,2155,singleton
cg16208657,2156,singleton
cg16107285,2157,singleton
cg14494620,2158,singleton
cg14428590,2159,singleton
cg14385245,2160,singleton
cg14093936,2161,singleton
cg14021153,2162,singleton
cg13586457,2163,singleton
cg16409367,2164,singleton
cg13055199,2165,singleton
cg12902039,2166,singleton
cg12856183,2167,singleton
cg12530503,2168,singleton
cg12014646,2169,singleton
cg12009872,2170,singleton
cg11480800,2171,singleton
cg17661642,2172,singleton
cg20359888,2173,singleton
cg19988449,2174,singleton
cg19823138,2175,singleton
cg19670290,2176,singleton
cg19433091,2177,singleton
cg18306747,2178,singleton
cg17841803,2179,singleton
cg17721618,2180,singleton
cg00551679,2181,singleton
cg17497271,2182,singleton
cg17232357,2183,singleton
cg17180678,2184,singleton
cg17074353,2185,singleton
cg17051321,2186,singleton
cg16765088,2187,singleton
cg16717122,2188,singleton
cg05469614,2189,singleton
cg06174989,2190,singleton
cg06170683,2191,singleton
cg06081518,2192,singleton
cg05915866,2193,singleton
cg05872614,2194,singleton
cg05831242,2195,singleton
cg05691543,2196,singleton
cg05557932,2197,singleton
cg06846010,2198,singleton
cg05448715,2199,singleton
cg05405914,2200,singleton
cg05261851,2201,singleton
cg05085585,2202,singleton
cg05071046,2203,singleton
cg04987608,2204,singleton
cg04961620,2205,singleton
cg04853843,2206,singleton
cg08280468,2207,singleton
cg08949164,2208,singleton
cg08871244,2209,singleton
cg08770761,2210,singleton
cg08683263,2211,singleton
cg08619515,2212,singleton
cg08529399,2213,singleton
cg08310088,2214,singleton
cg08285646,2215,singleton
cg04834502,2216,singleton
cg08236479,2217,singleton
cg08214995,2218,singleton
cg07744912,2219,singleton
cg07602841,2220,singleton
cg07514158,2221,singleton
cg07112260,2222,singleton
cg06852240,2223,singleton
cg01851378,2224,singleton
cg03205252,2225,singleton
cg03155159,2226,singleton
cg03133987,2227,singleton
cg02930721,2228,singleton
cg02864757,2229,singleton
cg02709321,2230,singleton
cg02455820,2231,singleton
cg02057239,2232,singleton
cg03467555,2233,singleton
cg01797043,2234,singleton
cg01700290,2235,singleton
cg01420159,2236,singleton
cg00921350,2237,singleton
cg00876127,2238,singleton
cg00863378,2239,singleton
cg00584450,2240,singleton
cg04229059,2241,singleton
cg04786287,2242,singleton
cg04710528,2243,singleton
cg04594378,2244,singleton
cg04543289,2245,singleton
cg04534926,2246,singleton
cg04347161,2247,singleton
cg04313338,2248,singleton
cg04235075,2249,singleton
cg11119742,2250,singleton
cg04081201,2251,singleton
cg04033732,2252,singleton
cg04033022,2253,singleton
cg03970615,2254,singleton
cg03901431,2255,singleton
cg03746976,2256,singleton
cg03598338,2257,singleton
cg13509849,2258,singleton
cg15867698,2259,singleton
cg15345741,2260,singleton
cg15238382,2261,singleton
cg14977938,2262,singleton
cg14359680,2263,singleton
cg14334310,2264,singleton
cg14290904,2265,singleton
cg14186066,2266,singleton
cg16015593,2267,singleton
cg13364038,2268,singleton
cg12833465,2269,singleton
cg12422450,2270,singleton
cg12189551,2271,singleton
cg12033216,2272,singleton
cg11813489,2273,singleton
cg11468522,2274,singleton
cg10876207,2275,singleton
cg18369034,2276,singleton
cg21049809,2277,singleton
cg20548888,2278,singleton
cg20306574,2279,singleton
cg20066488,2280,singleton
cg19874726,2281,singleton
cg19838043,2282,singleton
cg19645221,2283,singleton
cg18875371,2284,singleton
cg10746542,2285,singleton
cg18359618,2286,singleton
cg17696160,2287,singleton
cg16804284,2288,singleton
cg16746355,2289,singleton
cg16379910,2290,singleton
cg16319578,2291,singleton
cg16139785,2292,singleton
cg05086282,2293,singleton
cg05897809,2294,singleton
cg05872306,2295,singleton
cg05786809,2296,singleton
cg05339605,2297,singleton
cg05339415,2298,singleton
cg05335975,2299,singleton
cg05182249,2300,singleton
cg05168491,2301,singleton
cg05934592,2302,singleton
cg04953061,2303,singleton
cg04792813,2304,singleton
cg04742397,2305,singleton
cg04623955,2306,singleton
cg04548856,2307,singleton
cg04398950,2308,singleton
cg04379738,2309,singleton
cg07113136,2310,singleton
cg10195687,2311,singleton
cg09624466,2312,singleton
cg08247587,2313,singleton
cg08196032,2314,singleton
cg07974473,2315,singleton
cg07965823,2316,singleton
cg07850604,2317,singleton
cg07442409,2318,singleton
cg21731375,2319,singleton
cg06934523,2320,singleton
cg06873880,2321,singleton
cg06821999,2322,singleton
cg06819357,2323,singleton
cg06749715,2324,singleton
cg06633061,2325,singleton
cg06218726,2326,singleton
cg05150327,2327,singleton
cg07326413,2328,singleton
cg07282889,2329,singleton
cg07148207,2330,singleton
cg06914505,2331,singleton
cg06364757,2332,singleton
cg06258672,2333,singleton
cg05881135,2334,singleton
cg05505872,2335,singleton
cg07431199,2336,singleton
cg04751276,2337,singleton
cg04603031,2338,singleton
cg04164058,2339,singleton
cg04098270,2340,singleton
cg04090392,2341,singleton
cg03927133,2342,singleton
cg03840073,2343,singleton
cg03399905,2344,singleton
cg09275667,2345,singleton
cg10941749,2346,singleton
cg10586317,2347,singleton
cg10577534,2348,singleton
cg10425861,2349,singleton
cg10344832,2350,singleton
cg10157251,2351,singleton
cg09744397,2352,singleton
cg09299055,2353,singleton
cg03374888,2354,singleton
cg09180848,2355,singleton
cg08761208,2356,singleton
cg08557649,2357,singleton
cg08370996,2358,singleton
cg07931844,2359,singleton
cg07915206,2360,singleton
cg07485916,2361,singleton
cg24281191,2362,singleton
cg26229990,2363,singleton
cg26206396,2364,singleton
cg26194477,2365,singleton
cg25943480,2366,singleton
cg25268718,2367,singleton
cg24736989,2368,singleton
cg24673101,2369,singleton
cg24530460,2370,singleton
cg27175093,2371,singleton
cg24058132,2372,singleton
cg24035598,2373,singleton
cg23962018,2374,singleton
cg23815900,2375,singleton
cg22976533,2376,singleton
cg22971594,2377,singleton
cg22805381,2378,singleton
cg01763090,2379,singleton
cg03257179,2380,singleton
cg02900766,2381,singleton
cg02888131,2382,singleton
cg02794990,2383,singleton
cg02334775,2384,singleton
cg02248826,2385,singleton
cg02109162,2386,singleton
cg02079584,2387,singleton
cg20886049,2388,singleton
cg01153166,2389,singleton
cg00930873,2390,singleton
cg00415704,2391,singleton
cg00337662,2392,singleton
cg00309133,2393,singleton
cg00237475,2394,singleton
cg27348266,2395,singleton
cg24234899,2396,singleton
cg27376136,2397,singleton
cg27312979,2398,singleton
cg26820037,2399,singleton
cg26718433,2400,singleton
cg26702958,2401,singleton
cg26492368,2402,singleton
cg24439256,2403,singleton
cg24239148,2404,singleton
cg27533288,2405,singleton
cg24205914,2406,singleton
cg23803337,2407,singleton
cg23068913,2408,singleton
cg23039195,2409,singleton
cg22635008,2410,singleton
cg22579265,2411,singleton
cg21383487,2412,singleton
cg20744625,2413,singleton
cg03181582,2414,singleton
cg04609163,2415,singleton
cg04547675,2416,singleton
cg04290346,2417,singleton
cg03963327,2418,singleton
cg03742763,2419,singleton
cg03565189,2420,singleton
cg03442378,2421,singleton
cg03405909,2422,singleton
cg20386580,2423,singleton
cg02646491,2424,singleton
cg02423574,2425,singleton
cg02078690,2426,singleton
cg02046143,2427,singleton
cg01736784,2428,singleton
cg01642521,2429,singleton
cg01435574,2430,singleton
cg07951083,2431,singleton
cg10778841,2432,singleton
cg10595547,2433,singleton
cg10530889,2434,singleton
cg09848096,2435,singleton
cg09432590,2436,singleton
cg09403666,2437,singleton
cg09053680,2438,singleton
cg08734600,2439,singleton
cg10947408,2440,singleton
cg07068327,2441,singleton
cg06769546,2442,singleton
cg05667348,2443,singleton
cg05653707,2444,singleton
cg04832177,2445,singleton
cg04425920,2446,singleton
cg03943218,2447,singleton
cg15475851,2448,singleton
cg19912142,2449,singleton
cg18358869,2450,singleton
cg17538572,2451,singleton
cg16827475,2452,singleton
cg16596052,2453,singleton
cg16494192,2454,singleton
cg16459519,2455,singleton
cg16422098,2456,singleton
cg05093315,2457,singleton
cg14805996,2458,singleton
cg12835048,2459,singleton
cg12646649,2460,singleton
cg11842610,2461,singleton
cg11697427,2462,singleton
cg11229185,2463,singleton
cg11174855,2464,singleton
cg20912770,2465,singleton
cg23878494,2466,singleton
cg23744638,2467,singleton
cg23727983,2468,singleton
cg23558842,2469,singleton
cg23211240,2470,singleton
cg23091758,2471,singleton
cg22346124,2472,singleton
cg22344793,2473,singleton
cg24543696,2474,singleton
cg20809378,2475,singleton
cg20555682,2476,singleton
cg20494635,2477,singleton
cg20090108,2478,singleton
cg19852660,2479,singleton
cg19297427,2480,singleton
cg18987410,2481,singleton
cg18953784,2482,singleton
cg02553054,2483,singleton
cg08190858,2484,singleton
cg07915921,2485,singleton
cg07912789,2486,singleton
cg07147449,2487,singleton
cg05222995,2488,singleton
cg04737916,2489,singleton
cg03536474,2490,singleton
cg03078269,2491,singleton
cg18372607,2492,singleton
cg02305765,2493,singleton
cg01614102,2494,singleton
cg00182639,2495,singleton
cg27314569,2496,singleton
cg26665035,2497,singleton
cg25943588,2498,singleton
cg24575083,2499,singleton
cg08160331,2500,singleton
cg11667086,2501,singleton
cg11524400,2502,singleton
cg11284797,2503,singleton
cg10336131,2504,singleton
cg10010533,2505,singleton
cg09617579,2506,singleton
cg09251429,2507,singleton
cg08364561,2508,singleton
cg11762839,2509,singleton
cg07976064,2510,singleton
cg07333715,2511,singleton
cg07281879,2512,singleton
cg06976250,2513,singleton
cg06943835,2514,singleton
cg06279471,2515,singleton
cg05768922,2516,singleton
cg15114474,2517,singleton
cg18031326,2518,singleton
cg16709353,2519,singleton
cg16437728,2520,singleton
cg16061228,2521,singleton
cg15580724,2522,singleton
cg15393937,2523,singleton
cg15243034,2524,singleton
cg15138614,2525,singleton
cg03354113,2526,singleton
cg14243481,2527,singleton
cg13762320,2528,singleton
cg13464448,2529,singleton
cg13201808,2530,singleton
cg13161658,2531,singleton
cg12170314,2532,singleton
cg12159215,2533,singleton
cg00034076,2534,singleton
cg03333634,2535,singleton
cg03301200,2536,singleton
cg02356551,2537,singleton
cg02110858,2538,singleton
cg01495122,2539,singleton
cg00723017,2540,singleton
cg00688447,2541,singleton
cg00415665,2542,singleton
cg03650674,2543,singleton
cg27425996,2544,singleton
cg27331524,2545,singleton
cg27009703,2546,singleton
cg26824006,2547,singleton
cg26818735,2548,singleton
cg26718878,2549,singleton
cg26521404,2550,singleton
cg26170604,2551,singleton
cg06522288,2552,singleton
cg08992872,2553,singleton
cg08928882,2554,singleton
cg07969676,2555,singleton
cg07739205,2556,singleton
cg07719492,2557,singleton
cg07552803,2558,singleton
cg07161721,2559,singleton
cg06616729,2560,singleton
cg26002512,2561,singleton
cg05930881,2562,singleton
cg05166490,2563,singleton
cg04917181,2564,singleton
cg04785900,2565,singleton
cg04218812,2566,singleton
cg04014062,2567,singleton
cg03734437,2568,singleton
cg17200920,2569,singleton
cg20377305,2570,singleton
cg20061010,2571,singleton
cg19629631,2572,singleton
cg19381766,2573,singleton
cg19239040,2574,singleton
cg18057109,2575,singleton
cg18045859,2576,singleton
cg17985646,2577,singleton
cg20426994,2578,singleton
cg16882373,2579,singleton
cg16288089,2580,singleton
cg15311814,2581,singleton
cg15205547,2582,singleton
cg15174623,2583,singleton
cg14999001,2584,singleton
cg14871932,2585,singleton
cg22675801,2586,singleton
cg24881205,2587,singleton
cg24676071,2588,singleton
cg24497732,2589,singleton
cg24426072,2590,singleton
cg24061141,2591,singleton
cg23799901,2592,singleton
cg23752752,2593,singleton
cg23244488,2594,singleton
cg09258813,2595,singleton
cg22480742,2596,singleton
cg22178238,2597,singleton
cg21743907,2598,singleton
cg21585707,2599,singleton
cg21355828,2600,singleton
cg21186299,2601,singleton
cg20728105,2602,singleton
cg25757598,2603,singleton
cg13413955,2604,singleton
cg10272601,2605,singleton
cg27595860,2606,singleton
cg27039662,2607,singleton
cg27029821,2608,singleton
cg26330518,2609,singleton
cg26290632,2610,singleton
cg26140749,2611,singleton
cg13446474,2612,singleton
cg25471715,2613,singleton
cg25353171,2614,singleton
cg25334393,2615,singleton
cg25021970,2616,singleton
cg24928391,2617,singleton
cg24645214,2618,singleton
cg24150172,2619,singleton
cg14614094,2620,singleton
cg02367696,2621,singleton
cg00745555,2622,singleton
cg00588614,2623,singleton
cg21189438,2624,singleton
cg21159778,2625,singleton
cg20616414,2626,singleton
cg14627348,2627,singleton
cg14620572,2628,singleton
cg24041541,2629,singleton
cg14225031,2630,singleton
cg14189141,2631,singleton
cg13791254,2632,singleton
cg13558371,2633,singleton
cg13533340,2634,singleton
cg13481132,2635,singleton
cg13465477,2636,singleton
cg14354820,2637,singleton
cg16736896,2638,singleton
cg16459364,2639,singleton
cg15839448,2640,singleton
cg15707833,2641,singleton
cg15541630,2642,singleton
cg15277906,2643,singleton
cg14919250,2644,singleton
cg14486338,2645,singleton
cg16848524,2646,singleton
cg14353137,2647,singleton
cg13912117,2648,singleton
cg12070159,2649,singleton
cg11931596,2650,singleton
cg11204212,2651,singleton
cg11071231,2652,singleton
cg11051055,2653,singleton
cg20113824,2654,singleton
cg24013620,2655,singleton
cg23973429,2656,singleton
cg23290344,2657,singleton
cg21709871,2658,singleton
cg21671806,2659,singleton
cg20980783,2660,singleton
cg20661138,2661,singleton
cg20569287,2662,singleton
cg09105193,2663,singleton
cg19937513,2664,singleton
cg19776515,2665,singleton
cg19363499,2666,singleton
cg18898125,2667,singleton
cg18533201,2668,singleton
cg17619823,2669,singleton
cg17307479,2670,singleton
cg03356595,2671,singleton
cg04658841,2672,singleton
cg04503319,2673,singleton
cg04464276,2674,singleton
cg04416734,2675,singleton
cg04398983,2676,singleton
cg04208403,2677,singleton
cg04166294,2678,singleton
cg03389653,2679,singleton
cg05001964,2680,singleton
cg03349020,2681,singleton
cg02943578,2682,singleton
cg02863489,2683,singleton
cg02741882,2684,singleton
cg02548364,2685,singleton
cg02482218,2686,singleton
cg02187214,2687,singleton
cg02047547,2688,singleton
cg09051775,2689,singleton
cg26970841,2690,singleton
cg10123654,2691,singleton
cg09851951,2692,singleton
cg09641689,2693,singleton
cg09559780,2694,singleton
cg09492451,2695,singleton
cg09360770,2696,singleton
cg09064482,2697,singleton
cg01966091,2698,singleton
cg08902977,2699,singleton
cg07336350,2700,singleton
cg07160932,2701,singleton
cg06984903,2702,singleton
cg06601581,2703,singleton
cg05650846,2704,singleton
cg05507654,2705,singleton
cg18491080,2706,singleton
cg23217512,2707,singleton
cg22452230,2708,singleton
cg21801378,2709,singleton
cg21567504,2710,singleton
cg21084284,2711,singleton
cg20809087,2712,singleton
cg19464804,2713,singleton
cg19157034,2714,singleton
cg23934731,2715,singleton
cg18363538,2716,singleton
cg16048568,2717,singleton
cg15070718,2718,singleton
cg13942157,2719,singleton
cg13615592,2720,singleton
cg12850078,2721,singleton
cg12421755,2722,singleton
cg27553667,2723,singleton
cg01083549,2724,singleton
cg01047631,2725,singleton
cg00942219,2726,singleton
cg00916884,2727,singleton
cg00582524,2728,singleton
cg00511674,2729,singleton
cg00381442,2730,singleton
cg27578811,2731,singleton
cg00548708,2732,singleton
cg27552679,2733,singleton
cg26674943,2734,singleton
cg26654798,2735,singleton
cg25950235,2736,singleton
cg25508605,2737,singleton
cg25236230,2738,singleton
cg25049597,2739,singleton
cg21347874,2740,singleton
cg24157892,2741,singleton
cg23798387,2742,singleton
cg23709902,2743,singleton
cg22894896,2744,singleton
cg22353329,2745,singleton
cg22163280,2746,singleton
cg21882300,2747,singleton
cg21692620,2748,singleton
cg24517323,2749,singleton
cg21139312,2750,singleton
cg20405017,2751,singleton
cg20370678,2752,singleton
cg20273670,2753,singleton
cg20090283,2754,singleton
cg19760241,2755,singleton
cg19401340,2756,singleton
cg19106932,2757,singleton
cg03614193,2758,singleton
cg14306734,2759,singleton
cg13437581,2760,singleton
cg12473406,2761,singleton
cg06248560,2762,singleton
cg06090660,2763,singleton
cg05945059,2764,singleton
cg05627083,2765,singleton
cg03735496,2766,singleton
cg18002447,2767,singleton
cg27470213,2768,singleton
cg27125849,2769,singleton
cg26161329,2770,singleton
cg26130488,2771,singleton
cg25616535,2772,singleton
cg25309759,2773,singleton
cg24849872,2774,singleton
cg08345719,2775,singleton
cg11011533,2776,singleton
cg10137837,2777,singleton
cg09927651,2778,singleton
cg09655666,2779,singleton
cg09648727,2780,singleton
cg09161455,2781,singleton
cg09096555,2782,singleton
cg08594218,2783,singleton
cg11071401,2784,singleton
cg08039301,2785,singleton
cg07829379,2786,singleton
cg07365960,2787,singleton
cg06700146,2788,singleton
cg05396212,2789,singleton
cg03679521,2790,singleton
cg02745847,2791,singleton
cg14754787,2792,singleton
cg17833265,2793,singleton
cg17787134,2794,singleton
cg17379325,2795,singleton
cg16969368,2796,singleton
cg16898239,2797,singleton
cg16208357,2798,singleton
cg16195091,2799,singleton
cg15908921,2800,singleton
cg12400336,2801,singleton
cg14692377,2802,singleton
cg14328457,2803,singleton
cg14311597,2804,singleton
cg14244013,2805,singleton
cg12658720,2806,singleton
cg12533658,2807,singleton
cg11301492,2808,singleton
cg16519487,2809,singleton
cg23619365,2810,singleton
cg22900415,2811,singleton
cg22396555,2812,singleton
cg20312205,2813,singleton
cg19712603,2814,singleton
cg19329160,2815,singleton
cg18557131,2816,singleton
cg18437365,2817,singleton
cg24221648,2818,singleton
cg16068263,2819,singleton
cg14472366,2820,singleton
cg14168923,2821,singleton
cg13917662,2822,singleton
cg13692446,2823,singleton
cg12271981,2824,singleton
cg12225226,2825,singleton
cg10795666,2826,singleton
cg00779065,2827,singleton
cg01894498,2828,singleton
cg01882866,2829,singleton
cg01802258,2830,singleton
cg01796166,2831,singleton
cg01739725,2832,singleton
cg01664864,2833,singleton
cg01627823,2834,singleton
cg01268763,2835,singleton
cg10068417,2836,singleton
cg00770998,2837,singleton
cg27180153,2838,singleton
cg26685941,2839,singleton
cg26299169,2840,singleton
cg25461801,2841,singleton
cg25318296,2842,singleton
cg24436446,2843,singleton
cg18612627,2844,singleton
cg23737927,2845,singleton
cg22802813,2846,singleton
cg22635491,2847,singleton
cg22402467,2848,singleton
cg20443254,2849,singleton
cg19794507,2850,singleton
cg19421125,2851,singleton
cg18708986,2852,singleton
cg24453580,2853,singleton
cg16856286,2854,singleton
cg16374999,2855,singleton
cg14643892,2856,singleton
cg13372458,2857,singleton
cg10143811,2858,singleton
cg09692396,2859,singleton
cg09120938,2860,singleton
cg03637815,2861,singleton
cg08386692,2862,singleton
cg08136772,2863,singleton
cg07847863,2864,singleton
cg07416237,2865,singleton
cg05673756,2866,singleton
cg05404236,2867,singleton
cg04047221,2868,singleton
cg03697308,2869,singleton
cg02036261,2870,singleton
cg02067712,2871,singleton
cg00295794,2872,singleton
cg27630311,2873,singleton
cg27464184,2874,singleton
cg27458987,2875,singleton
cg27315191,2876,singleton
cg26953453,2877,singleton
cg20981086,2878,singleton
cg03024760,2879,singleton
cg02281208,2880,singleton
cg01348004,2881,singleton
cg23998119,2882,singleton
cg23248887,2883,singleton
cg23191956,2884,singleton
cg21195256,2885,singleton
cg21039708,2886,singleton
cg04188862,2887,singleton
cg20585530,2888,singleton
cg18877361,2889,singleton
cg18804615,2890,singleton
cg18655384,2891,singleton
cg18511526,2892,singleton
cg18468354,2893,singleton
cg18451814,2894,singleton
cg07394446,2895,singleton
cg12379383,2896,singleton
cg11324957,2897,singleton
cg10763234,2898,singleton
cg09969277,2899,singleton
cg09628962,2900,singleton
cg08182446,2901,singleton
cg07721203,2902,singleton
cg07433663,2903,singleton
cg18414021,2904,singleton
cg06829968,2905,singleton
cg06799422,2906,singleton
cg06784436,2907,singleton
cg05417162,2908,singleton
cg05196969,2909,singleton
cg04875128,2910,singleton
cg04640920,2911,singleton
cg07136325,2912,singleton
cg10755235,2913,singleton
cg10741025,2914,singleton
cg10137231,2915,singleton
cg09994418,2916,singleton
cg09341793,2917,singleton
cg08315174,2918,singleton
cg07573727,2919,singleton
cg07435445,2920,singleton
cg11130317,2921,singleton
cg06957447,2922,singleton
cg04961582,2923,singleton
cg04926361,2924,singleton
cg04193970,2925,singleton
cg04184232,2926,singleton
cg02881570,2927,singleton
cg02210934,2928,singleton
cg13546414,2929,singleton
cg15914828,2930,singleton
cg15489250,2931,singleton
cg15440688,2932,singleton
cg15416329,2933,singleton
cg14507337,2934,singleton
cg14370314,2935,singleton
cg14020846,2936,singleton
cg14005139,2937,singleton
cg13330868,2938,singleton
cg13209481,2939,singleton
cg13126530,2940,singleton
cg13023623,2941,singleton
cg13019491,2942,singleton
cg13012916,2943,singleton
cg12920180,2944,singleton
cg11143148,2945,singleton
cg11274314,2946,singleton
cg13283952,2947,singleton
cg12942414,2948,singleton
cg12912690,2949,singleton
cg12573849,2950,singleton
cg11857704,2951,singleton
cg11726648,2952,singleton
cg11418477,2953,singleton
cg11380327,2954,singleton
cg13700939,2955,singleton
cg10982364,2956,singleton
cg10954469,2957,singleton
cg09424526,2958,singleton
cg09304357,2959,singleton
cg08813062,2960,singleton
cg08750504,2961,singleton
cg08613144,2962,singleton
cg08084860,2963,singleton
cg15562346,2964,singleton
cg17258703,2965,singleton
cg17161250,2966,singleton
cg17156491,2967,singleton
cg16987524,2968,singleton
cg16832267,2969,singleton
cg16700364,2970,singleton
cg16361302,2971,singleton
cg16218721,2972,singleton
cg08077337,2973,singleton
cg15149655,2974,singleton
cg15121420,2975,singleton
cg15054725,2976,singleton
cg14459130,2977,singleton
cg14379854,2978,singleton
cg14165051,2979,singleton
cg14102128,2980,singleton
cg02173749,2981,singleton
cg04316624,2982,singleton
cg04037038,2983,singleton
cg03579107,2984,singleton
cg03181248,2985,singleton
cg02694427,2986,singleton
cg02683759,2987,singleton
cg02629106,2988,singleton
cg02488942,2989,singleton
cg04415176,2990,singleton
cg01576677,2991,singleton
cg00690148,2992,singleton
cg00445126,2993,singleton
cg00318320,2994,singleton
cg00289546,2995,singleton
cg00209038,2996,singleton
cg00097146,2997,singleton
cg05349062,2998,singleton
cg08042975,2999,singleton
cg08031368,3000,singleton
cg07974511,3001,singleton
cg07936950,3002,singleton
cg07098902,3003,singleton
cg07078841,3004,singleton
cg06192497,3005,singleton
cg05864140,3006,singleton
cg17397592,3007,singleton
cg05289022,3008,singleton
cg05214685,3009,singleton
cg05021643,3010,singleton
cg04864807,3011,singleton
cg04749646,3012,singleton
cg04663790,3013,singleton
cg04654530,3014,singleton
cg05142211,3015,singleton
cg07883600,3016,singleton
cg07744841,3017,singleton
cg07351192,3018,singleton
cg07034362,3019,singleton
cg06911020,3020,singleton
cg05531255,3021,singleton
cg05513806,3022,singleton
cg05471845,3023,singleton
cg08066943,3024,singleton
cg05075118,3025,singleton
cg05063999,3026,singleton
cg04908625,3027,singleton
cg03602730,3028,singleton
cg02519751,3029,singleton
cg02164046,3030,singleton
cg00344900,3031,singleton
cg00065935,3032,singleton
cg10943458,3033,singleton
cg13036855,3034,singleton
cg13033938,3035,singleton
cg12993163,3036,singleton
cg12943155,3037,singleton
cg12700904,3038,singleton
cg12412079,3039,singleton
cg12252865,3040,singleton
cg11440030,3041,singleton
cg00028935,3042,singleton
cg10630880,3043,singleton
cg10542584,3044,singleton
cg10245988,3045,singleton
cg09401099,3046,singleton
cg08555653,3047,singleton
cg08276289,3048,singleton
cg08102508,3049,singleton
cg20156659,3050,singleton
cg22880770,3051,singleton
cg22674699,3052,singleton
cg22587479,3053,singleton
cg22388982,3054,singleton
cg22242842,3055,singleton
cg21918313,3056,singleton
cg21117668,3057,singleton
cg20926035,3058,singleton
cg23045594,3059,singleton
cg20139706,3060,singleton
cg20002504,3061,singleton
cg19714279,3062,singleton
cg18856652,3063,singleton
cg18667659,3064,singleton
cg18623980,3065,singleton
cg18077971,3066,singleton
cg25741215,3067,singleton
cg27139836,3068,singleton
cg27076454,3069,singleton
cg26649384,3070,singleton
cg26631984,3071,singleton
cg26337070,3072,singleton
cg26112014,3073,singleton
cg26095658,3074,singleton
cg25756780,3075,singleton
cg27549720,3076,singleton
cg25517810,3077,singleton
cg24772753,3078,singleton
cg24611351,3079,singleton
cg24436906,3080,singleton
cg23424933,3081,singleton
cg23348270,3082,singleton
cg23062198,3083,singleton
cg08169949,3084,singleton
cg10634619,3085,singleton
cg10521153,3086,singleton
cg09864227,3087,singleton
cg09671258,3088,singleton
cg09167414,3089,singleton
cg08894594,3090,singleton
cg08845123,3091,singleton
cg08231710,3092,singleton
cg10717691,3093,singleton
cg07599881,3094,singleton
cg07366503,3095,singleton
cg07202479,3096,singleton
cg07201754,3097,singleton
cg07197785,3098,singleton
cg07181952,3099,singleton
cg07005055,3100,singleton
cg06962177,3101,singleton
cg13673164,3102,singleton
cg15617155,3103,singleton
cg15545772,3104,singleton
cg15007228,3105,singleton
cg14852384,3106,singleton
cg13849378,3107,singleton
cg13806070,3108,singleton
cg13803688,3109,singleton
cg13782884,3110,singleton
cg06936155,3111,singleton
cg13472192,3112,singleton
cg13435718,3113,singleton
cg13060114,3114,singleton
cg12634306,3115,singleton
cg12126857,3116,singleton
cg12071888,3117,singleton
cg11980944,3118,singleton
cg01959730,3119,singleton
cg03650713,3120,singleton
cg03397716,3121,singleton
cg03054277,3122,singleton
cg02987928,3123,singleton
cg02856953,3124,singleton
cg02773945,3125,singleton
cg02631838,3126,singleton
cg02388865,3127,singleton
cg04030615,3128,singleton
cg01931994,3129,singleton
cg01777643,3130,singleton
cg01281911,3131,singleton
cg01134183,3132,singleton
cg01101873,3133,singleton
cg00152008,3134,singleton
cg00095594,3135,singleton
cg06211724,3136,singleton
cg06931612,3137,singleton
cg06829686,3138,singleton
cg06784991,3139,singleton
cg06660332,3140,singleton
cg06645033,3141,singleton
cg06641388,3142,singleton
cg06619077,3143,singleton
cg06445348,3144,singleton
cg15728256,3145,singleton
cg05923687,3146,singleton
cg05364759,3147,singleton
cg05051043,3148,singleton
cg04560225,3149,singleton
cg04552470,3150,singleton
cg04299080,3151,singleton
cg04275027,3152,singleton
cg23291161,3153,singleton
cg24466241,3154,singleton
cg24306982,3155,singleton
cg24151926,3156,singleton
cg24080008,3157,singleton
cg23923856,3158,singleton
cg23847109,3159,singleton
cg23689712,3160,singleton
cg23629166,3161,singleton
cg24469980,3162,singleton
cg23115387,3163,singleton
cg23097402,3164,singleton
cg22851420,3165,singleton
cg22795586,3166,singleton
cg22606205,3167,singleton
cg22451356,3168,singleton
cg21863110,3169,singleton
cg25773262,3170,singleton
cg27504802,3171,singleton
cg27314669,3172,singleton
cg27177841,3173,singleton
cg26841013,3174,singleton
cg26560222,3175,singleton
cg26547924,3176,singleton
cg26345105,3177,singleton
cg25979559,3178,singleton
cg21578219,3179,singleton
cg25465938,3180,singleton
cg25104105,3181,singleton
cg24932457,3182,singleton
cg24884142,3183,singleton
cg24851854,3184,singleton
cg24740868,3185,singleton
cg24662698,3186,singleton
cg16400794,3187,singleton
cg17941572,3188,singleton
cg17879376,3189,singleton
cg17800654,3190,singleton
cg17716664,3191,singleton
cg17477162,3192,singleton
cg17218713,3193,singleton
cg16993043,3194,singleton
cg16554164,3195,singleton
cg18175808,3196,singleton
cg16391955,3197,singleton
cg16348470,3198,singleton
cg16290275,3199,singleton
cg16037711,3200,singleton
cg16015712,3201,singleton
cg15987885,3202,singleton
cg15841063,3203,singleton
cg19251242,3204,singleton
cg21306240,3205,singleton
cg21270860,3206,singleton
cg20463526,3207,singleton
cg20329210,3208,singleton
cg20146541,3209,singleton
cg19901801,3210,singleton
cg19715410,3211,singleton
cg19318393,3212,singleton
cg13347257,3213,singleton
cg19019214,3214,singleton
cg18815943,3215,singleton
cg18786873,3216,singleton
cg18540492,3217,singleton
cg18322569,3218,singleton
cg18318878,3219,singleton
cg18236421,3220,singleton
cg08453194,3221,singleton
cg11118422,3222,singleton
cg10978034,3223,singleton
cg10074727,3224,singleton
cg09893871,3225,singleton
cg09797577,3226,singleton
cg09259037,3227,singleton
cg08958294,3228,singleton
cg08640634,3229,singleton
cg12123671,3230,singleton
cg07923390,3231,singleton
cg07323825,3232,singleton
cg07009376,3233,singleton
cg06558014,3234,singleton
cg06540876,3235,singleton
cg06187770,3236,singleton
cg05452406,3237,singleton
cg05384102,3238,singleton
cg14314744,3239,singleton
cg16113661,3240,singleton
cg16044251,3241,singleton
cg15749870,3242,singleton
cg15406010,3243,singleton
cg14488952,3244,singleton
cg14366571,3245,singleton
cg14344102,3246,singleton
cg14334441,3247,singleton
cg04630292,3248,singleton
cg14271531,3249,singleton
cg14176752,3250,singleton
cg13738144,3251,singleton
cg13486532,3252,singleton
cg13368923,3253,singleton
cg13364903,3254,singleton
cg12419863,3255,singleton
cg20750832,3256,singleton
cg23244289,3257,singleton
cg23065934,3258,singleton
cg23024136,3259,singleton
cg22995692,3260,singleton
cg22855900,3261,singleton
cg22784954,3262,singleton
cg20930366,3263,singleton
cg20755170,3264,singleton
cg23445461,3265,singleton
cg19814981,3266,singleton
cg19609242,3267,singleton
cg19456953,3268,singleton
cg18839637,3269,singleton
cg18705773,3270,singleton
cg18697636,3271,singleton
cg18635552,3272,singleton
cg27090062,3273,singleton
cg03585912,3274,singleton
cg03236802,3275,singleton
cg01995743,3276,singleton
cg01882991,3277,singleton
cg00613752,3278,singleton
cg00590324,3279,singleton
cg00575005,3280,singleton
cg00336320,3281,singleton
cg17017591,3282,singleton
cg27015057,3283,singleton
cg25482900,3284,singleton
cg25449484,3285,singleton
cg25090514,3286,singleton
cg24996482,3287,singleton
cg24711224,3288,singleton
cg24619378,3289,singleton
cg01310829,3290,singleton
cg04115680,3291,singleton
cg04109092,3292,singleton
cg03366574,3293,singleton
cg02168303,3294,singleton
cg02087931,3295,singleton
cg01877778,3296,singleton
cg01688536,3297,singleton
cg01354961,3298,singleton
cg05157140,3299,singleton
cg01217984,3300,singleton
cg00874990,3301,singleton
cg00840332,3302,singleton
cg00622010,3303,singleton
cg00292135,3304,singleton
cg00173659,3305,singleton
cg26954968,3306,singleton
cg26845300,3307,singleton
cg09267051,3308,singleton
cg12935170,3309,singleton
cg12345672,3310,singleton
cg12223582,3311,singleton
cg11881754,3312,singleton
cg10659805,3313,singleton
cg09754845,3314,singleton
cg09516959,3315,singleton
cg09477453,3316,singleton
cg26422161,3317,singleton
cg09124496,3318,singleton
cg08540945,3319,singleton
cg07927379,3320,singleton
cg06155229,3321,singleton
cg05994320,3322,singleton
cg05809668,3323,singleton
cg05666820,3324,singleton
cg18243760,3325,singleton
cg20294304,3326,singleton
cg20133890,3327,singleton
cg20114732,3328,singleton
cg20011562,3329,singleton
cg19384531,3330,singleton
cg18849840,3331,singleton
cg18782604,3332,singleton
cg18468088,3333,singleton
cg20442599,3334,singleton
cg18206017,3335,singleton
cg18018027,3336,singleton
cg17760405,3337,singleton
cg17697633,3338,singleton
cg17303756,3339,singleton
cg17295225,3340,singleton
cg17066943,3341,singleton
cg23946695,3342,singleton
cg26280713,3343,singleton
cg25729445,3344,singleton
cg25360181,3345,singleton
cg25051341,3346,singleton
cg24369185,3347,singleton
cg24311382,3348,singleton
cg24211504,3349,singleton
cg24151352,3350,singleton
cg18530551,3351,singleton
cg23930856,3352,singleton
cg23627335,3353,singleton
cg22851295,3354,singleton
cg22367191,3355,singleton
cg22282405,3356,singleton
cg22218573,3357,singleton
cg21277243,3358,singleton
cg06679347,3359,singleton
cg09354241,3360,singleton
cg08474859,3361,singleton
cg08297751,3362,singleton
cg08062484,3363,singleton
cg07907386,3364,singleton
cg07349208,3365,singleton
cg07171111,3366,singleton
cg06970472,3367,singleton
cg10850791,3368,singleton
cg06588201,3369,singleton
cg06374325,3370,singleton
cg06065125,3371,singleton
cg05990549,3372,singleton
cg05164933,3373,singleton
cg04575395,3374,singleton
cg03204605,3375,singleton
cg03184290,3376,singleton
cg14146100,3377,singleton
cg17231999,3378,singleton
cg17128947,3379,singleton
cg16509851,3380,singleton
cg16357388,3381,singleton
cg16295725,3382,singleton
cg15707093,3383,singleton
cg14704921,3384,singleton
cg14249348,3385,singleton
cg02348751,3386,singleton
cg12950911,3387,singleton
cg12765028,3388,singleton
cg12598635,3389,singleton
cg12306195,3390,singleton
cg12069267,3391,singleton
cg11416384,3392,singleton
cg11390378,3393,singleton
cg16703882,3394,singleton
cg19029181,3395,singleton
cg18252903,3396,singleton
cg18140433,3397,singleton
cg17285225,3398,singleton
cg17280346,3399,singleton
cg16953297,3400,singleton
cg16927040,3401,singleton
cg16909408,3402,singleton
cg19628148,3403,singleton
cg16450309,3404,singleton
cg16276063,3405,singleton
cg15593298,3406,singleton
cg15347189,3407,singleton
cg15106134,3408,singleton
cg15078681,3409,singleton
cg15070848,3410,singleton
cg23431892,3411,singleton
cg01552919,3412,singleton
cg01281776,3413,singleton
cg01142635,3414,singleton
cg27501759,3415,singleton
cg27136844,3416,singleton
cg25645064,3417,singleton
cg24847685,3418,singleton
cg24144083,3419,singleton
cg17790852,3420,singleton
cg22934295,3421,singleton
cg21585138,3422,singleton
cg21502255,3423,singleton
cg20953187,3424,singleton
cg20952286,3425,singleton
cg20522387,3426,singleton
cg20072171,3427,singleton
cg10616795,3428,singleton
cg13368756,3429,singleton
cg12882697,3430,singleton
cg12456714,3431,singleton
cg11795854,3432,singleton
cg11670605,3433,singleton
cg11291003,3434,singleton
cg11250941,3435,singleton
cg11021940,3436,singleton
cg13647155,3437,singleton
cg10441628,3438,singleton
cg09740671,3439,singleton
cg09693432,3440,singleton
cg09500443,3441,singleton
cg09458272,3442,singleton
cg09451457,3443,singleton
cg09054633,3444,singleton
cg15929797,3445,singleton
cg18443359,3446,singleton
cg18104919,3447,singleton
cg18058747,3448,singleton
cg17774559,3449,singleton
cg17429000,3450,singleton
cg16624521,3451,singleton
cg16435923,3452,singleton
cg16049690,3453,singleton
cg08957484,3454,singleton
cg15690342,3455,singleton
cg15672768,3456,singleton
cg15132565,3457,singleton
cg15101980,3458,singleton
cg14698448,3459,singleton
cg14685796,3460,singleton
cg14619259,3461,singleton
cg23254393,3462,singleton
cg00327072,3463,singleton
cg26860935,3464,singleton
cg24496475,3465,singleton
cg24395452,3466,singleton
cg24224020,3467,singleton
cg24199834,3468,singleton
cg23995914,3469,singleton
cg23543123,3470,singleton
cg00332937,3471,singleton
cg22717014,3472,singleton
cg21399832,3473,singleton
cg19972558,3474,singleton
cg19597382,3475,singleton
cg19300568,3476,singleton
cg18790597,3477,singleton
cg17891820,3478,singleton
cg05904966,3479,singleton
cg08893692,3480,singleton
cg08850461,3481,singleton
cg08616061,3482,singleton
cg07432626,3483,singleton
cg07363137,3484,singleton
cg07274716,3485,singleton
cg07011172,3486,singleton
cg06410537,3487,singleton
cg15139644,3488,singleton
cg05845376,3489,singleton
cg05016408,3490,singleton
cg04992127,3491,singleton
cg04684516,3492,singleton
cg04518342,3493,singleton
cg02125316,3494,singleton
cg01135780,3495,singleton
cg01581018,3496,singleton
cg02102424,3497,singleton
cg02090656,3498,singleton
cg02056062,3499,singleton
cg02047661,3500,singleton
cg01844642,3501,singleton
cg01777121,3502,singleton
cg01671681,3503,singleton
cg01596834,3504,singleton
cg02239862,3505,singleton
cg01563973,3506,singleton
cg01289541,3507,singleton
cg01002529,3508,singleton
cg00984696,3509,singleton
cg00906812,3510,singleton
cg00891278,3511,singleton
cg00481951,3512,singleton
cg00329615,3513,singleton
cg03591499,3514,singleton
cg04474832,3515,singleton
cg04386206,3516,singleton
cg04304561,3517,singleton
cg04035392,3518,singleton
cg03956042,3519,singleton
cg03869608,3520,singleton
cg03631131,3521,singleton
cg03607117,3522,singleton
cg00238349,3523,singleton
cg03534662,3524,singleton
cg03447556,3525,singleton
cg03308652,3526,singleton
cg03194226,3527,singleton
cg02719752,3528,singleton
cg02490920,3529,singleton
cg02336827,3530,singleton
cg25073919,3531,singleton
cg26343883,3532,singleton
cg26279070,3533,singleton
cg26191447,3534,singleton
cg26189067,3535,singleton
cg26067250,3536,singleton
cg25549459,3537,singleton
cg25413977,3538,singleton
cg25385733,3539,singleton
cg26424147,3540,singleton
cg25047092,3541,singleton
cg24935556,3542,singleton
cg24868150,3543,singleton
cg24859623,3544,singleton
cg24768561,3545,singleton
cg24621972,3546,singleton
cg24333629,3547,singleton
cg27320127,3548,singleton
cg00235367,3549,singleton
cg00174179,3550,singleton
cg00153306,3551,singleton
cg27553955,3552,singleton
cg27480727,3553,singleton
cg27456468,3554,singleton
cg27378835,3555,singleton
cg27365825,3556,singleton
cg04556126,3557,singleton
cg27291385,3558,singleton
cg27175509,3559,singleton
cg26946259,3560,singleton
cg26913248,3561,singleton
cg26647617,3562,singleton
cg26530942,3563,singleton
cg26530498,3564,singleton
cg11142705,3565,singleton
cg13066983,3566,singleton
cg13066481,3567,singleton
cg12623930,3568,singleton
cg12554573,3569,singleton
cg12408494,3570,singleton
cg12307306,3571,singleton
cg12091542,3572,singleton
cg11359984,3573,singleton
cg13278496,3574,singleton
cg11084334,3575,singleton
cg10806820,3576,singleton
cg10761979,3577,singleton
cg10748355,3578,singleton
cg10683929,3579,singleton
cg10526277,3580,singleton
cg10506882,3581,singleton
cg10475172,3582,singleton
cg14188401,3583,singleton
cg15171154,3584,singleton
cg15002294,3585,singleton
cg14775286,3586,singleton
cg14769021,3587,singleton
cg14671809,3588,singleton
cg14583999,3589,singleton
cg14507891,3590,singleton
cg14311670,3591,singleton
cg10409919,3592,singleton
cg13964105,3593,singleton
cg13921352,3594,singleton
cg13874466,3595,singleton
cg13719901,3596,singleton
cg13575298,3597,singleton
cg13483026,3598,singleton
cg13482209,3599,singleton
cg05700079,3600,singleton
cg06792417,3601,singleton
cg06661266,3602,singleton
cg06621358,3603,singleton
cg06327727,3604,singleton
cg06306198,3605,singleton
cg06205331,3606,singleton
cg05893614,3607,singleton
cg05725703,3608,singleton
cg07357683,3609,singleton
cg05541640,3610,singleton
cg05476568,3611,singleton
cg05308645,3612,singleton
cg05261596,3613,singleton
cg05121480,3614,singleton
cg05095591,3615,singleton
cg05062178,3616,singleton
cg08654915,3617,singleton
cg10247798,3618,singleton
cg09834794,3619,singleton
cg09688588,3620,singleton
cg09608765,3621,singleton
cg09524078,3622,singleton
cg09379755,3623,singleton
cg09241332,3624,singleton
cg09003833,3625,singleton
cg23917057,3626,singleton
cg08515264,3627,singleton
cg08122899,3628,singleton
cg08091192,3629,singleton
cg07876132,3630,singleton
cg07766263,3631,singleton
cg07705835,3632,singleton
cg07477792,3633,singleton
cg11014740,3634,singleton
cg13252401,3635,singleton
cg12608433,3636,singleton
cg12258344,3637,singleton
cg12130211,3638,singleton
cg12110911,3639,singleton
cg12001304,3640,singleton
cg11503396,3641,singleton
cg11253886,3642,singleton
cg13372879,3643,singleton
cg10997718,3644,singleton
cg10986849,3645,singleton
cg10944063,3646,singleton
cg10927449,3647,singleton
cg10757065,3648,singleton
cg10658666,3649,singleton
cg10625533,3650,singleton
cg10521706,3651,singleton
cg14228146,3652,singleton
cg14991487,3653,singleton
cg14912644,3654,singleton
cg14898223,3655,singleton
cg14670435,3656,singleton
cg14639163,3657,singleton
cg14559259,3658,singleton
cg14481315,3659,singleton
cg14305711,3660,singleton
cg10476112,3661,singleton
cg13869872,3662,singleton
cg13702421,3663,singleton
cg13687996,3664,singleton
cg13667638,3665,singleton
cg13433250,3666,singleton
cg13388731,3667,singleton
cg13381486,3668,singleton
cg06571387,3669,singleton
cg07152755,3670,singleton
cg06881421,3671,singleton
cg06865612,3672,singleton
cg06850467,3673,singleton
cg06844526,3674,singleton
cg06738242,3675,singleton
cg06682024,3676,singleton
cg06640584,3677,singleton
cg07565551,3678,singleton
cg06567855,3679,singleton
cg06488443,3680,singleton
cg06470727,3681,singleton
cg06391199,3682,singleton
cg06240854,3683,singleton
cg06197616,3684,singleton
cg06142740,3685,singleton
cg08578136,3686,singleton
cg10107473,3687,singleton
cg10039299,3688,singleton
cg10004780,3689,singleton
cg09681043,3690,singleton
cg09643136,3691,singleton
cg09597470,3692,singleton
cg09464466,3693,singleton
cg08825084,3694,singleton
cg15069295,3695,singleton
cg08558886,3696,singleton
cg08520746,3697,singleton
cg08473330,3698,singleton
cg07986943,3699,singleton
cg07891081,3700,singleton
cg07810806,3701,singleton
cg07580038,3702,singleton
cg20930114,3703,singleton
cg22016779,3704,singleton
cg22007809,3705,singleton
cg22001533,3706,singleton
cg21674927,3707,singleton
cg21563471,3708,singleton
cg21303039,3709,singleton
cg21165221,3710,singleton
cg21092808,3711,singleton
cg22112832,3712,singleton
cg20547295,3713,singleton
cg20401252,3714,singleton
cg20348746,3715,singleton
cg20291049,3716,singleton
cg20248516,3717,singleton
cg20234855,3718,singleton
cg19892195,3719,singleton
cg23077820,3720,singleton
cg23883058,3721,singleton
cg23859635,3722,singleton
cg23747904,3723,singleton
cg23644005,3724,singleton
cg23578346,3725,singleton
cg23242052,3726,singleton
cg23130254,3727,singleton
cg23119026,3728,singleton
cg19711579,3729,singleton
cg22929506,3730,singleton
cg22809047,3731,singleton
cg22737154,3732,singleton
cg22478121,3733,singleton
cg22350070,3734,singleton
cg22197050,3735,singleton
cg22162281,3736,singleton
cg16325502,3737,singleton
cg17529152,3738,singleton
cg17204275,3739,singleton
cg17165841,3740,singleton
cg17078253,3741,singleton
cg16780603,3742,singleton
cg16764274,3743,singleton
cg16640358,3744,singleton
cg16330247,3745,singleton
cg17594241,3746,singleton
cg16100120,3747,singleton
cg16002963,3748,singleton
cg15520279,3749,singleton
cg15297650,3750,singleton
cg15174552,3751,singleton
cg15150970,3752,singleton
cg15124757,3753,singleton
cg18862005,3754,singleton
cg19578183,3755,singleton
cg19570640,3756,singleton
cg19519964,3757,singleton
cg19488874,3758,singleton
cg19403014,3759,singleton
cg19370054,3760,singleton
cg19049194,3761,singleton
cg19043574,3762,singleton
cg15225201,3763,singleton
cg18750960,3764,singleton
cg18719170,3765,singleton
cg18449120,3766,singleton
cg18406708,3767,singleton
cg18311633,3768,singleton
cg18144593,3769,singleton
cg17924218,3770,singleton
cg21523251,3771,singleton
cg22604636,3772,singleton
cg22597733,3773,singleton
cg22560214,3774,singleton
cg22501604,3775,singleton
cg22435791,3776,singleton
cg21831481,3777,singleton
cg21784272,3778,singleton
cg21593015,3779,singleton
cg22605415,3780,singleton
cg21505886,3781,singleton
cg21299542,3782,singleton
cg21269934,3783,singleton
cg21208104,3784,singleton
cg20646280,3785,singleton
cg20128928,3786,singleton
cg20044410,3787,singleton
cg20012601,3788,singleton
cg23836737,3789,singleton
cg25205699,3790,singleton
cg25148589,3791,singleton
cg25097497,3792,singleton
cg25054580,3793,singleton
cg24947764,3794,singleton
cg24535910,3795,singleton
cg24430580,3796,singleton
cg23893898,3797,singleton
cg18993949,3798,singleton
cg23664174,3799,singleton
cg23401445,3800,singleton
cg23248150,3801,singleton
cg23197460,3802,singleton
cg23006040,3803,singleton
cg22857085,3804,singleton
cg22777326,3805,singleton
cg14056644,3806,singleton
cg16001165,3807,singleton
cg15957394,3808,singleton
cg15736994,3809,singleton
cg15493618,3810,singleton
cg14699112,3811,singleton
cg14632941,3812,singleton
cg14577707,3813,singleton
cg14543780,3814,singleton
cg16142855,3815,singleton
cg13841979,3816,singleton
cg13262687,3817,singleton
cg13154880,3818,singleton
cg12973941,3819,singleton
cg12635937,3820,singleton
cg12541454,3821,singleton
cg12337525,3822,singleton
cg17343374,3823,singleton
cg18797590,3824,singleton
cg18674643,3825,singleton
cg18609078,3826,singleton
cg18571419,3827,singleton
cg18030960,3828,singleton
cg17809748,3829,singleton
cg17486101,3830,singleton
cg17430979,3831,singleton
cg25355316,3832,singleton
cg17071446,3833,singleton
cg17062829,3834,singleton
cg16747109,3835,singleton
cg16744741,3836,singleton
cg16742481,3837,singleton
cg16546442,3838,singleton
cg16318271,3839,singleton
cg04064644,3840,singleton
cg04637478,3841,singleton
cg04607372,3842,singleton
cg04598517,3843,singleton
cg04461228,3844,singleton
cg04261138,3845,singleton
cg04223553,3846,singleton
cg04216235,3847,singleton
cg04201750,3848,singleton
cg04897804,3849,singleton
cg03909500,3850,singleton
cg03847373,3851,singleton
cg03833880,3852,singleton
cg03827337,3853,singleton
cg03714110,3854,singleton
cg03319497,3855,singleton
cg03300589,3856,singleton
cg02792655,3857,singleton
cg05516295,3858,singleton
cg06647928,3859,singleton
cg06644553,3860,singleton
cg06410191,3861,singleton
cg06401019,3862,singleton
cg05783854,3863,singleton
cg05725804,3864,singleton
cg05569742,3865,singleton
cg05534710,3866,singleton
cg02495823,3867,singleton
cg05496514,3868,singleton
cg05425754,3869,singleton
cg05265596,3870,singleton
cg05211662,3871,singleton
cg05207048,3872,singleton
cg05056120,3873,singleton
cg04980590,3874,singleton
cg00054702,3875,singleton
cg01142710,3876,singleton
cg01104047,3877,singleton
cg01101522,3878,singleton
cg00908526,3879,singleton
cg00793186,3880,singleton
cg00580497,3881,singleton
cg00489401,3882,singleton
cg00227093,3883,singleton
cg01201215,3884,singleton
cg00049047,3885,singleton
cg27454136,3886,singleton
cg27154163,3887,singleton
cg26541867,3888,singleton
cg26450750,3889,singleton
cg26210267,3890,singleton
cg25983635,3891,singleton
cg01899089,3892,singleton
cg02421597,3893,singleton
cg02328239,3894,singleton
cg02266732,3895,singleton
cg02114954,3896,singleton
cg02066529,3897,singleton
cg02022733,3898,singleton
cg02006915,3899,singleton
cg01937780,3900,singleton
cg12217987,3901,singleton
cg01875459,3902,singleton
cg01830023,3903,singleton
cg01829002,3904,singleton
cg01819137,3905,singleton
cg01606885,3906,singleton
cg01603847,3907,singleton
cg01366595,3908,singleton
cg22386920,3909,singleton
cg23681664,3910,singleton
cg23527621,3911,singleton
cg23448486,3912,singleton
cg23448348,3913,singleton
cg23437162,3914,singleton
cg23320649,3915,singleton
cg23060384,3916,singleton
cg22927302,3917,singleton
cg23756251,3918,singleton
cg22379463,3919,singleton
cg22354646,3920,singleton
cg22203776,3921,singleton
cg22156842,3922,singleton
cg21867345,3923,singleton
cg21564242,3924,singleton
cg21188820,3925,singleton
cg21109744,3926,singleton
cg25478614,3927,singleton
cg27361370,3928,singleton
cg27345757,3929,singleton
cg26825532,3930,singleton
cg26712821,3931,singleton
cg26158023,3932,singleton
cg26069719,3933,singleton
cg25865467,3934,singleton
cg25581347,3935,singleton
cg20747538,3936,singleton
cg25425705,3937,singleton
cg25005894,3938,singleton
cg24869336,3939,singleton
cg24824287,3940,singleton
cg24512093,3941,singleton
cg24317285,3942,singleton
cg23967169,3943,singleton
cg16541026,3944,singleton
cg18507138,3945,singleton
cg18404041,3946,singleton
cg18366455,3947,singleton
cg18333339,3948,singleton
cg18175809,3949,singleton
cg17453778,3950,singleton
cg17078427,3951,singleton
cg16933388,3952,singleton
cg18774195,3953,singleton
cg16323609,3954,singleton
cg16209444,3955,singleton
cg16181396,3956,singleton
cg15873149,3957,singleton
cg15772216,3958,singleton
cg15711521,3959,singleton
cg15588941,3960,singleton
cg19744587,3961,singleton
cg20669012,3962,singleton
cg20515136,3963,singleton
cg20461912,3964,singleton
cg20375342,3965,singleton
cg20267101,3966,singleton
cg20051033,3967,singleton
cg19939065,3968,singleton
cg19825437,3969,singleton
cg27589809,3970,singleton
cg19729744,3971,singleton
cg19477084,3972,singleton
cg19470159,3973,singleton
cg19235307,3974,singleton
cg19150852,3975,singleton
cg18956933,3976,singleton
cg18887186,3977,singleton
cg07098391,3978,singleton
cg09562045,3979,singleton
cg09221867,3980,singleton
cg08671647,3981,singleton
cg08262002,3982,singleton
cg08209133,3983,singleton
cg08053686,3984,singleton
cg07465899,3985,singleton
cg07333191,3986,singleton
cg09578568,3987,singleton
cg06812991,3988,singleton
cg06388350,3989,singleton
cg05658182,3990,singleton
cg05570735,3991,singleton
cg05369942,3992,singleton
cg05323533,3993,singleton
cg05191655,3994,singleton
cg10509254,3995,singleton
cg12016437,3996,singleton
cg11630404,3997,singleton
cg11557636,3998,singleton
cg11076306,3999,singleton
cg11036041,4000,singleton
cg10933003,4001,singleton
cg10848640,4002,singleton
cg10682299,4003,singleton
cg05036656,4004,singleton
cg10457539,4005,singleton
cg10235817,4006,singleton
cg10150813,4007,singleton
cg10149533,4008,singleton
cg10074544,4009,singleton
cg09926747,4010,singleton
cg09693004,4011,singleton
cg01102833,4012,singleton
cg02170478,4013,singleton
cg01886556,4014,singleton
cg01787559,4015,singleton
cg01738522,4016,singleton
cg01503065,4017,singleton
cg01493016,4018,singleton
cg01401344,4019,singleton
cg01141413,4020,singleton
cg02441747,4021,singleton
cg00967552,4022,singleton
cg00505045,4023,singleton
cg00486340,4024,singleton
cg00481350,4025,singleton
cg00452958,4026,singleton
cg00292701,4027,singleton
cg00236919,4028,singleton
cg03719693,4029,singleton
cg05024939,4030,singleton
cg04939673,4031,singleton
cg04812351,4032,singleton
cg04738109,4033,singleton
cg04562589,4034,singleton
cg03996822,4035,singleton
cg03915012,4036,singleton
cg03874978,4037,singleton
cg06142537,4038,singleton
cg03446195,4039,singleton
cg03369807,4040,singleton
cg03356900,4041,singleton
cg03306082,4042,singleton
cg02853616,4043,singleton
cg02812207,4044,singleton
cg02722188,4045,singleton
cg01970336,4046,singleton
cg02361903,4047,singleton
cg02340851,4048,singleton
cg02294302,4049,singleton
cg02177231,4050,singleton
cg02100997,4051,singleton
cg02097190,4052,singleton
cg02063759,4053,singleton
cg01974375,4054,singleton
cg02397727,4055,singleton
cg01962676,4056,singleton
cg01910639,4057,singleton
cg01901101,4058,singleton
cg01891252,4059,singleton
cg01713950,4060,singleton
cg01554474,4061,singleton
cg01459453,4062,singleton
cg01352586,4063,singleton
cg03335216,4064,singleton
cg03883331,4065,singleton
cg03743008,4066,singleton
cg03664992,4067,singleton
cg03660500,4068,singleton
cg03655142,4069,singleton
cg03519967,4070,singleton
cg03422911,4071,singleton
cg03391684,4072,singleton
cg01185626,4073,singleton
cg03311232,4074,singleton
cg03301331,4075,singleton
cg03149128,4076,singleton
cg03132729,4077,singleton
cg03027354,4078,singleton
cg02495604,4079,singleton
cg02431597,4080,singleton
cg23400715,4081,singleton
cg00251125,4082,singleton
cg00173504,4083,singleton
cg00116092,4084,singleton
cg00063748,4085,singleton
cg00039326,4086,singleton
cg00019759,4087,singleton
cg00003345,4088,singleton
cg26796679,4089,singleton
cg00253564,4090,singleton
cg20209308,4091,singleton
cg20164887,4092,singleton
cg19796981,4093,singleton
cg18708252,4094,singleton
cg18465694,4095,singleton
cg18445088,4096,singleton
cg17176676,4097,singleton
cg00855990,4098,singleton
cg01175767,4099,singleton
cg01128109,4100,singleton
cg00980319,4101,singleton
cg00976181,4102,singleton
cg00957516,4103,singleton
cg00949753,4104,singleton
cg00913949,4105,singleton
cg00891995,4106,singleton
cg03984502,4107,singleton
cg00851028,4108,singleton
cg00707317,4109,singleton
cg00695391,4110,singleton
cg00554413,4111,singleton
cg00484358,4112,singleton
cg00463859,4113,singleton
cg00323313,4114,singleton
cg07422880,4115,singleton
cg08426733,4116,singleton
cg08262220,4117,singleton
cg08128734,4118,singleton
cg08024029,4119,singleton
cg07892597,4120,singleton
cg07777790,4121,singleton
cg07647164,4122,singleton
cg07563793,4123,singleton
cg08468082,4124,singleton
cg07388493,4125,singleton
cg07368443,4126,singleton
cg07318983,4127,singleton
cg07234388,4128,singleton
cg07178825,4129,singleton
cg07135732,4130,singleton
cg06995548,4131,singleton
cg06926146,4132,singleton
cg09258479,4133,singleton
cg09809672,4134,singleton
cg09768093,4135,singleton
cg09762021,4136,singleton
cg09684338,4137,singleton
cg09649610,4138,singleton
cg09478857,4139,singleton
cg09408098,4140,singleton
cg09317884,4141,singleton
cg06921573,4142,singleton
cg09138671,4143,singleton
cg09068158,4144,singleton
cg08885800,4145,singleton
cg08876103,4146,singleton
cg08739433,4147,singleton
cg08737116,4148,singleton
cg08644498,4149,singleton
cg04510153,4150,singleton
cg05228408,4151,singleton
cg05138148,4152,singleton
cg04931216,4153,singleton
cg04885881,4154,singleton
cg04872610,4155,singleton
cg04850423,4156,singleton
cg04577212,4157,singleton
cg04542977,4158,singleton
cg05365199,4159,singleton
cg04455430,4160,singleton
cg04218899,4161,singleton
cg04103761,4162,singleton
cg04080625,4163,singleton
cg04036898,4164,singleton
cg03989480,4165,singleton
cg03989260,4166,singleton
cg06174704,4167,singleton
cg06769116,4168,singleton
cg06724462,4169,singleton
cg06656994,4170,singleton
cg06533314,4171,singleton
cg06437747,4172,singleton
cg06384463,4173,singleton
cg06335143,4174,singleton
cg06215569,4175,singleton
cg15548613,4176,singleton
cg05961348,4177,singleton
cg05924583,4178,singleton
cg05898524,4179,singleton
cg05756685,4180,singleton
cg05721773,4181,singleton
cg05511392,4182,singleton
cg05470502,4183,singleton
cg14239592,4184,singleton
cg17861230,4185,singleton
cg16644497,4186,singleton
cg16206460,4187,singleton
cg15415136,4188,singleton
cg15215348,4189,singleton
cg15202738,4190,singleton
cg15027907,4191,singleton
cg14911690,4192,singleton
cg18721420,4193,singleton
cg14055896,4194,singleton
cg14036830,4195,singleton
cg13703871,4196,singleton
cg13404054,4197,singleton
cg13378934,4198,singleton
cg12272837,4199,singleton
cg12214908,4200,singleton
cg11344352,4201,singleton
cg22231400,4202,singleton
cg24906410,4203,singleton
cg24436715,4204,singleton
cg24415208,4205,singleton
cg24227728,4206,singleton
cg24024661,4207,singleton
cg23200020,4208,singleton
cg22932336,4209,singleton
cg22694191,4210,singleton
cg10836101,4211,singleton
cg21927946,4212,singleton
cg21534423,4213,singleton
cg19925849,4214,singleton
cg19485202,4215,singleton
cg19416570,4216,singleton
cg19332452,4217,singleton
cg19063061,4218,singleton
cg00515457,4219,singleton
cg04419610,4220,singleton
cg02711397,4221,singleton
cg02657401,4222,singleton
cg02479575,4223,singleton
cg01580888,4224,singleton
cg01542019,4225,singleton
cg01428589,4226,singleton
cg00553487,4227,singleton
cg05213896,4228,singleton
cg25958283,4229,singleton
cg25767345,4230,singleton
cg22455914,4231,singleton
cg19237294,4232,singleton
cg16922039,4233,singleton
cg16705273,4234,singleton
cg16474170,4235,singleton
cg08153621,4236,singleton
cg10665321,4237,singleton
cg10640845,4238,singleton
cg10604476,4239,singleton
cg09980058,4240,singleton
cg09434500,4241,singleton
cg09371559,4242,singleton
cg08461949,4243,singleton
cg08249988,4244,singleton
cg24909548,4245,singleton
cg07785717,4246,singleton
cg07599133,4247,singleton
cg06882591,4248,singleton
cg06522681,4249,singleton
cg06506966,4250,singleton
cg05928342,4251,singleton
cg05352500,4252,singleton
cg26158279,4253,singleton
cg10696191,4254,singleton
cg07003407,4255,singleton
cg02983163,4256,singleton
cg01847344,4257,singleton
cg00495860,4258,singleton
cg27274542,4259,singleton
cg27262717,4260,singleton
cg26709285,4261,singleton
cg11950383,4262,singleton
cg26156448,4263,singleton
cg25164624,4264,singleton
cg24924779,4265,singleton
cg23487201,4266,singleton
cg23353432,4267,singleton
cg23328622,4268,singleton
cg22797900,4269,singleton
cg05329888,4270,singleton
cg14561229,4271,singleton
cg12923994,4272,singleton
cg12159189,4273,singleton
cg12068816,4274,singleton
cg11250773,4275,singleton
cg10941566,4276,singleton
cg09877744,4277,singleton
cg08430009,4278,singleton
cg22537474,4279,singleton
cg04304705,4280,singleton
cg03018796,4281,singleton
cg01961447,4282,singleton
cg21697851,4283,singleton
cg16711792,4284,singleton
cg15108590,4285,singleton
cg13588023,4286,singleton
cg27058486,4287,singleton
cg07003030,4288,singleton
cg06263461,4289,singleton
cg04584301,4290,singleton
cg03577250,4291,singleton
cg01743841,4292,singleton
cg01188592,4293,singleton
cg00105628,4294,singleton
cg27384695,4295,singleton
cg08545268,4296,singleton
cg27052113,4297,singleton
cg26918756,4298,singleton
cg26669806,4299,singleton
cg26565021,4300,singleton
cg26477573,4301,singleton
cg25756435,4302,singleton
cg25352836,4303,singleton
cg16963144,4304,singleton
cg21200408,4305,singleton
cg20859731,4306,singleton
cg20704654,4307,singleton
cg19864758,4308,singleton
cg19593767,4309,singleton
cg18954541,4310,singleton
cg18759209,4311,singleton
cg17526301,4312,singleton
cg09850632,4313,singleton
cg16822939,4314,singleton
cg16793866,4315,singleton
cg16524928,4316,singleton
cg15058464,4317,singleton
cg14010720,4318,singleton
cg13802013,4319,singleton
cg12497914,4320,singleton
cg25975621,4321,singleton
cg26603050,4322,singleton
cg26575914,4323,singleton
cg26513192,4324,singleton
cg26266842,4325,singleton
cg26249046,4326,singleton
cg26158959,4327,singleton
cg26058502,4328,singleton
cg26003967,4329,singleton
cg26815395,4330,singleton
cg25840576,4331,singleton
cg25771271,4332,singleton
cg25755575,4333,singleton
cg25722983,4334,singleton
cg25437385,4335,singleton
cg25410668,4336,singleton
cg25386234,4337,singleton
cg25340674,4338,singleton
cg27543334,4339,singleton
cg00602811,4340,singleton
cg00393837,4341,singleton
cg00336700,4342,singleton
cg00326719,4343,singleton
cg00314660,4344,singleton
cg00302494,4345,singleton
cg00073837,4346,singleton
cg27579609,4347,singleton
cg25143508,4348,singleton
cg27262412,4349,singleton
cg27232482,4350,singleton
cg26956874,4351,singleton
cg26935102,4352,singleton
cg26894354,4353,singleton
cg26864395,4354,singleton
cg26841040,4355,singleton
cg22815110,4356,singleton
cg23207077,4357,singleton
cg23093580,4358,singleton
cg23078123,4359,singleton
cg23049291,4360,singleton
cg22942576,4361,singleton
cg22871653,4362,singleton
cg22866430,4363,singleton
cg22820188,4364,singleton
cg23257569,4365,singleton
cg22794214,4366,singleton
cg22793142,4367,singleton
cg22697825,4368,singleton
cg22605303,4369,singleton
cg22512670,4370,singleton
cg22494858,4371,singleton
cg22488256,4372,singleton
cg23993425,4373,singleton
cg24681499,4374,singleton
cg24678611,4375,singleton
cg24453699,4376,singleton
cg24433287,4377,singleton
cg24298421,4378,singleton
cg24244374,4379,singleton
cg24155190,4380,singleton
cg24150153,4381,singleton
cg00684075,4382,singleton
cg23971069,4383,singleton
cg23933216,4384,singleton
cg23716800,4385,singleton
cg23715749,4386,singleton
cg23665568,4387,singleton
cg23627828,4388,singleton
cg23552821,4389,singleton
cg03767531,4390,singleton
cg04881228,4391,singleton
cg04730665,4392,singleton
cg04001714,4393,singleton
cg03957108,4394,singleton
cg03936870,4395,singleton
cg03882167,4396,singleton
cg03874199,4397,singleton
cg03805618,4398,singleton
cg04926134,4399,singleton
cg03600687,4400,singleton
cg03583111,4401,singleton
cg03545227,4402,singleton
cg03443986,4403,singleton
cg03395188,4404,singleton
cg03249890,4405,singleton
cg03002352,4406,singleton
cg02744113,4407,singleton
cg05467160,4408,singleton
cg06100854,4409,singleton
cg06016439,4410,singleton
cg05974067,4411,singleton
cg05881221,4412,singleton
cg05656900,4413,singleton
cg05609159,4414,singleton
cg05584950,4415,singleton
cg05471730,4416,singleton
cg02743713,4417,singleton
cg05412990,4418,singleton
cg05342515,4419,singleton
cg05301866,4420,singleton
cg05172912,4421,singleton
cg05136263,4422,singleton
cg05100419,4423,singleton
cg04955914,4424,singleton
cg01158574,4425,singleton
cg01658421,4426,singleton
cg01491071,4427,singleton
cg01447660,4428,singleton
cg01410359,4429,singleton
cg01376829,4430,singleton
cg01329789,4431,singleton
cg01307387,4432,singleton
cg01196788,4433,singleton
cg01719210,4434,singleton
cg01082843,4435,singleton
cg01047586,4436,singleton
cg00893471,4437,singleton
cg00864666,4438,singleton
cg00740914,4439,singleton
cg00708603,4440,singleton
cg00689213,4441,singleton
cg02085953,4442,singleton
cg02728483,4443,singleton
cg02646021,4444,singleton
cg02606403,4445,singleton
cg02355885,4446,singleton
cg02323356,4447,singleton
cg02294055,4448,singleton
cg02244386,4449,singleton
cg02242681,4450,singleton
cg22419039,4451,singleton
cg02063488,4452,singleton
cg01968178,4453,singleton
cg01886514,4454,singleton
cg01850449,4455,singleton
cg01812045,4456,singleton
cg01753375,4457,singleton
cg01720455,4458,singleton
cg13167730,4459,singleton
cg13655674,4460,singleton
cg13478928,4461,singleton
cg13476854,4462,singleton
cg13470735,4463,singleton
cg13458211,4464,singleton
cg13420364,4465,singleton
cg13385220,4466,singleton
cg13272644,4467,singleton
cg13804478,4468,singleton
cg13059495,4469,singleton
cg12667125,4470,singleton
cg12636369,4471,singleton
cg12636169,4472,singleton
cg12613383,4473,singleton
cg12604950,4474,singleton
cg12597839,4475,singleton
cg12590902,4476,singleton
cg14994947,4477,singleton
cg15713630,4478,singleton
cg15469272,4479,singleton
cg15393490,4480,singleton
cg15201877,4481,singleton
cg15149095,4482,singleton
cg15112910,4483,singleton
cg15102821,4484,singleton
cg14995214,4485,singleton
cg12582330,4486,singleton
cg14914422,4487,singleton
cg14795752,4488,singleton
cg14522815,4489,singleton
cg14149172,4490,singleton
cg13927566,4491,singleton
cg13893543,4492,singleton
cg13856810,4493,singleton
cg10572355,4494,singleton
cg11120551,4495,singleton
cg11071207,4496,singleton
cg10806711,4497,singleton
cg10785263,4498,singleton
cg10772169,4499,singleton
cg10628205,4500,singleton
cg10589949,4501,singleton
cg10587082,4502,singleton
cg11142333,4503,singleton
cg10567964,4504,singleton
cg10442251,4505,singleton
cg10288510,4506,singleton
cg10221746,4507,singleton
cg10165585,4508,singleton
cg10117719,4509,singleton
cg09900893,4510,singleton
cg11835347,4511,singleton
cg12446246,4512,singleton
cg12278474,4513,singleton
cg12211856,4514,singleton
cg12065799,4515,singleton
cg12065138,4516,singleton
cg11848563,4517,singleton
cg11842415,4518,singleton
cg11836829,4519,singleton
cg15726426,4520,singleton
cg11752769,4521,singleton
cg11736940,4522,singleton
cg11587191,4523,singleton
cg11526866,4524,singleton
cg11393848,4525,singleton
cg11231349,4526,singleton
cg11194994,4527,singleton
cg19936954,4528,singleton
cg20700731,4529,singleton
cg20664247,4530,singleton
cg20607293,4531,singleton
cg20591472,4532,singleton
cg20324858,4533,singleton
cg20247486,4534,singleton
cg20065005,4535,singleton
cg19945840,4536,singleton
cg20746795,4537,singleton
cg19811148,4538,singleton
cg19800670,4539,singleton
cg19510626,4540,singleton
cg19270739,4541,singleton
cg19261426,4542,singleton
cg19095000,4543,singleton
cg18964582,4544,singleton
cg21604358,4545,singleton
cg22112435,4546,singleton
cg22059812,4547,singleton
cg22026450,4548,singleton
cg22007666,4549,singleton
cg21943117,4550,singleton
cg21836358,4551,singleton
cg21809447,4552,singleton
cg21646199,4553,singleton
cg18944010,4554,singleton
cg21524899,4555,singleton
cg21393163,4556,singleton
cg21144928,4557,singleton
cg20959866,4558,singleton
cg20936321,4559,singleton
cg20907051,4560,singleton
cg20822990,4561,singleton
cg16368763,4562,singleton
cg17241310,4563,singleton
cg17168836,4564,singleton
cg17100751,4565,singleton
cg17034109,4566,singleton
cg16899892,4567,singleton
cg16736826,4568,singleton
cg16686396,4569,singleton
cg16371538,4570,singleton
cg17340519,4571,singleton
cg16352283,4572,singleton
cg16103959,4573,singleton
cg16076997,4574,singleton
cg16008966,4575,singleton
cg16003790,4576,singleton
cg15837212,4577,singleton
cg15728320,4578,singleton
cg18133072,4579,singleton
cg18933331,4580,singleton
cg18791730,4581,singleton
cg18765906,4582,singleton
cg18660898,4583,singleton
cg18438853,4584,singleton
cg18343474,4585,singleton
cg18310639,4586,singleton
cg18184411,4587,singleton
cg06946371,4588,singleton
cg18023598,4589,singleton
cg17971578,4590,singleton
cg17827020,4591,singleton
cg17804356,4592,singleton
cg17543296,4593,singleton
cg17508639,4594,singleton
cg17453456,4595,singleton
