Module,scaler_mean,scaler_scale,pca_mean
1,0.10837060555923077,0.04239871831645032,1.4460057417598295e-15
2,0.1321100780827133,0.04132249162324079,1.2257354658695873e-15
3,0.1793596919049356,0.1394072369564111,6.340510489623775e-17
4,0.3207858403639947,0.08851276560444292,5.62154512256792e-15
5,0.2654026916150651,0.04547702476549964,6.990856397068908e-16
6,0.6036390934803595,0.045285214937109596,-3.381871140307954e-15
7,0.03916928933373862,0.022510895401553013,-1.385823397763515e-15
8,0.1000697670957751,0.05075055154852615,1.6277477300375094e-15
9,0.16512828852640543,0.036854250078574936,-3.378150480954391e-16
10,0.11423027788911544,0.04025997306003951,-3.3082183799658935e-16
11,0.8609390783538992,0.04654968022611189,-5.401854219423732e-15
12,0.14792909290828019,0.047828322323708414,-2.7846102607199784e-15
13,0.4854341932076159,0.08466270260984411,1.1201013299453699e-14
14,0.08625121567772182,0.05334539529327433,-7.323271510117144e-16
15,0.11367302933242085,0.04197076658139121,5.4578361110111574e-15
16,0.04452941135518997,0.03372011126400761,-5.223407413639231e-16
17,0.12450529686895663,0.049191451293516736,9.813125886282369e-17
18,0.03762048025118639,0.03290257822010475,-2.6726102667484974e-15
19,0.07941245641316134,0.04141332681210418,-6.966957271294198e-16
20,0.07565887125304453,0.04350975843748603,-2.1350338327031967e-16
21,0.09500317830151939,0.048054896293762674,-3.5213913397169796e-15
22,0.7759271968401761,0.07584581057004078,-3.2003826276066726e-15
23,0.23176713993279402,0.0782206625119335,-4.11680546867691e-15
24,0.22481341754236644,0.08438555779483885,-1.327922333954786e-15
25,0.09991001545059335,0.041146174810012516,1.3929569246992995e-15
26,0.08732818239396412,0.0460623807203661,1.4974612837687124e-15
27,0.07199091345093746,0.027790124834396357,-1.5395020186542247e-15
28,0.28172791508787726,0.060497615194447685,-6.337251517927222e-16
29,0.12413286771190263,0.047696565813691916,4.390966462649291e-16
30,0.7496605081340856,0.09291649176960526,2.6640011498501074e-15
31,0.340664613855837,0.09725003487163528,6.363975085838944e-15
32,0.2490460835560687,0.0980383914483553,6.98730773899933e-15
33,0.5663550364782881,0.08966417993321324,2.9792070818007216e-15
34,0.14185059335169178,0.04188712583251771,3.772042473978406e-15
35,0.4596351310341909,0.09372188597584544,-1.3534871563744e-15
36,0.09650847384785861,0.045367596895353385,4.254044387898349e-16
37,0.07715820800886596,0.0397572948781618,-7.506136033090303e-16
38,0.043168215247871164,0.04916791356398259,3.489272363107635e-16
39,0.05296599878196232,0.03483272017289557,2.9271902724440993e-16
40,0.07839401339555274,0.034759625338060804,3.0069445520180363e-16
41,0.191006898469638,0.04379507941941723,4.214275880501266e-15
42,0.06635184789372447,0.06425069888125644,-1.4892414329340775e-15
43,0.16191099123777805,0.05031424494803638,-1.8988941751905809e-16
44,0.22002566408265517,0.04747228028946296,-8.385696283192882e-16
45,0.10508046876808665,0.05474573017235499,3.191981722788896e-16
46,0.07956781146858204,0.030902273732556593,1.2834554756951744e-15
47,0.17648265269292235,0.05458789589733585,-4.964862325712825e-15
48,0.6748270190172614,0.06229877601121284,3.625019850142945e-15
49,0.4884619480795279,0.056374743129420944,5.19273686889502e-15
50,0.07844217164544781,0.02858327538239194,2.423099772580864e-15
51,0.09429903946368935,0.032222900029863,-4.452986504574494e-15
52,0.07133120590117856,0.0318002139610946,1.077198778100103e-15
53,0.11894829430789382,0.03917590716681055,3.9207149522352465e-15
54,0.045345382262246575,0.0208989517575769,-3.4492956436299386e-15
55,0.12404947747763878,0.04023155178437992,2.1190920294875665e-15
56,0.12008302478311376,0.047599675239654624,-3.2737457015757063e-15
57,0.13916560121433277,0.06105213135505867,-5.121655075113572e-16
58,0.0893051869484368,0.036849515608739475,1.2670157740259043e-15
59,0.19156585995643763,0.06990442435913612,-7.472170305852913e-15
60,0.18700367228222078,0.08903217888491961,-2.6350596706449e-16
61,0.06513514052020175,0.0264762385684408,-5.572479493136508e-16
62,0.07178727904734386,0.04017178191519698,-2.2223471160733013e-15
63,0.03741703383625069,0.03153656134162006,-5.254186590773327e-16
64,0.0762738325949875,0.027485395941078808,-4.545179192790269e-15
65,0.16373128610153279,0.06521455778958438,2.417794890874811e-15
66,0.1343788155023667,0.055890892100364985,2.0651741533079557e-15
67,0.7027237925781981,0.07189387670189985,9.054237550150064e-15
68,0.1744153470359528,0.03474040330786511,2.5126671780410832e-15
69,0.7598621338510122,0.042399481187730195,-1.9254294469598345e-14
70,0.15109033911877534,0.03615433560155091,-3.2392368123888905e-15
71,0.10140314160775948,0.03824734092345104,-3.3669522920970747e-15
72,0.19760321845197654,0.051379699192369545,3.09674732765634e-16
73,0.030046270202258633,0.021799443655153187,-3.1858258873620767e-16
74,0.26490829213490497,0.03443013119472435,-1.0971002319270432e-14
75,0.07107403663638533,0.03852812055795507,-1.333643639822065e-16
76,0.19780457559033718,0.036154650494456014,1.3376992490444401e-14
77,0.11266312096796273,0.03690323874116802,1.2255182010898172e-15
78,0.1380227065446034,0.05437682576105685,-1.840667214212197e-15
79,0.05260291211677943,0.03627777822000408,4.875856187600345e-15
80,0.04724266320399927,0.029372680890774643,1.7055285211952014e-16
81,0.17825577327977865,0.05580730160364805,-5.954688412104605e-15
82,0.122225852997074,0.050836368234616604,-3.769616350604307e-15
83,0.03876010463034481,0.019823254668075527,-1.1441027512205549e-15
84,0.21910901475988392,0.042733286238154186,3.0887809523981036e-16
85,0.1478218284489632,0.05148388501443418,-4.7226120962691755e-15
86,0.10378665756996229,0.04701879550893266,-1.5272989801904714e-15
87,0.057171681699342156,0.027679163284816836,3.501348663783189e-15
88,0.027436719462388036,0.01654210857839021,6.291625914175504e-16
89,0.10814513574419346,0.0583813579433796,2.265166383086323e-15
90,0.0822421288900235,0.040130856639171625,1.2893940463422235e-15
91,0.11513689586730323,0.03631715633554337,8.74722487673031e-15
92,0.04220083921872765,0.02044275545593899,1.4836287594566833e-15
93,0.07072017358942881,0.03850787058219477,1.6523891771431004e-16
94,0.05935321961078924,0.030360051316549393,1.898206170054642e-15
95,0.10817686877846562,0.04023159791511026,-3.3741220298294877e-16
96,0.09786203156646321,0.031753220110997106,1.07002904036769e-16
97,0.2831312914567962,0.049588142956178534,6.987235317406073e-16
98,0.04488688843242481,0.04349772243786825,6.907571564823707e-16
99,0.21836971281537074,0.06227665492569237,-5.887875531769421e-16
100,0.07369597619505368,0.03622037501863447,1.1792408029987883e-15
101,0.08782004952925103,0.037537635542807514,1.1093876302310665e-15
102,0.05047099431889151,0.028726196473967312,9.84028398375363e-17
103,0.17068937383816254,0.03594160326275423,-5.028303641405691e-15
104,0.23621092272894478,0.05298133082219628,-4.866586223663488e-15
105,0.1344126704349573,0.05104487033352488,1.395201994090257e-16
106,0.04181916410042207,0.03258700966884291,-2.9004848099306926e-16
107,0.06012297861616516,0.027956618622270155,-3.2724240074987714e-15
108,0.28160209497014566,0.04831012014592521,-4.448423944199323e-15
109,0.4911552084555047,0.08278528640451725,7.451385308588241e-15
110,0.07247753695515853,0.04413446677183873,1.6367280076013397e-15
111,0.4993570131956886,0.09849545254628132,2.3493564852472328e-15
112,0.7404168733328934,0.06147171332319713,-1.4143719898253046e-14
113,0.3480962163187387,0.06823000902425072,2.4794256667362597e-15
114,0.12335200036468505,0.06252613671998082,1.628761632343103e-15
115,0.36452568022986503,0.03867635692014239,-1.7605327212736622e-15
116,0.16544173538221607,0.06613316764266568,6.236223395334131e-16
117,0.4204526428884907,0.0774992600948447,-7.44856086645123e-15
118,0.0441859773973464,0.026284013644529165,7.710002818107904e-16
119,0.17426352768580733,0.0485902557980332,1.6526245473211846e-15
120,0.15956564019562458,0.06861318294137904,5.872015202846205e-15
121,0.06763600139030214,0.018096144726368894,4.506216375618166e-15
122,0.3040270301895224,0.04919045374251242,1.8836675352083604e-15
123,0.2582970777788854,0.05644294952841585,-3.783738561289363e-15
124,0.15942215261879586,0.05860221579326641,-4.269687452041796e-15
125,0.4231951262090054,0.04635332082840947,-1.023027426344094e-15
126,0.02848877761616306,0.017147684718602473,1.3575291865480393e-15
127,0.20905113072635528,0.04307267079118371,-3.613837503509153e-16
128,0.5698898566132622,0.06447178091931216,6.06458421931576e-16
129,0.07579066336148692,0.026168096747627993,-4.581462411011874e-15
130,0.15201363905708354,0.050363159153258424,-2.2573086402179716e-15
131,0.13914126900774207,0.04913470804129281,-5.21663599466973e-15
132,0.2420708901619734,0.04348666611286844,1.0670597550441654e-15
133,0.37783196666911206,0.08278993273230328,-8.413940704562993e-15
134,0.04948753772048291,0.03004291906449499,1.291421850953411e-15
135,0.09702124681822037,0.048752934614691816,3.4432846513896327e-16
136,0.6819932633157098,0.06304603699545301,-1.6570965807047856e-15
137,0.5417615094019574,0.08805791439859352,-5.125420997962921e-15
138,0.08024388651845304,0.03423276680397816,2.238841133937514e-15
139,0.10312279390753105,0.03629804735196059,4.2545875498477744e-16
140,0.6050120811618538,0.06618244989910249,-3.5389535760817285e-15
141,0.07404192611573454,0.03261848773237363,3.6467893284409495e-16
142,0.3570582646582785,0.05421397749539653,8.568922914132324e-16
143,0.22539595418106256,0.0596563112181265,-2.0099888992463534e-15
144,0.2599847117200812,0.06556273381079353,1.356818549664208e-15
145,0.17506613834716486,0.0578985563932445,-1.6558699399690004e-15
146,0.03179969852906119,0.017030423723060604,-6.189149359717279e-16
147,0.3481021789922435,0.09409507688712788,5.341237345867876e-15
148,0.10939717068015162,0.02599045228682585,-9.25910069786864e-16
149,0.06038706245132226,0.05457494206275317,3.2277942006543325e-15
150,0.0687556631151817,0.02830780603353638,5.371690625832317e-16
151,0.10075776450995932,0.03309341059794053,-3.6307841563312196e-15
152,0.4079172556036034,0.05896923009034868,-7.26352369568037e-15
153,0.13192180074689674,0.05652913221680797,-4.808418105229625e-15
154,0.2659329787257794,0.06390204249403923,9.427806799360115e-15
155,0.08066867414216658,0.03658038488470397,-4.731121633476837e-16
156,0.11301073299652122,0.03811272780972939,-1.6057315656874736e-15
157,0.46877385160741475,0.09264852112792323,2.631418222408962e-15
158,0.08134521439154298,0.042415300051611274,3.943066066454095e-15
159,0.0492844239791117,0.030621750927146373,-1.409324204775313e-15
160,0.12135161981061514,0.0443872951779248,-1.6964758220381143e-15
161,0.07441922118652326,0.03872922283309449,-3.5785319767965134e-17
162,0.039919894430956386,0.031791180908237064,2.9873907218387283e-19
163,0.09985518551542492,0.034475335056978126,-7.552485852774589e-16
164,0.3034016216508063,0.07009440695997665,-6.797418321480272e-15
165,0.34325394257958014,0.08639438231539304,-8.561391068433627e-15
166,0.17896725291906893,0.05747460202127746,-2.771284687560746e-15
167,0.12759242321486755,0.0439515486476737,1.913769457286767e-15
168,0.7854627815597544,0.0632689943015745,2.146326169631747e-14
169,0.39633648448893305,0.046864349800340446,-3.571597609242184e-15
170,0.047185436732961245,0.03026101134450236,-5.093193388963691e-15
171,0.2328663022710182,0.07866313271800175,-1.993331932797313e-15
172,0.1647714101662114,0.053190968264051675,-2.7472769293961515e-15
173,0.22579281407404245,0.06583826022304276,-4.544454976857702e-15
174,0.07781909812040037,0.04789730741241545,2.9827919506669284e-15
175,0.04781398877696077,0.033943092278337667,1.6521900177616444e-15
176,0.21905054540261815,0.07712981928538576,-8.661622553500895e-16
177,0.5065431038328735,0.06058943335880717,1.2177546062926994e-14
178,0.34142805910196306,0.0986320792996114,9.409013395910002e-16
179,0.20842776530946883,0.05280050506828148,-9.808816801483595e-15
180,0.5869487201363555,0.05508681431079193,-1.4201005378519093e-14
181,0.3265585131699172,0.06104844454538381,1.6384661258395003e-15
182,0.064910484310366,0.03058408202525311,5.785036869344912e-16
183,0.5495825770151735,0.05282596713424928,1.4626699503681956e-14
184,0.10896289632201288,0.04537993968413889,-9.755188611677012e-16
185,0.06521946693032489,0.042995188275838765,-1.8509148696580195e-16
186,0.344065646602962,0.05026948938417584,8.599412404893394e-15
187,0.07034099732871786,0.03264535626202903,1.995905162532715e-16
188,0.05948694302420643,0.022678626820304273,9.32862542739507e-16
189,0.04504484719173099,0.0237326834239332,-4.406288155972661e-16
190,0.07400578858116702,0.07088225600694326,5.21290628261701e-16
191,0.14469835647051604,0.04702006869439775,-4.848625668535827e-15
192,0.23385395423980615,0.04214250648604109,-5.724582944373885e-15
193,0.038111370784644744,0.030375645962239076,-1.2262786278190125e-15
194,0.045848302815566934,0.030453908138688947,1.294535979463449e-15
195,0.09560875641425344,0.03627093736217263,2.6164473211779293e-15
196,0.15960700808398207,0.053943544008050626,-3.869051198145751e-15
197,0.14473696731278624,0.040799690763457526,-3.825055080242308e-15
198,0.32792332615324227,0.07137074747450244,-2.08327955162213e-15
199,0.14458693228469974,0.04569770197143988,3.031866632797497e-15
200,0.18978772257226914,0.056564783690320024,4.962273253753898e-15
201,0.09212053468050682,0.03848558705503756,-4.347685507979258e-15
202,0.3198471618808698,0.05120909301861552,2.1159054793842717e-15
203,0.4925950116412408,0.09972551780595139,2.013501346519303e-15
204,0.5605267720243106,0.1081167186102693,5.917858071377693e-15
205,0.28035043555127365,0.09696901825509556,-5.681184304614809e-15
206,0.031122338677794924,0.014125475826880025,6.671391170164884e-15
207,0.10280886140688074,0.04504301764570557,-2.8766581057492396e-15
208,0.15374430285774715,0.04662001290661892,-1.7909860012381033e-15
209,0.13079890768999747,0.07663024350799638,-4.798654769188707e-16
210,0.09317435588009783,0.032193317669807646,3.412777055230249e-15
211,0.1982564915932501,0.04312478207589421,-6.3049333819364215e-15
212,0.05416272589265777,0.03469940788344672,-1.4078757729101789e-16
213,0.4818646982365095,0.08399034668472831,-7.217825670335395e-15
214,0.9082423169784939,0.056600605338137856,6.682702517761664e-16
215,0.20535375403619271,0.06145033670066429,1.138250181215498e-15
216,0.08866510026817219,0.032793216696719106,-2.44784985207634e-15
217,0.03386620487472511,0.020949424461314772,-1.6857574262361232e-15
218,0.1338617759025566,0.07021645048716271,3.643276881168e-15
219,0.10571844096315967,0.0372120003499918,4.131507052108019e-15
220,0.17002241615734312,0.049903410204137175,-5.660182042570368e-15
221,0.7665047612807648,0.051562363869663785,3.5089710364734562e-15
222,0.04867803842423313,0.03018489797817323,-2.7527809704836604e-15
223,0.4755797042131899,0.05358488777493076,6.425026488954339e-15
224,0.7027139261885962,0.07145711847423446,-5.324996803580062e-15
225,0.2598401604962073,0.04735028551844495,-1.3396546320623709e-15
226,0.06221332641215068,0.029691254257833866,5.314296513176385e-15
227,0.1370961217279503,0.04348178512234442,-2.8688365736775162e-15
228,0.1117634518739188,0.04954738550751052,4.62013554181095e-16
229,0.1340652303315185,0.04108285026004585,3.5247589438034162e-15
230,0.7007564986654147,0.06719018939829499,1.1504894304758798e-14
231,0.5573200598971341,0.07599705033622456,7.953339371450404e-16
232,0.081094840019244,0.059227240493369165,-9.237374219891632e-17
233,0.09183507882441869,0.04227536090314577,1.0877723307155806e-16
234,0.06196425335173509,0.030887380007684102,-2.6893758655874224e-15
235,0.34718078153460713,0.0692837488470091,2.7956183428949962e-15
236,0.043226466229088115,0.03134867755044552,-9.443775760673217e-16
237,0.1827450935725157,0.05132260618567839,-1.483375283880285e-15
238,0.0881627073228491,0.036880146745487855,-2.4643257645422385e-15
239,0.1650202485284677,0.03457407746589904,4.318644449083323e-15
240,0.07723930543300819,0.026563628939951667,8.308929394340783e-16
241,0.10542812619671875,0.048166159893355744,-6.626575782987725e-17
242,0.515592640731601,0.0873135696985535,-2.74796493453209e-15
243,0.17732706374520152,0.04178807619915362,4.2960489119872333e-16
244,0.054999253862629806,0.02732385434718338,-3.4456745639671036e-15
245,0.4071857127524552,0.07711253487623898,-7.237162235734933e-15
246,0.04978620946033053,0.019525396013998487,-3.936982652620533e-15
247,0.6166446002495192,0.05617645006282304,-5.08290952272124e-15
248,0.850820207720204,0.05392906397518801,-3.923801922647813e-15
249,0.0752445384599959,0.031470197075658485,1.4401758035026655e-15
250,0.04627132691659543,0.021151998308115424,-1.3880322563578442e-15
251,0.17607632462671305,0.05692432861049153,4.71955228395408e-15
252,0.6295658329516863,0.06753048962341099,-6.3632508699063765e-15
253,0.1080146433270001,0.03548293374605618,-3.1691689209130367e-15
254,0.6219556603365378,0.05699148856393164,-1.7701285823801745e-15
255,0.597319968997457,0.06045584668424986,1.6064268129827378e-14
256,0.4212260242581768,0.058325216717749775,1.470788410972271e-14
257,0.699849938717496,0.05909622323071025,-3.2625475127183896e-15
258,0.6088245328596745,0.04839734830075327,-3.2882300202270454e-15
259,0.2089140792095101,0.05615727002262809,-1.5869019514407326e-15
260,0.4909540200765382,0.06237943507551204,-1.4962301166833485e-15
261,0.12694186758478973,0.032764794419570274,5.1265435326584e-15
262,0.061142285982623994,0.03331876898201959,-1.730876078835045e-17
263,0.060393424090206566,0.01906035940280864,5.289709382265737e-15
264,0.7932787940873778,0.061214046310198014,-8.600643571978757e-15
265,0.4492740817269211,0.06517067812141972,1.3599145727759317e-15
266,0.5713991275073926,0.059588278959371056,-1.5543484452718476e-14
267,0.20949076998457142,0.05275615282249015,5.7081251373063e-15
268,0.13221408290072087,0.04648280140077634,-4.252813220812986e-15
269,0.042629662327642676,0.01722496078975842,-1.1237296517675305e-15
270,0.3421426446359661,0.039143819570524034,-5.4785486866825726e-15
271,0.6456220345189351,0.04806376946922089,-6.047782409680207e-15
272,0.0926925508327424,0.03816377339208229,-4.3827737699121274e-16
273,0.7413632985176962,0.07448642113502417,5.4639195248447206e-15
274,0.28192902443456547,0.045667863164454967,9.854913145591483e-15
275,0.10420158528653871,0.03672318404351103,-4.485562642491272e-15
276,0.6766683482129778,0.058582870079759757,1.6429562646214157e-15
277,0.5415792390805008,0.049283042915261956,-1.0081991051247854e-16
278,0.4208054844640218,0.030418243557643644,1.8046881666822703e-14
279,0.497573849342709,0.045359733690348646,8.8555313694457e-15
280,0.06263192964505665,0.01764129503379346,8.405612221338473e-16
281,0.6326981933548479,0.04644251578756286,-1.2047911410997507e-14
282,0.07837423910132443,0.019998447018841667,1.954224272438697e-15
283,0.2624002538180381,0.033944140799401244,2.6315834341685787e-15
284,0.21284702624483504,0.04157446607047064,4.244846845554749e-15
285,0.06837369189327906,0.035048533750960516,-4.3929490037646934e-15
286,0.06815376111899443,0.02116189451540603,-5.357314939570863e-15
287,0.23433062648079114,0.05177325831696205,-2.9941983516048578e-15
288,0.30727926532838196,0.05483549742994543,-1.1570363425062852e-14
289,0.04450434217293407,0.01533005028005471,-2.5670557945768624e-15
290,0.06899955300934045,0.030887275979697357,-4.065386137464655e-16
291,0.5724397657433312,0.04634391672573273,-3.345538584875943e-14
292,0.6413856642698317,0.0632949215279293,-7.951076196661133e-15
293,0.6066642003337648,0.05541504287975524,-2.060104641779987e-15
294,0.38559375515666494,0.07252647171745956,-9.165676842567502e-15
295,0.12053530512288749,0.04471011172153884,-2.8790842291233387e-15
296,0.04125234967796792,0.023217845954496906,-1.3695556973782294e-15
297,0.1262483108497843,0.03514124730665453,-2.150341946977831e-15
298,0.27797797766625176,0.04804705304823247,-4.795594956873611e-15
299,0.5588774798138253,0.05587915698979351,-8.602888641369715e-15
300,0.07255393581636618,0.038687756908280795,-1.825313836441777e-15
301,0.19204229234612813,0.0736550267019976,-3.5656771439934495e-15
302,0.4681210720070595,0.05975073119402465,-9.21593742828765e-15
303,0.8344979590331679,0.053949987452317535,-2.6696301181859843e-14
304,0.10924308774076495,0.03933751931303261,-4.010762150750792e-15
305,0.5594342988948066,0.05383125645619845,-8.006931350460359e-16
306,0.29187174597276105,0.061489414746427114,2.5170486844331135e-15
307,0.038297187582818075,0.014109031494644219,-1.779108859944005e-15
308,0.042900632919946,0.014031766185295558,1.0247655445822547e-15
309,0.36701917911706944,0.05260834128942643,-1.789392726186456e-15
310,0.1578038476172644,0.053616661702790995,-1.652660758117813e-15
311,0.10932189664054094,0.03944034440435081,3.8796247507612285e-16
312,0.04961172956569699,0.019439162952848574,3.037361621185849e-16
313,0.5059978463961331,0.07410180188280892,-6.639321983400904e-15
314,0.13563682083580197,0.04570659137617268,2.5845818201449827e-15
315,0.4660799889242894,0.05413424236472028,-1.6981560030016698e-14
316,0.17410659357690614,0.04445364230553153,6.415539260237712e-15
317,0.8215692827751412,0.04828599268373745,1.2376560601196397e-14
318,0.5573869776647908,0.0935418540882926,1.8750747131684535e-14
319,0.7869911319807825,0.09035163876627046,1.5806157571460513e-14
320,0.170616564809333,0.04431074987910534,2.2715756940895406e-15
321,0.09271550979530405,0.03624859949428161,1.7475330452840852e-15
322,0.8892753986965707,0.04672782370899528,-3.2247887045341795e-15
323,0.25382569811956357,0.05606837618656709,1.4818906412185227e-15
324,0.9340094314757929,0.033545101168644446,7.79140468892843e-15
325,0.17488172246796152,0.03625347553165168,-2.9738116731030978e-15
326,0.05933664459947074,0.03493262584490341,-3.484474432554379e-16
327,0.06747364839305028,0.032312859531246255,2.0726335774133958e-15
328,0.1529750805516719,0.039345964129538676,-3.0987751322675277e-15
329,0.13848033848913394,0.03563248993914587,-3.048876654513664e-15
330,0.09610456580451013,0.02771601023387061,4.029465027209334e-15
331,0.4513459449578804,0.10704709486480736,-3.123470895568061e-15
332,0.06586044389752796,0.026133507522446118,-1.862719589358861e-15
333,0.07640291639652809,0.03337887482393201,3.940006254138999e-15
334,0.7375705825381638,0.0626843883189118,-8.361652314231659e-15
335,0.07867829751081654,0.025100182912287886,-1.595158013071996e-15
336,0.8166254044414604,0.056816865957601784,-1.4570319293331617e-14
337,0.20525736750040363,0.05393847869707776,-5.152044986183914e-15
338,0.05686566241815313,0.021613375926895332,-3.3298181201547036e-15
339,0.07940212848456163,0.025123901389794083,7.712899681838171e-16
340,0.5056056466601002,0.04319336009571756,6.4333549721788585e-15
341,0.11972568988565042,0.03039791955208741,6.973475214687301e-15
342,0.06055880859800093,0.0264042551658876,1.7212440069319044e-15
343,0.2104090010427125,0.04370442598136971,1.0069348956874982e-14
344,0.8699320303442831,0.045834416343052596,1.4446731844439065e-14
345,0.09589845900989154,0.0319953253260611,4.03662571224259e-15
346,0.2031976674672095,0.047462546802356634,1.5613371290211186e-15
347,0.11450248402858101,0.038031047584075287,6.400982519993116e-16
348,0.14866510386049034,0.042006320402144644,6.3211015026309795e-15
349,0.49321311168940923,0.07179851813675163,2.882958784362572e-15
350,0.059060727702343344,0.023650949664946384,-1.6617134572749e-16
351,0.7015552523175191,0.07427837541916625,-1.156533012433151e-14
352,0.04820585414761578,0.02186007533925194,-2.0090836293306445e-15
353,0.09407701216908933,0.03396527995648034,3.046921271495733e-15
354,0.07447835657180177,0.0358479775018299,-8.503471899226584e-16
355,0.09281937173435424,0.029143828231038227,4.570237064057086e-15
356,0.41444572395032864,0.05323456726792313,-2.42724590879481e-15
357,0.03845075645805918,0.02207662595367192,6.115641442561732e-16
358,0.20750465939606785,0.062378958769296694,-3.3482675210368468e-15
359,0.09194251961142091,0.02761446298805799,-3.971600174197233e-16
360,0.26512560184113415,0.05493886955130881,-7.10021300288652e-16
361,0.1656026174559421,0.041761009416417035,4.192811930799813e-15
362,0.8893643958684248,0.04582379205118827,3.1201032914816245e-15
363,0.09429625160297518,0.035145441216401396,-3.907108745402145e-15
364,0.1337870144150207,0.027694974036519385,3.29931052399532e-15
365,0.056745449410365974,0.01944059286808735,-4.975797986294586e-15
366,0.05796982503857717,0.028682627042185063,-1.4635317673279502e-15
367,0.14252483027075682,0.04114364046595331,5.583342732125013e-16
368,0.09860610558081621,0.03444817109366219,4.402146546108293e-15
369,0.7339042541796039,0.06595625803436933,5.989265762328796e-15
370,0.0799862230397739,0.03515947952740911,-2.055614502998072e-15
371,0.767925503836421,0.06244641019326838,1.809815615484844e-15
372,0.07584946373688845,0.025891916057751853,1.5760749232488564e-16
373,0.5605250551117716,0.07526979075256597,6.303815373590522e-15
374,0.6917395164534557,0.05862493993848545,-3.729356734277951e-15
375,0.11005998412864887,0.042632785987078856,1.0666976470778819e-15
376,0.06793459817481332,0.03103200409886548,-4.930389647322638e-15
377,0.6139422713640253,0.07333762416741083,-5.169743013036019e-15
378,0.18774973269338155,0.044646798964260374,-6.526633984293484e-16
379,0.16100346334017684,0.043846687487280565,5.943857423356848e-15
380,0.3082138827918623,0.048439310764080507,-8.043866363021275e-15
381,0.11626803129733179,0.04156667092641325,-5.00049374959512e-15
382,0.6830792012237421,0.05533553303205466,9.760765074357777e-15
383,0.3391643753323521,0.0335446398138282,-9.74251483285709e-15
384,0.3999665878972955,0.03463493784358827,2.208967226719127e-15
385,0.09041514005862139,0.02817181654822026,1.0553274569365805e-15
386,0.6726495884025676,0.047329329064275845,2.8309890490415667e-14
387,0.1674007596002185,0.04054170971862923,5.357677047537147e-15
388,0.05280720778495806,0.017515229217937807,-6.7403501059939955e-15
389,0.23391711442316648,0.049273023791625896,8.594270471772167e-15
390,0.08124853314838473,0.037697751214896484,4.4517191266925025e-15
391,0.06750483303431457,0.02724857230012961,8.871645173945315e-17
392,0.10752139117101184,0.04476364129655073,6.240206582963249e-16
393,0.09388764401931801,0.04487115784381614,-5.195506994837089e-15
394,0.06290600031725703,0.022104028410041148,-2.29351943684632e-15
395,0.401580557840517,0.03482030631004749,-4.545179192790269e-16
396,0.15699620103854073,0.056140142629965514,-4.2670802746845547e-16
397,0.3786057273671536,0.08516825569588679,8.239504244505083e-15
398,0.1356875736631851,0.06130871077328467,-3.224643861347666e-15
399,0.1592144384809651,0.058194773555726935,3.640343806641103e-15
400,0.6282595225321597,0.046643964482622015,8.189089762899265e-15
401,0.5138833887321465,0.03958746968872177,-1.087917173902094e-15
402,0.03796905923344681,0.01789304327221505,-1.959221362373409e-15
403,0.0578255787510636,0.021848095709584354,2.432387841916035e-15
404,0.09511053046549482,0.028549784885207898,3.727313087443239e-15
405,0.05768201971875234,0.02873799877995537,-1.5913196686293911e-15
406,0.1677824194060065,0.042517799106062536,2.300100749133522e-15
407,0.06708046577523914,0.028121710414235418,-3.8209632602233046e-16
408,0.18629026430425075,0.0430406152466254,-4.943063426142559e-15
409,0.4635833620009515,0.03987085011683521,6.1861076528004975e-15
410,0.26812056793925226,0.042520986341223775,4.815347946434375e-15
411,0.2623690183951173,0.055725884290140616,1.0436358959752028e-15
412,0.14736929326765652,0.03933330602202599,-4.036489921755233e-15
413,0.15551142959783298,0.04824121971649332,4.0081730787918647e-16
414,0.054734332145395824,0.019174440389268237,5.326825448809794e-15
415,0.07715364749118889,0.027892690875045506,-4.1557456541011195e-15
416,0.6873432924364006,0.07441713943857023,7.95913309891094e-15
417,0.10217563373756891,0.035223562702888886,-3.2888093929730992e-15
418,0.05272941874339229,0.01836740344447471,2.980510670479342e-16
419,0.6026393322901651,0.07319095385604224,-1.9555278611173174e-15
420,0.1268869447340715,0.04281965418798893,-2.524290843758783e-15
421,0.13400791832650724,0.04738346101612154,1.7877270295415519e-16
422,0.11238472211723023,0.040726435663799,6.720542800238289e-16
423,0.5752952268152652,0.06752931937920714,6.821317447254982e-15
424,0.07301153320900712,0.022160291964282073,1.6390636039838683e-15
425,0.49214552464381867,0.05243790814389821,-1.38777153862212e-14
426,0.6880823804231417,0.06512448690502805,-1.1431024279636967e-15
427,0.6649895016944474,0.055139042186324774,-2.3824275794904242e-14
428,0.10943301284285364,0.03251609548955353,5.954811189336923e-15
429,0.054208545699023857,0.02777712864059937,3.2190673986669005e-15
430,0.08978046983299512,0.045566193674865946,3.5822254780526044e-15
431,0.7196607447709935,0.057507122207710856,-9.045312154574872e-15
432,0.6129807088073538,0.06263214707026171,5.987672487277149e-15
433,0.4505440614089038,0.0650038713090793,5.486080532381269e-15
434,0.6433563657585704,0.0778975708960854,-9.973467293752695e-15
435,0.6405406854223803,0.08290056641107107,-6.273882623827613e-16
436,0.07307720971876666,0.03397553640100583,1.0696669324014064e-15
437,0.13738904528641277,0.03925380239396277,-4.479420386113189e-15
438,0.7226965839626563,0.06989427290744055,-4.13016725263277e-15
439,0.3143470035672056,0.05361922896453538,8.092388830503261e-15
440,0.1726208029818405,0.03699961142964719,2.4761723529766816e-15
441,0.46371920650795906,0.05494949288701769,-1.0317469861722003e-14
442,0.05151276343600469,0.022377119048453516,1.7482572612166523e-16
443,0.3597219310627368,0.04316586758557467,1.5104971705549177e-14
444,0.7725244125072528,0.05656948571785382,-1.518570367663208e-14
445,0.14252425579948377,0.0474093243794654,-3.058146618450521e-15
446,0.0681847314829265,0.02937628125637838,1.0741751765816359e-15
447,0.04406525301203386,0.0352728684712814,6.362055913617641e-16
448,0.13853518255024191,0.04951712948596957,2.7758472479359183e-15
449,0.6606038961006819,0.057891237509804565,7.859770672962753e-15
450,0.8009287725783318,0.04586079768178607,-1.6049494124803012e-14
451,0.09085857137818089,0.03847326908039568,-9.161874708921526e-16
452,0.08429691083098229,0.029361874381982445,6.230212403093825e-15
453,0.15779505587642867,0.038034878427465356,1.1708398981810115e-15
454,0.8025548615169135,0.08455592473619286,-3.0735226279688333e-15
455,0.3394135709031658,0.07815720607438692,-4.721887880336609e-16
456,0.06429218225294854,0.02743606159304316,-1.4013578295170764e-16
457,0.15052617085547249,0.03950132734193191,-7.094749698945218e-15
458,0.14623000583199788,0.046261724125366305,-3.5189652163428806e-16
459,0.3494192548577267,0.07189790410714315,-4.179015617284412e-15
460,0.1554735641603268,0.05115551088063796,-4.801551632918974e-16
461,0.25151584740883437,0.062295964743101916,6.788655308696212e-15
462,0.47143527933360513,0.05809289296967775,5.680170402309216e-15
463,0.08877367586523285,0.034664371631173925,-2.7162720005768256e-15
464,0.7718870068909085,0.03884742721340662,2.2625411003307678e-14
465,0.3662914664873778,0.04994773864297368,7.401016090478208e-15
466,0.11377191529589797,0.03641234541664867,2.4961278966810852e-15
467,0.43266843470632615,0.040303574290962665,3.2374805887524155e-15
468,0.10061409372906026,0.02708832872077171,5.589208881178805e-15
469,0.06134762330734404,0.020672068863251902,-1.7077735905861588e-15
470,0.124639598214393,0.03504601341406294,8.492156025280225e-16
471,0.20524988322306198,0.03848639426950115,-5.2504568787206075e-15
472,0.6788876913630371,0.050778438373937355,-1.9395154468482618e-14
473,0.09552947929485855,0.0305544265864963,-2.5375077845281303e-15
474,0.24553582401053115,0.03893734470577452,1.1628771440024376e-14
475,0.24334842512055044,0.05890644387816873,-2.2138556842639538e-15
476,0.1485606216166027,0.05174679206699422,3.428257170788868e-15
477,0.15028389112693863,0.04245988461820365,-3.042358711120561e-15
478,0.2281225652564856,0.06098945815336642,-4.0152703949310214e-15
479,0.11256581027435887,0.04347033993641479,-4.191861397388318e-15
480,0.08353387105089674,0.018971953211830428,1.887161877082996e-15
481,0.3011581155381893,0.050889297619326875,6.4534881751042206e-15
482,0.6620429005950964,0.050826541937990466,-5.7676556869633055e-16
483,0.380644461808284,0.06776885947119822,2.1107997570596748e-15
484,0.12596704305176024,0.03994248499032673,-8.142070043477354e-15
485,0.150149173517553,0.04268606268249978,1.1659876514328129e-15
486,0.7439344476734349,0.07840007071318551,-1.4624092326324714e-15
487,0.2328889670341211,0.04550480822207444,-1.1075253202763446e-14
488,0.14195327685668713,0.053419406987825685,-9.387286917932994e-16
489,0.17836729140518168,0.07736493879653535,-1.159777499811051e-15
490,0.24676479422648645,0.0673112095575623,7.334207170698906e-15
491,0.049552348589554145,0.016600132403002017,3.078750561732051e-15
492,0.43309721837716164,0.03864516995269839,1.2597156774256293e-14
493,0.5221032629325838,0.051568701403922015,-4.219721079044254e-15
494,0.6608444715693373,0.04314531645636442,1.4968819110226588e-15
495,0.19234993051390392,0.05286400829943353,7.968873803203965e-15
496,0.5643902559688476,0.06263226226166113,-1.0829925055606386e-14
497,0.060175749352484854,0.014148840087470997,-6.054010666700283e-15
498,0.42075159059829553,0.0510477737776283,4.321215415643935e-15
499,0.22744887708837863,0.039283783014703776,2.8464220905645687e-15
500,0.23867438487570689,0.04838014092006016,-6.851734516422794e-15
501,0.08322009708470426,0.026617716964672994,-5.3813589085320866e-15
502,0.21700384000577339,0.0429194647835591,1.0673494414171921e-15
503,0.05808508290920941,0.021507202940347286,-4.873176588649847e-15
504,0.7166999281860366,0.07478273111665845,2.4322285144108706e-14
505,0.8833180878480302,0.04342407162120665,1.827921013799018e-15
506,0.7400194066995346,0.06669742257378251,1.5051053829369568e-14
507,0.7847802987890204,0.05573136996833284,-5.1525066738409255e-15
508,0.045063013121308275,0.019434989209436017,-3.3367886985056606e-15
509,0.24334556050809575,0.03552124046303916,6.497303239024522e-16
510,0.43129383541056615,0.07898099979762434,1.0302931226875721e-14
511,0.0816548438423407,0.02511791427699662,-5.6016653952189564e-15
512,0.29052349356885493,0.039489496809151294,9.152496112594784e-15
513,0.44881099360837784,0.045861434920834734,-6.179734552593908e-15
514,0.17298921732325206,0.05650275517585682,8.660174121635762e-16
515,0.06964792207705751,0.03631328600648092,-2.0404783900074225e-16
516,0.05953288175960615,0.02677373988415533,-3.7665746436875255e-15
517,0.0937619027661193,0.03155997044289236,3.987605346306963e-15
518,0.4792235678644186,0.09918279344547412,-4.585735285014019e-15
519,0.04032865236399109,0.009974175260808519,5.7310827823686735e-15
520,0.5107669129807044,0.03899482880602493,8.851222284646926e-15
521,0.07976669893404721,0.04593105027117248,1.7669420322768799e-15
522,0.4361443187646787,0.05350163306203314,-6.158732290549466e-16
523,0.04305124307004496,0.02512983649618882,1.4080206160966924e-15
524,0.6207019377065468,0.03989121015756838,3.994720767844434e-15
525,0.8454511338916153,0.04733039955256933,8.878608962771904e-15
526,0.030876783053180208,0.013512231743078348,-2.3035860383090005e-15
527,0.7767590888932848,0.04817159270138654,1.3221611962112159e-14
528,0.5342038444834228,0.043106669291886834,2.2898259355902284e-14
529,0.21511619370707108,0.050234944290478714,2.346604464703478e-15
530,0.08102027941602043,0.035046013893139716,2.122604476760516e-15
531,0.10109528862677417,0.030236732535967592,2.206672367482805e-15
532,0.06040865095011586,0.01599098517157112,5.1247692036236105e-15
533,0.10914540031713461,0.04001997232729176,4.476378679196408e-16
534,0.5875949155280213,0.04613146567892771,-8.128599627131609e-16
535,0.7916035102805848,0.0489993280318973,-3.3738178591378094e-14
536,0.2044211878901285,0.05580941223090963,-2.020345187082061e-15
537,0.06930336061584474,0.02367572314513364,1.9839171256739426e-15
538,0.45969325544992884,0.049014777245957895,-1.330467952957759e-14
539,0.835851048728222,0.06851960212197383,1.492692321852759e-14
540,0.057444914804632076,0.022923758601017214,7.385599343813689e-15
541,0.1238567752861467,0.0381269691760491,-8.328483224520091e-18
542,0.8104716332928248,0.05431823137714715,5.635160382100179e-15
543,0.025479599352083174,0.01333104423330454,-1.5648495762940686e-15
544,0.303104010542701,0.03487895666868947,-1.3822819818532624e-14
545,0.06427677762655744,0.03464544655546961,2.784207415607488e-15
546,0.1659374328195308,0.05709739855866169,4.518890154438088e-15
547,0.07380518209958704,0.02728925719271837,-2.360219724235737e-16
548,0.07458595637586707,0.01660537699965725,6.789524367815293e-17
549,0.47734690833432225,0.04921841003794284,-1.2456514040151789e-14
550,0.6887146297585309,0.03937666226137492,1.7240865544672297e-14
551,0.4676519682004305,0.03919944430951097,-2.068583399810515e-14
552,0.11681331189129553,0.046603253996693864,7.408366882193763e-16
553,0.6913189861745465,0.059390098451781705,2.5275606786943228e-14
554,0.040459877904551855,0.020211076157585727,3.7543353944271436e-16
555,0.5646547618556915,0.0734666972577407,-2.6831113977707182e-15
556,0.04827692869139421,0.030036792076562756,-3.684086448968148e-15
557,0.08646759922742396,0.0270664725368966,-2.102724749411553e-15
558,0.3766092759767385,0.041132631787194805,1.918973061921e-15
559,0.06271153019484203,0.036650524590660906,-3.4405688416425066e-16
560,0.11401549526996231,0.02528131525922217,-8.7535979769369e-15
561,0.6845293944693176,0.05493595050514216,3.3251288219913325e-15
562,0.5294467467634685,0.052591481879480435,1.3244316131598133e-14
563,0.6694034857806264,0.04721556238092431,1.2290627854447747e-14
564,0.23006608819466948,0.0516900195384365,1.092653546101082e-14
565,0.06215210926254656,0.02318986349277208,-4.398996206801627e-15
566,0.5670018679586748,0.04595056844549504,3.0264259606040877e-15
567,0.2524509014981383,0.04982604283511928,-1.0708474043714906e-14
568,0.23479080306824515,0.06565678783214444,6.731677620201506e-16
569,0.5891119597375013,0.051328966445151954,-7.897031582693322e-15
570,0.04854676416422134,0.021625662113545215,2.1884357050308532e-15
571,0.2336018449483582,0.035774073993306156,7.590018343479873e-15
572,0.23339463627080442,0.04728806955566105,-8.619120130958372e-16
573,0.12340197468237718,0.03127221571209256,3.2047279232020747e-15
574,0.598541462183327,0.053523730760225034,-1.6640490536574285e-14
575,0.1130467481718162,0.03341820986988071,6.470000298366747e-15
576,0.06302678062555148,0.025311381667022882,-6.16126704631345e-16
577,0.07809885070329195,0.03958740922855268,-4.356656732843931e-16
578,0.15555998651182337,0.05162223313770701,-4.765340836290626e-16
579,0.10932853507052438,0.037713411142886705,-2.872651720578531e-15
580,0.07793362561332784,0.017848567299594532,-8.557697567177535e-16
581,0.852177375986081,0.05753051381618175,-2.7667583379822026e-15
582,0.14360430044659742,0.03842747488744671,-2.9062061157979717e-15
583,0.7343847642000879,0.05785373975254894,-7.359645255330321e-15
584,0.16807244191500703,0.03618064514337942,1.9032032599893544e-15
585,0.05321841073548128,0.025588052689748588,-4.4375607052108185e-15
586,0.4801491507857371,0.05426192255452913,4.353261970660024e-15
587,0.06708077340406296,0.028652288802282683,2.993184449299264e-16
588,0.2653667620441805,0.04834330278715116,-3.835809686840927e-15
589,0.7668594264852739,0.04313295451780636,1.580822158686833e-14
590,0.41852185865241953,0.055263496317860615,-4.82931626123376e-15
591,0.9731482814757402,0.015553069816598552,6.593566020781323e-14
592,0.06390354179654793,0.022312878635397177,7.847468054808271e-16
593,0.11291752904787623,0.034476520462469046,3.2352174139631435e-15
594,0.06724048707483248,0.024510567274820552,1.1720710652663754e-15
595,0.12659651637736022,0.04455537850729162,-3.954544888985281e-15
596,0.33635200104916724,0.05523458960453461,-4.235106141261723e-15
597,0.09772981350779389,0.03200658491148705,-1.0932039502098329e-16
598,0.058909108940131606,0.0363023848532568,5.554736202788618e-17
599,0.262279912826511,0.043791593214661334,-1.1745515048354171e-14
600,0.09513761993433843,0.035097336125625406,2.1859733708601255e-15
601,0.10309783648802909,0.04063462951648352,-5.69059911173818e-15
602,0.6174493871084659,0.06122940876071024,-9.246607973031861e-15
603,0.23587564206958073,0.05111152900621954,-2.270887688953602e-15
604,0.06299041736403667,0.02130228636622824,1.1505980628657648e-15
605,0.39854068416461125,0.08017442728679779,6.238975415877886e-15
606,0.13346844716383943,0.03007078725012188,-7.579535317855965e-15
607,0.8044086240673717,0.06677065993080872,-1.448583950479768e-14
608,0.7527338752363524,0.0913815240636281,-4.69291924303393e-16
609,0.4007261293312511,0.061609870868972,-9.8264514594416e-15
610,0.7687017244672327,0.04924268770392579,1.9234740639419038e-14
611,0.233217684621836,0.06411081110424804,5.1080126574838424e-15
612,0.8015904978053393,0.06893737443497071,-1.8958524682737998e-15
613,0.11372080742333561,0.02582442874844318,3.209236167382304e-15
614,0.07909192137676872,0.043398879016477696,-1.1849621088660673e-15
615,0.6999118102886115,0.046625424401284,-4.4662215507421556e-15
616,0.09719611335799722,0.0266634290910551,2.931263987064789e-16
617,0.8227205260003514,0.06406155140014977,-9.556970710933433e-15
618,0.15207501510430335,0.04297047831727707,-3.6101802130496895e-15
619,0.11110495736621014,0.03425459236849914,-7.808496184937011e-16
620,0.18463713309204072,0.038732385820727244,-1.1672622714741307e-14
621,0.04227796306156402,0.02068485711457081,1.8787971830618477e-16
622,0.07308910505504775,0.024050595451963794,4.043949345860673e-15
623,0.1126918837084294,0.03954569527737717,8.304584098745382e-16
624,0.12263829853647513,0.026132588352210905,-1.7271101559856968e-15
625,0.5513529969421448,0.08181078595741423,8.856653904141178e-15
626,0.14870765409567768,0.04569505487157368,3.7065371428777243e-16
627,0.09551261993896495,0.0367148057019092,1.36949232848413e-16
628,0.21939265984419473,0.04214228099050011,3.269545249166818e-15
629,0.7298452766705361,0.06817425704329533,5.741656334984151e-15
630,0.811336994062066,0.04696288410356704,5.028883014151745e-15
631,0.04976567124827263,0.018477438460587657,-5.022147805978872e-15
632,0.640369526655072,0.044219575770499245,8.481618683461376e-15
633,0.12112191907859493,0.04348943938544315,-2.8255307240848013e-15
634,0.13021627166342997,0.042790697440233554,1.8230687670508195e-15
635,0.2561366860350616,0.0409524033354428,4.732298484367258e-15
636,0.22323371335229714,0.03763615357265413,-8.729517797179048e-16
637,0.18782306287476078,0.049542782356606,-3.79322579000599e-15
638,0.06061239369877114,0.026688556510828985,1.0378014313684601e-16
639,0.43697481118637155,0.06939536837897796,-1.3307178074544945e-14
640,0.20232930219632794,0.042348171203807974,-2.9802028787080013e-15
641,0.4439734954708442,0.03950507418483827,-6.039671191235457e-15
642,0.057657921628368844,0.027181616436969994,2.136437001072545e-17
643,0.5167215206482813,0.06333085256622652,-5.0334817853235446e-15
644,0.16060095703533447,0.04396009907283992,6.803646578500348e-16
645,0.3287717436355775,0.0745551720036098,-3.204655501608818e-17
646,0.04549630691794634,0.012329726240705781,-1.876027057119779e-15
647,0.08006287072678135,0.0343245002343036,-1.2610183608343342e-15
648,0.1718561851305121,0.0450253917326169,1.4222695645699474e-16
649,0.06668070049780549,0.04225690426211751,-2.1726477977008936e-15
650,0.13807777539171046,0.03647425313607576,1.8112640473499782e-15
651,0.06541924784080254,0.022182707120967687,-1.9818123731199198e-15
652,0.21711333882413536,0.050369494628774956,1.4086724104360027e-15
653,0.19636407306923823,0.03855746610324823,2.7167331224401398e-15
654,0.6135533508066648,0.13944347599745352,-1.1396624022840036e-15
655,0.6276968668850282,0.07207245625230627,6.1212179052424975e-15
656,0.7603133529672329,0.03950830992980947,-1.4433949433229258e-14
657,0.5581960509118653,0.07753347714362084,-8.06240629089499e-15
658,0.07828957460930125,0.030356332633170276,-9.43381779160042e-16
659,0.3431316801511508,0.07706984321292137,-6.677814060216838e-15
660,0.6160244540150221,0.06475703104639019,-5.191469491013028e-15
661,0.0641455807512226,0.022520702328253442,5.90702199048666e-16
662,0.29717550942787285,0.07371749323373253,-9.191748616139913e-16
663,0.2513012973053309,0.05505876941952951,3.2188501338871305e-15
664,0.2964430372972726,0.053916132982039275,-6.211020680880801e-15
665,0.08110183565629989,0.02012132387013524,1.5459113296574423e-15
666,0.5497014131793048,0.06669384424087042,-3.86687855034805e-15
667,0.6821558086614617,0.06732222100883568,-1.3069490405476468e-14
668,0.5787739764293918,0.06421354573974374,1.7272549991722103e-15
669,0.0971569677054012,0.023642216305032087,-1.431485212311862e-15
670,0.18047811572456313,0.033012449634890376,-1.6121951928856338e-15
671,0.041024718896711665,0.012847089485864825,-5.9792172662644295e-15
672,0.5956848415007409,0.05140878629274092,-1.843013673833714e-14
673,0.06155021335243434,0.022027954977418523,-1.528095617716295e-17
674,0.8384038739263162,0.06586490485557975,1.521584916482518e-14
675,0.7290991115459108,0.04237920788953367,-2.3585444656773486e-14
676,0.32815839049917833,0.08532886222656703,-6.416553162543306e-16
677,0.08568992601354837,0.024847628751028836,-8.625411756872547e-16
678,0.7382466582621229,0.0712194515988944,8.94363223764247e-15
679,0.09397201030112662,0.033908412089265275,-1.502820481669708e-15
680,0.1272693142794005,0.03532075700092822,4.141066702417903e-16
681,0.04862843996649371,0.01896702583645846,9.051612833188205e-16
682,0.057202651754359055,0.0210765420813944,2.1950984916104694e-15
683,0.21243601712190538,0.05739074695072939,-5.996507921654466e-16
684,0.4284935038814768,0.0638593259957749,2.5868993111291972e-15
685,0.4646226662375757,0.06408626291313792,-4.537140395938775e-15
686,0.6038149577145768,0.07956103761529552,2.991717912035816e-15
687,0.7720706736811728,0.06131257711576231,9.513952284538956e-15
688,0.7973495261024534,0.05565668942198772,-1.116505597840175e-15
689,0.2842335805768011,0.049320629939548104,1.1159805412890639e-14
690,0.0918793727575199,0.0341244015303329,-1.219145100883228e-15
691,0.09244948754684484,0.03182882702946576,-6.609194600606117e-16
692,0.7236068451298207,0.060465198330800614,3.473774142150702e-14
693,0.18198342701212267,0.03690948512485588,-9.028075815379778e-16
694,0.4603234411271528,0.07977500363431775,1.217696669018094e-15
695,0.08992941356251212,0.036240794345750546,-7.267506883309488e-16
696,0.10024937330817081,0.027885773762505006,4.632374791071331e-15
697,0.45214661904529785,0.05158303263781274,-6.227713858126469e-15
698,0.06614514703601641,0.025393420803948148,-1.1865949894765268e-15
699,0.43065352646344096,0.07436628508253809,-1.1693987084752032e-14
700,0.3541868023303796,0.04172681524083853,-3.8405170904026124e-14
701,0.1031095219165328,0.03941048925117571,1.479935258200592e-15
702,0.10300250652403753,0.045172072974262935,-2.853519406703725e-15
703,0.06193418201789242,0.02508683295861249,8.546472220222748e-16
704,0.10944845501407721,0.027466357587332842,-1.041813587634881e-14
705,0.08403708784571394,0.04134376733761969,1.711888042353055e-16
706,0.6236856509491403,0.051571336953447566,-1.2834735810934887e-15
707,0.08605953432993765,0.03177481971971826,-3.3614663564078797e-15
708,0.7899812286536356,0.08702772277644089,4.133643489109091e-15
709,0.6394375200386682,0.04931573885043773,3.348593418206502e-15
710,0.13733759281966432,0.045424879415187684,-7.607019312496881e-15
711,0.5140152979258436,0.062438912084246255,2.4796519842151867e-15
712,0.08948929747960863,0.035840277743045997,-1.657150896899728e-15
713,0.09292850886542386,0.02840967345863088,1.804890947143389e-15
714,0.05156051381292523,0.027654725975042878,1.9625889664598455e-15
715,0.1151833248810699,0.030863871895511697,-2.59593390488797e-15
716,0.4254493877549937,0.06090500142170851,1.8569620726949537e-15
717,0.5506578624572273,0.1067562372477835,1.8088017131792505e-15
718,0.08844243794656309,0.031267170828265474,-1.324590940664978e-16
719,0.06973254810504953,0.018927703652340817,1.1534949265960327e-15
720,0.06316198233801772,0.026191008776858947,2.2537599821483933e-16
721,0.10734021639057162,0.03441987237445023,-1.6947377037999537e-15
722,0.7784790966971009,0.10601000057574195,-9.458404922511069e-15
723,0.3331927710847408,0.06198550401041312,3.638967796369226e-15
724,0.03859753761993182,0.019408763494548724,-2.3519274518078456e-15
725,0.1577344286835675,0.04228577036383871,-4.902145225952526e-15
726,0.20823871184196474,0.04354598021808809,-6.870998660229076e-15
727,0.07745701564704262,0.023201901101807743,-3.4487886924771416e-15
728,0.6234813447322856,0.09742771039778421,1.0884820623294963e-14
729,0.10193166919791691,0.03487983997975463,1.0863238988504467e-17
730,0.24080970155441908,0.07013959187661246,2.3297664442712963e-15
731,0.10613390487574219,0.0298306724807384,2.393968186693358e-15
732,0.19360604559628564,0.04345024123068968,-6.535324575484287e-15
733,0.09343979214061224,0.030250998294890585,-7.420461288267632e-15
734,0.04648074556622365,0.02246261995942254,-3.8636920002447554e-16
735,0.10229607827199778,0.040750693777980025,2.4398834768181034e-15
736,0.07328271371945702,0.024432424112362853,-3.462657427585799e-16
737,0.1467568004338974,0.04990134776939143,-6.468008704552188e-15
738,0.1047767282372239,0.03405681379579432,-2.7978272014893257e-15
739,0.07938294941759905,0.029297167638263687,-4.099062178329019e-16
740,0.07128749493376528,0.020473464026401194,-5.1527239386206956e-15
741,0.056803896137472144,0.020809264337015864,4.047932533489791e-15
742,0.14407981701275532,0.047499288292610596,4.0762493764531597e-16
743,0.06498493311220116,0.02325256981642362,-2.3579565494464657e-16
744,0.5590150863382999,0.06416958742814165,-4.399955792912279e-15
745,0.5470087047715291,0.060457709597881513,4.202896637660808e-15
746,0.5195761713773821,0.04067825778716918,3.365340911647113e-15
747,0.07617117495647859,0.024596627552704694,-2.92597721075705e-15
748,0.6641302885782778,0.07532455360064597,-5.310096060767497e-15
749,0.05401179167275256,0.03104225081534672,1.3136190692865885e-15
750,0.11773094375616605,0.055793337693052114,-6.827871601444713e-15
751,0.5693486817241811,0.08838335616765072,7.601370428222859e-15
752,0.3799314210383414,0.04440642949944462,-1.912710404644127e-14
753,0.17921419020915041,0.07176769457816179,2.5675800024374274e-15
754,0.16306137763525824,0.050630936065635096,-2.6371598968493444e-15
755,0.19248765207149704,0.08573750005624858,1.5616992369874022e-15
756,0.05487957108502398,0.026480495478704888,2.745140492395079e-15
757,0.2220327720550951,0.03731692123946782,-1.5974755040562103e-15
758,0.14431164241150585,0.04082187466230865,-3.603698480453215e-16
759,0.07624154072798676,0.0336367121814798,-7.640115980615192e-16
760,0.06216979568466667,0.03112225937394378,3.3655038602319405e-15
761,0.7132445057682263,0.05989191968477659,8.938490304521246e-15
762,0.1938974571015744,0.034728502293115374,-8.353541095786909e-15
763,0.88330111358385,0.05731244753828893,-1.2236098921075033e-14
764,0.8612925454269864,0.08595162754345685,1.0578477283819136e-14
765,0.12435019802563017,0.0572765903749606,-2.3140690639329074e-15
766,0.1307842410776255,0.0303904888178702,5.186037871518776e-15
767,0.4837886663362746,0.06106876526305927,-1.2607585483685257e-14
768,0.06290426998230575,0.019802173770498116,7.195990559968501e-16
769,0.05465652636725527,0.026213856169597816,1.7870028136089848e-16
770,0.7566631955616033,0.05055921198806342,2.915910609294369e-15
771,0.42254280818700257,0.07346862328637095,-1.2154515996271364e-15
772,0.13406061789469098,0.03886038335852369,-2.4796021943698227e-15
773,0.0877770113847035,0.034137973801376335,2.898638059302647e-15
774,0.10699957236731365,0.03604855643738422,-3.946831989303443e-15
775,0.11762965771410205,0.04135747982422039,3.38809939732803e-15
776,0.6687524148372708,0.0772299572012621,2.5451301572183975e-15
777,0.3026562801809969,0.030769886368610257,6.56443805597348e-15
778,0.060988671778874085,0.037759821853811534,1.1278938933797905e-15
779,0.12841961317466752,0.03727716836854819,-5.434009406829705e-15
780,0.14400980601845806,0.042784504041418134,-8.600426307198987e-16
781,0.5034810951002212,0.04106965140970235,-2.369127580206311e-14
782,0.7165864487350674,0.0686564711203467,-1.4641057084545095e-14
783,0.2667006923358144,0.07555564955708235,-8.435087809793949e-15
784,0.061461602811725066,0.023751173784305597,-9.273041854570555e-16
785,0.12126166097034058,0.04793922514096299,3.730617322635576e-17
786,0.14767113481561298,0.052742815219985084,3.532218367908856e-15
787,0.11850440676979133,0.04332829191149432,2.030556631731255e-15
788,0.23945374182240345,0.041138346346656134,2.7034980762724782e-15
789,0.12203344150470205,0.050044466909118596,4.939505715373824e-15
790,0.1444857256014943,0.04859519246677587,-2.0839675567580687e-15
791,0.08213573252777606,0.02535080194518321,-3.0183147421593378e-15
792,0.6816994193451464,0.05978166709807748,-9.125120750343753e-16
793,0.08394257628729192,0.03349071910912076,2.8749924091043354e-15
794,0.8495219575891413,0.04666652702422441,-1.2797330058017803e-14
795,0.16435183341281018,0.04819734876874259,-3.555393277750998e-15
796,0.2819837631334151,0.06252386110192823,-2.9771068555962776e-15
797,0.08378833713702631,0.03318656030313132,-2.555794236825446e-15
798,0.08439235843374492,0.04805730274252224,-2.0807447958581457e-15
799,0.0941303186987088,0.024410889358984774,-5.725940849247448e-15
800,0.6753128244686013,0.07413394853111009,3.3252736651778458e-15
801,0.10814190295033868,0.04117043617993196,4.784586874698593e-15
802,0.04203283205499498,0.01694765521560326,-2.0411301843467325e-15
803,0.17319497595075908,0.04098163230091369,3.093271091180019e-15
804,0.5356882748516051,0.08629912689484323,4.864196311086017e-15
805,0.1608369188597398,0.051501727258633063,-6.192335909820573e-15
806,0.1026581541778204,0.042320598675443376,-1.4132349708111744e-15
807,0.34054868968971563,0.057481391462649266,2.5854599319632204e-15
808,0.09733121686988576,0.03831387440034831,4.460282980095107e-15
809,0.06295842973123697,0.032934751138494645,2.160839683237868e-15
810,0.09255296087972516,0.029479335734695168,-5.446936661226025e-15
811,0.13345813420993283,0.03481663562439555,1.6661492798618726e-15
812,0.08343805277665553,0.04364008549449779,-1.1079055336409423e-15
813,0.2236268040737915,0.05616314598653468,-2.255570521979811e-15
814,0.09158951987761087,0.027890138296722104,-8.240201302340178e-15
815,0.7477983989457849,0.07973801344167859,2.9101168818338332e-15
816,0.1467243057385782,0.039784311793603346,1.3471050034686536e-15
817,0.08012955393636986,0.03278488259631659,1.1780096359134245e-15
818,0.4360388473045466,0.07348737847777399,-1.2045023599966397e-14
819,0.12610774492030258,0.04300723011219896,-1.6648637965815662e-15
820,0.2321169055678599,0.050938419156923063,-4.044963248166266e-15
821,0.880228975125521,0.05787006168252252,3.1415038722889785e-15
822,0.5665382876437662,0.05024780185713812,9.473251349128692e-15
823,0.407911151571673,0.08025967856160689,-8.249036736717496e-15
824,0.18352475734166487,0.05690470028661398,3.085205136231054e-16
825,0.10218583767232767,0.028441043728892706,-5.460732974741426e-15
826,0.05292478195334172,0.025442910407977776,-2.6953325416327858e-15
827,0.47274105547366524,0.0623994777316089,2.176623743170686e-14
828,0.41589315128728416,0.06146924196529438,-4.7579538337784434e-15
829,0.1536115221312009,0.039833280926128534,-3.80264059712936e-15
830,0.3636450946366531,0.04795322953489583,-6.481732596474332e-17
831,0.5712866544475536,0.05416917697472265,-1.4032987282163557e-14
832,0.058731285099147,0.020763206959054134,2.780083911141435e-15
833,0.11062319235047378,0.03988485783309547,6.114265432289854e-15
834,0.20644629460266614,0.08407362385133085,-3.3676040864363846e-17
835,0.10737612671193648,0.05173296477483577,1.946547583553487e-15
836,0.09381022120874283,0.034811587979096954,3.0728482018816302e-15
837,0.3448612544189076,0.08152333371599449,1.0639456265341274e-15
838,0.06059215366239873,0.026262133236764927,5.335479829203969e-16
839,0.531339638069661,0.07349904564524606,4.147005273064952e-15
840,0.15366066264781403,0.03732177837673862,5.823003889609735e-15
841,0.0374021378085552,0.01839120626150051,-1.0432149454643982e-15
842,0.043646154580829113,0.02464237752938298,1.0014095807569702e-16
843,0.14963358080398398,0.03403382869356677,6.790859640940962e-15
844,0.10376939997956851,0.041969257660835854,-1.905556961770197e-15
845,0.6568371786606069,0.08266120881802547,-2.1032679113609783e-15
846,0.11916538390993747,0.0275955589197733,4.77906472821277e-15
847,0.12535769497070093,0.052686024109815155,-2.165115952002197e-15
848,0.4071284828853569,0.04783095131510693,1.7089377676977604e-14
849,0.07448280832386334,0.03712081470643293,-3.7003088858576486e-15
850,0.11733080265517778,0.05264809305666304,2.20911206990564e-15
851,0.1995656436160675,0.06314463276615877,2.795401078115226e-15
852,0.06187462058493229,0.016081863218439442,-6.727241797614533e-16
853,0.05238042869144223,0.01512370575061552,7.686755486672505e-15
854,0.8156531750365824,0.04617926217632114,1.2124750721442862e-14
855,0.17090120927807756,0.042724513921349364,3.652293369528459e-15
856,0.41123687299006584,0.07020402493691123,3.688268795978723e-15
857,0.0868703691837697,0.04179826847313299,2.0535142767936276e-15
858,0.1429264466892078,0.04079676811562467,-3.7180883870021676e-15
859,0.0707453089715405,0.02709848256780723,2.8728197613066345e-15
860,0.0783815207164966,0.039630835097751366,1.0856721045111364e-15
861,0.848142679159553,0.07847985859374927,1.2039365662993218e-15
862,0.3936551844441524,0.05045196928702537,2.8454443990556036e-16
863,0.07793157900809357,0.03666788835271597,-1.4414069705880294e-15
864,0.04952607956714022,0.023970729681311437,9.181609593083975e-16
865,0.1472792753871321,0.047668435561857465,-1.2588321339878976e-15
866,0.39679345107342934,0.07678857638982957,-7.812551794159386e-15
867,0.2614803262930785,0.05968785408508024,-5.53405983791383e-15
868,0.08265564977688125,0.01975334450359657,-6.130487869179354e-17
869,0.0770282889507313,0.023850376045960315,1.8804266689101233e-16
870,0.08779567886145632,0.04252430752179931,-1.1491134202040026e-15
871,0.08768316640901362,0.034724327437586765,1.0313921203652424e-15
872,0.05934440291654826,0.022084296970848835,-4.002669037704356e-15
873,0.5991606963681674,0.06139589116875265,1.271208984275467e-14
874,0.15739708858148097,0.046734744909911925,-5.193352452437702e-16
875,0.06096567659503095,0.03237270027112374,-1.7199404182532839e-15
876,0.06635697209337206,0.03228868620437769,-3.4770874300421957e-15
877,0.05146353604615896,0.035399281049650025,5.50404108750893e-17
878,0.12555877838997995,0.03351442199946893,-3.1530189056167933e-15
879,0.6420253883952639,0.08174040829316456,-3.4752225740158357e-15
880,0.3911005843159979,0.0553285744350972,1.1583833841408597e-16
881,0.12320205241457294,0.042072231073034115,4.9807045492377275e-15
882,0.0518259669449448,0.038147085619945495,1.5056449238067192e-16
883,0.03798920009253293,0.016861796172575494,-3.0562636570258467e-15
884,0.15198172506853458,0.0459771289844082,-1.609932018096362e-15
885,0.16208400490035021,0.049120854622621786,1.3604215239287285e-15
886,0.11208672839783498,0.036340957277509696,3.556262336870079e-15
887,0.07288609679131523,0.020321776037475852,2.2608572982875497e-15
888,0.2568688127044376,0.07027269372862899,3.141666820873806e-15
889,0.060980583925807484,0.018156993851590884,-2.04524010976405e-15
890,0.15143894647749542,0.05470388711891166,2.1566064147945353e-15
891,0.7852631783726444,0.06595577336172849,-3.0386833152627836e-14
892,0.17534119973277842,0.05178665144805009,-7.759032236742687e-15
893,0.4897146859140826,0.04879554809669666,-3.1804666894610815e-14
894,0.22568190330731908,0.08189523354483011,8.70406160714932e-15
895,0.5871371738923605,0.09522702661662308,8.92436809383619e-15
896,0.12188694457937314,0.03540433318752699,-4.008752451537918e-15
897,0.07350658395260976,0.027047628410723,2.535443769120314e-15
898,0.2511796939440189,0.054639502714806845,-2.2364240632625715e-15
899,0.7759257686447804,0.07308240083334389,7.336234975310094e-15
900,0.06981562731033723,0.03208559979146062,-8.793429853228083e-16
901,0.22595385978585192,0.03908220781540004,-2.691693356571637e-15
902,0.07538992987170066,0.029492393885149598,-3.1452697951383267e-16
903,0.059824985541824985,0.03660669300158243,6.184804064121876e-17
904,0.1632200777619882,0.039437054517274236,5.519973838025403e-16
905,0.5531620952053394,0.09220795297545538,6.582439348247347e-15
906,0.1360536402755851,0.05252567858897123,1.4306885747860383e-15
907,0.07805635951704785,0.03821412134306964,2.1110894434327013e-17
908,0.38639518553745156,0.07612721817161952,-3.902147866264061e-15
909,0.2631248469578442,0.04082988402472253,3.754842345579941e-15
910,0.040105984273304765,0.027152034591476994,7.922198086350024e-16
911,0.11411953540437275,0.05122854676135568,-1.3752860559446655e-15
912,0.277864665073002,0.06786932341800582,3.923331182291645e-15
913,0.4313510402665848,0.04779277522859291,-1.3463934613149065e-14
914,0.05590534848898605,0.02313266100526655,-2.4842779134844584e-15
915,0.048141681243174535,0.022641387486449657,-8.445081989663372e-16
916,0.21173930288655338,0.05305503160953661,5.846450380426591e-15
917,0.0821681885176303,0.03075070234434778,2.5178091111623088e-15
918,0.5115625958124689,0.06374583671696032,-9.279740851946799e-16
919,0.7705406229270916,0.09021266407999061,-1.4669573086889918e-14
920,0.10494808585761552,0.031535264388901856,8.783508094951916e-15
921,0.7644097711824188,0.06661249743012747,-1.6201434627455561e-15
922,0.0484204690861668,0.029144315094981055,-1.047035184508689e-15
923,0.565651238547281,0.0604040001733773,-1.860510730764532e-15
924,0.0751990414489424,0.024400141480997183,-2.5339953372551804e-15
925,0.08483936375830024,0.037778775216708034,-3.3998769589314003e-16
926,0.13075992874862694,0.033403626138627435,-2.192781000626255e-15
927,0.4622779372173297,0.0427595206087862,2.288120407069033e-14
928,0.2720774763817493,0.06032037603354131,-3.270414308285898e-15
929,0.29192894821545995,0.09072804747089368,6.226446480244477e-16
930,0.1318666542721526,0.03599371048681178,-7.686465800299477e-16
931,0.04998671767544014,0.023001736331919414,-2.355512320674052e-15
932,0.03372829782022909,0.016443334301216146,-1.2150170700675962e-15
933,0.8331506357938615,0.05846735898328647,1.5052176364065047e-14
934,0.06559765366593258,0.02388003907425733,-2.7284835259460386e-15
935,0.13719152783858735,0.05290719802352762,6.973113106721017e-16
936,0.049108883888479095,0.014099989575174292,-1.0186821307486921e-15
937,0.06938078669003803,0.02432318077565136,-8.453338051294636e-15
938,0.2284111318637465,0.057138019543761916,-6.883744860642254e-15
939,0.10357561740484503,0.036036740150999995,3.0677786903536616e-16
940,0.09628888883546265,0.031727496332139934,2.3210396422838643e-15
941,0.3082093740741582,0.059275387446046206,-9.443775760673216e-17
942,0.3927344769950191,0.038013786656589534,1.5106420137414313e-15
943,0.10455398940833738,0.0474551228275924,-3.1421556666282887e-15
944,0.620424117758509,0.07046634627606341,-2.0389575365490317e-14
945,0.4907351485750092,0.05349649689019798,-1.7839176537362497e-14
946,0.12268508729138147,0.03615393140566702,-2.156624520192849e-15
947,0.21050505562597818,0.06124813356587047,4.504297203396864e-15
948,0.06298406664117513,0.024293918430000717,-1.7156675442511389e-15
949,0.0461273394122432,0.022552275641177635,1.0356287835707591e-17
950,0.08591871836650909,0.03366589528117974,4.1772050774529945e-15
951,0.02495237282721354,0.015067672537377752,6.714613282290396e-16
952,0.05717529665025942,0.037478332189613925,-2.7857011109684073e-15
953,0.10056740552104865,0.0361513420854354,-1.559816275562728e-15
954,0.5197021134170887,0.06648848899009,5.967104754792247e-15
955,0.04887657330226821,0.022864949745223195,-6.564655320753249e-16
956,0.5743348182555456,0.06970440638197278,6.087903972344417e-15
957,0.17433711992129516,0.049802841514515465,6.155835426819198e-17
958,0.09083793629094965,0.030612956876320086,-3.4804369287303177e-15
959,0.04760712814721258,0.023281455942484774,-3.1432854151934085e-15
960,0.6103774259430106,0.05387890336407602,-1.3484900664396878e-14
961,0.08325982732918957,0.02438461525361904,1.5146252013705496e-15
962,0.834926630649267,0.05193799154838226,4.213759876649312e-16
963,0.1445460588362476,0.03354228974382985,-1.4272847599029736e-15
964,0.11033542287876622,0.038619647239190834,1.854717003303996e-15
965,0.09574833332378657,0.031079554780110735,-1.3342909078117967e-15
966,0.3126313880328234,0.040586628335585156,-4.0041898911627467e-16
967,0.07847291199457705,0.027095116190245426,1.5390312782980561e-15
968,0.18490757007436737,0.047626827694630725,3.149977198700012e-15
969,0.19355399843877305,0.0571613732421505,9.771628313346281e-15
970,0.09149109172864817,0.029554278964110826,-3.5272212779741436e-15
971,0.15505335150138483,0.04360521232771634,7.054297712761774e-15
972,0.19046630739522416,0.04462876183701744,3.707840731556345e-15
973,0.7448019688725568,0.0766077051694658,8.806465740014288e-16
974,0.04052646364400347,0.019561174101035573,2.2803749176702295e-16
975,0.7136379397016829,0.07882974130164212,-1.6349826472038532e-14
976,0.08857576098736625,0.03735301902191044,1.829125022786911e-15
977,0.17588368342836558,0.05884869546674174,-2.8672432986258692e-15
978,0.06298015406433564,0.027885270836250538,-2.96696783254034e-15
979,0.16425254173808979,0.0491118887680234,-2.439014417699023e-15
980,0.07323277382242065,0.029442316187928252,-2.402006983544851e-15
981,0.7383450669426804,0.08446424298844517,1.6225044066857246e-14
982,0.3229176455995376,0.05245176465006499,-9.686858838439319e-15
983,0.17030383315195066,0.04597297129616187,2.6295737349557054e-15
984,0.0431840255914348,0.019389079284608313,-1.0855996829178797e-15
985,0.7693316029093014,0.04746101136718931,1.481025203179105e-14
986,0.06658807884965459,0.024839999044806868,-3.2067376224149477e-16
987,0.11164473965806679,0.034323346272244336,-2.603121748018697e-15
988,0.09161591226132168,0.037771741162733304,3.7464142826646926e-15
989,0.23614629162208686,0.053997183679184914,-1.1650072441141003e-14
990,0.1661360136911693,0.04818648395552741,7.966219099176149e-15
991,0.07063609159039691,0.027070391932884543,-8.629757052467949e-16
992,0.051296852947097404,0.027280029701355138,-1.957953984491417e-15
993,0.10590090743467977,0.02649503162690269,-2.7962701372343065e-15
994,0.13509628217843536,0.04409924134924082,-4.731628584629634e-15
995,0.09513177971225668,0.03494331631167349,8.090940398638127e-16
996,0.20376953351234225,0.05189837695372848,-2.1132620912304025e-15
997,0.08522069272743363,0.03864668892599981,1.6492569432347483e-15
998,0.6229340345182841,0.06152378207313046,-4.533193419106286e-15
999,0.055538183454430935,0.022352557240524765,1.835163173124688e-16
1000,0.7355893960706682,0.05158016462935482,9.925379355830247e-16
1001,0.7520091681404374,0.05443045789373834,2.041622651180878e-14
1002,0.046401659841653446,0.027649570057537303,-1.7011832255997995e-15
1003,0.1314318623238958,0.03377874709653779,-4.927456572795742e-15
1004,0.11320129580382325,0.04629554812247829,9.46695067051536e-16
1005,0.05989082409968567,0.02194157856327592,-5.565789548459421e-15
1006,0.09464604028787214,0.038567155427744894,3.03098852097926e-15
1007,0.1291489675396032,0.03927193448370911,6.497574819999234e-16
1008,0.02872376385242373,0.018358479287809284,1.241088843640007e-15
1009,0.8561998409275496,0.05300218692120481,-2.043161610037583e-14
1010,0.3202724915819332,0.06388826107925,3.821108103409818e-15
1011,0.6618595449681497,0.04651641696943751,-1.7548114154063832e-15
1012,0.20677365430159025,0.046087374008678725,4.249771513896204e-15
1013,0.61246314399396,0.10921984711506198,7.841665274648579e-15
1014,0.5026868711213041,0.08278239921117259,-2.324226192387159e-15
1015,0.7481640165973242,0.07468308993797806,-8.199790053302942e-15
1016,0.10551192968639603,0.040535155700526515,5.66626545640393e-16
1017,0.7323368004155685,0.07064640454817628,1.0298278139508978e-14
1018,0.12612425334743826,0.05278873324988655,7.470287344428239e-16
1019,0.9454439467057564,0.04028476945334119,-3.0693991235027804e-14
1020,0.3154175236032278,0.05823256107092254,1.2805224011682783e-15
1021,0.07129023198843978,0.03040659193596725,1.0832097703404088e-15
1022,0.10268686518735075,0.02670747562133084,-1.2574380183177063e-15
1023,0.06481929555405318,0.023850111034760257,-3.6732232099796436e-16
1024,0.7685370808002034,0.06599349952361817,1.1054431994702145e-15
1025,0.039490193216452654,0.02031350011694379,8.676106872152234e-17
1026,0.35732905445192176,0.053411046320235245,-9.563995605479333e-16
1027,0.7795499674565998,0.044249468503305744,2.789310422122338e-14
1028,0.2532295015026888,0.06396160109155516,-2.8973614872730734e-15
1029,0.6582902221037509,0.11374448844827752,4.13367969990572e-15
1030,0.20606090533942897,0.04648358532269181,-2.6118847608027576e-15
1031,0.07399853002348221,0.025131899036569597,-8.019061967330855e-16
1032,0.10313764535843734,0.038406562447690494,3.5790751387459386e-16
1033,0.19125531747443214,0.04650900923078732,-5.841887820051419e-16
1034,0.414407715792905,0.05246715682118323,3.895666133667587e-15
1035,0.6386152121904277,0.10198654634599362,-4.333635718887458e-15
1036,0.09475627968050929,0.03661746267903552,1.1254315592090629e-16
1037,0.5381914093211403,0.039394138238141585,-4.07230239962067e-15
1038,0.5355015680984226,0.07723576382923678,-7.061865769257099e-15
1039,0.08884909213696242,0.020266318252372337,3.0502074012897556e-15
1040,0.3187659793304988,0.04913599198635613,2.892373591485943e-15
1041,0.06268799935084948,0.026948327215604466,2.179383005873766e-15
1042,0.7577100070346071,0.06477989960752745,1.2826443538506994e-14
1043,0.6593659322041436,0.0553789611679858,-1.7854819601505944e-15
1044,0.07087836211078789,0.02232759966902454,-3.916125233762604e-15
1045,0.2516151011013654,0.04075476985153509,4.044963248166266e-15
1046,0.40069500148134224,0.056345349452312544,-9.754238078265517e-15
1047,0.10008608297670557,0.03236457835750733,-2.59406904886161e-15
1048,0.1261574707901016,0.049546026979739706,6.3616575948547294e-15
1049,0.25007130677803735,0.04020076957620925,-1.193869964836641e-16
1050,0.1645482234393752,0.03780182596324281,5.013239950008298e-15
1051,0.051364109994489676,0.02527461512077812,1.433983757279218e-15
1052,0.22581393737853603,0.05641667332793292,5.51544748844686e-15
1053,0.17664556467204928,0.057808644589130105,3.825960350158017e-15
1054,0.4440570621704125,0.06922893507497052,-1.3507351358306455e-15
1055,0.04063198318474551,0.02008775670158628,-1.12615577514163e-16
1056,0.10521093423293038,0.03425391688060474,-5.065365391754805e-15
1057,0.08629991184154834,0.029746578938375214,-1.6966930868178844e-15
1058,0.054175898599512405,0.028702725838525366,-3.105582762033657e-15
1059,0.1496604766528747,0.03095797567686163,-2.5228062010970207e-15
1060,0.725731813055998,0.05928728734908125,1.403863616643758e-14
1061,0.7079834013040239,0.05458249985188099,2.589839627815419e-14
1062,0.3084317497982251,0.060490187169901545,3.4242739831597496e-15
1063,0.09511934251626475,0.03501538699480749,-2.0888560143028956e-15
1064,0.7862839882053041,0.06167879118249109,1.5153181854910246e-14
1065,0.052869964378188174,0.02488814719807533,-2.7697638341023555e-15
1066,0.0707776946371568,0.027270857455726587,-4.500938652009585e-15
1067,0.10135632138941524,0.027708361153287047,1.938961421659848e-15
1068,0.1087010329943273,0.034620387331468425,-4.318409078905239e-15
1069,0.24731367396320456,0.06738270848677516,-2.9529904650417976e-15
1070,0.16704557796912237,0.03971062594401127,4.593991346645282e-15
1071,0.07510277698882459,0.03630599715955362,2.785732795415457e-15
1072,0.11530139228574193,0.047057407850566925,-1.919896437235023e-16
1073,0.1494588503526067,0.04948396990405159,-8.623963325007413e-16
1074,0.10914714650042014,0.019614464204316107,7.49996209226517e-15
1075,0.055552737403198986,0.020876332459616426,1.4204771301368442e-15
1076,0.6738727571878513,0.06220400121210348,4.591384169288041e-15
1077,0.16444564849652102,0.05150502671557065,6.090655992888171e-16
1078,0.15655091968804385,0.061819325229814336,-1.964399506291263e-15
1079,0.7156248617013631,0.05573792504462774,4.8825189741799614e-15
1080,0.6025587823199243,0.04425555551040537,1.708715071298496e-15
1081,0.09652688990486079,0.03323552658358116,-8.531843058384895e-15
1082,0.15833359644935885,0.03860540728896015,1.5420005636215808e-15
1083,0.03909254798595776,0.016489746989933975,-7.575298654650449e-16
1084,0.6846307545865409,0.06077717768393359,-7.751464180247363e-15
1085,0.33177374725244396,0.04916099868469388,-1.1743088924980072e-14
1086,0.14659277828224737,0.053875854342981054,-1.2079921755216967e-15
1087,0.8471185548205642,0.0642687154708041,-1.633814849012589e-14
1088,0.0985410643836566,0.0398769760849262,4.4723230699740326e-15
1089,0.29533421052620723,0.06354648066531883,-4.829225734242189e-15
1090,0.07886027458482235,0.02129842148998571,3.334941947877615e-15
1091,0.08476075597970589,0.03060817395429731,-2.3959959913045454e-15
1092,0.6727759083846231,0.06343389212129572,7.757583804877553e-15
1093,0.09838582772979589,0.03788779858817174,6.036339797945649e-16
1094,0.07859571324740697,0.025207632255713538,2.5131741291938802e-15
1095,0.17068021251961527,0.032296212957019454,-4.450994910759935e-15
1096,0.09429716078686426,0.0356807025194996,-1.4468385900822817e-15
1097,0.6043861386339867,0.05200559787853328,-1.853359098430433e-14
1098,0.04478757028056107,0.027192693634123372,3.6800489451440875e-15
1099,0.3667944316375523,0.044829935665437866,-2.056067137955926e-15
1100,0.06644212980730646,0.026491298280370734,-2.816403340159668e-15
1101,0.05421877884396236,0.022480570682765166,-3.6663431586202575e-16
1102,0.44700984919857306,0.07337256841700326,-1.8540072716900804e-14
1103,0.11551345011611272,0.03308673281173998,2.175544661431161e-15
1104,0.06259038629217976,0.027596738945438352,-4.845004588872993e-16
1105,0.12149249231664,0.027165193499232895,9.454168259305552e-15
1106,0.07882600144152231,0.020590299694558317,-3.0120140635460054e-15
1107,0.17686756110053392,0.052140274396438646,5.8828422310380806e-15
1108,0.05871743497770846,0.028046308523577645,3.324151130482367e-17
1109,0.6451755903444006,0.08998790491292451,-1.0501131022220984e-16
1110,0.282252520424372,0.0517148936138669,7.797162205592338e-15
1111,0.0833383190282516,0.09740867583056256,-7.825153151386051e-17
1112,0.31287318762824096,0.053825127547916844,6.424809224174569e-15
1113,0.6226210501003608,0.06851106828853581,2.8524330828048745e-15
1114,0.21030773086243112,0.053928736235071405,-4.674958687906269e-15
1115,0.9138033676659194,0.04424370279384399,-7.329717031916991e-15
1116,0.3675077525501177,0.06131260472729184,-1.0325581080166753e-14
1117,0.2623162623978521,0.0528396835796977,-1.5397554942306232e-15
1118,0.14300463886609166,0.048563228590724886,-6.192770439380113e-16
1119,0.7208892355052747,0.06594190971655511,-1.683678926509656e-14
1120,0.06349916349998055,0.022981167793584802,5.107388021242004e-15
1121,0.41683552957427145,0.0640228498143445,8.87700437184631e-15
1122,0.3084831295246553,0.04909483022189053,5.116766617568746e-16
1123,0.21316615336212338,0.0676445456935109,-2.8648171752517697e-15
1124,0.08020045481651707,0.03649139517373746,2.069953978462898e-15
1125,0.05875398447440895,0.023550265432609154,1.774437667178948e-15
1126,0.061417006790834304,0.01671710145205661,-5.927680249963133e-15
1127,0.4406422555117703,0.08555865582015995,-6.626865469360752e-15
1128,0.21257450950953485,0.060548835039670665,1.0262139764473886e-15
1129,0.07304272290765447,0.030701033841383972,-4.773596897921889e-15
1130,0.5717831441439448,0.06340645508931621,6.005524410014924e-15
1131,0.5755602746107338,0.06524694417721787,-1.2618738409046789e-14
1132,0.7842146165514721,0.08594877366833413,-4.2547686038309165e-16
1133,0.7361077947671384,0.051181599783517315,2.6027705032914023e-14
1134,0.0671295260547417,0.019811611161032958,-3.1517243696373297e-15
1135,0.11980124371040334,0.04183629274141176,-2.4407525359371837e-15
1136,0.15928221858259314,0.05506587695901947,-4.451393229522847e-16
1137,0.14364606119686704,0.038393282737763525,6.558789171699457e-15
1138,0.12633909883204647,0.029663499642680707,1.7823180417951923e-15
1139,0.9705225059884615,0.01736944120741152,1.2560982188424574e-14
1140,0.10859499792965638,0.03626917305546459,4.131289787328249e-16
1141,0.5783211226915677,0.06914722374272751,9.286186373746645e-15
1142,0.08194496987293116,0.03711814754772106,-2.1291948417468754e-17
1143,0.4813726918974612,0.07633311861938458,-3.863954528520311e-15
1144,0.9123843221327746,0.0344743091742638,4.9831994731254207e-14
1145,0.9729836933544076,0.015700485152385712,1.4727264128078204e-13
1146,0.5592554787799053,0.04447835514765382,-1.4550656830762423e-14
1147,0.08018337191155013,0.03666736992002191,2.4574819239794805e-15
1148,0.0956549527402917,0.039439861029995166,-2.8973525760223404e-15
1149,0.08652715721389656,0.030058739339422998,7.665825646221319e-17
1150,0.16618213531280615,0.04902452613651478,-1.3370474547051299e-15
1151,0.04332189444649248,0.02296698519252863,-3.1582332603312753e-15
1152,0.4904189099365792,0.04747340073160676,-3.3798433356967664e-15
1153,0.48390169934995075,0.058147334870567585,-1.4689271760255741e-15
1154,0.1648482296303543,0.05803693907498495,7.785506855427589e-15
1155,0.4881679739615464,0.058470987022056255,-3.740937399674655e-15
1156,0.7008738910334027,0.050901182698846574,2.537138434402521e-14
1157,0.15014688655558425,0.044651395079265965,4.5246476711019956e-15
1158,0.2790397944534826,0.035361114925658736,-9.811677454417235e-15
1159,0.2857977122770743,0.0360161754357034,-8.760405606703028e-15
1160,0.05866691844901656,0.019065629641246633,3.418299201716072e-16
1161,0.06410977297751556,0.024646008860539723,-1.6041382906358262e-17
1162,0.11140311568534247,0.04264329513994812,1.327705069175016e-15
1163,0.1875127733105811,0.043831172244179886,-5.3154824167659635e-15
1164,0.13893373623681865,0.05338371992071196,-2.8583354426552954e-15
1165,0.32654014761536626,0.049474372209437456,-3.1689878669298948e-15
1166,0.08265138578880098,0.025872025255338365,7.416007360282345e-15
1167,0.41616022715432166,0.06651923353871533,5.740995487945684e-15
1168,0.06083379431802275,0.03221091818921738,-1.8182346257009353e-16
1169,0.19362782120209662,0.06680996181120107,-1.2670881956191611e-15
1170,0.1202792750052997,0.048654881478301396,-5.055244474097182e-15
1171,0.24927611468347888,0.048760998335472185,-4.524176930745827e-15
1172,0.7797126030673053,0.05008423618559239,-1.2950356884569202e-14
1173,0.29903982527760087,0.06303717369893932,9.65307416518507e-16
1174,0.16947910765435245,0.061232828279968496,-4.059501883012549e-15
1175,0.6955921151626953,0.057220597154150656,-1.2286757825558092e-14
1176,0.16850849103366164,0.03987022231482833,-2.7251521326562305e-15
1177,0.8219366791336032,0.06601992892930979,-1.443270016074558e-14
1178,0.4755045760920364,0.1028680930397956,7.077762308976943e-16
1179,0.10054940356178209,0.04353204027881589,2.0974741839004425e-15
1180,0.07432349712965397,0.021317047477364136,5.891496611432256e-16
1181,0.5382676821405483,0.07917570130324283,1.8300212400034626e-15
1182,0.5912336515772814,0.10017504384270193,-1.6031153356310755e-15
1183,0.09454683986931783,0.025797159066394366,-2.114565679909023e-15
1184,0.6516238427617167,0.08124983733321076,-4.841762873884209e-15
1185,0.7357930090317986,0.047114712333975094,-1.6172683254932653e-14
1186,0.39624186394065075,0.054675210342576365,-3.553148208360041e-15
1187,0.08570711552649904,0.03309235132412726,3.233479295724983e-15
1188,0.05814070639036752,0.02499588292955499,-3.852828761256251e-17
1189,0.5444471419932031,0.06658593293621619,6.8790035094587295e-15
1190,0.1556665519934766,0.051258405857295804,4.348011405148913e-16
1191,0.05876953084339902,0.019439625885673013,-3.847107455388972e-15
1192,0.049717423466673245,0.013766472793972844,-2.3492388001581908e-15
1193,0.6824126206873269,0.048563525349889704,-2.694608325700219e-15
1194,0.1177579624736808,0.04004255540901664,-5.1185907364488985e-15
1195,0.41438259365118674,0.05468707422936484,6.337179096333966e-15
1196,0.06373264096683078,0.025661794257215435,-2.126008291643581e-15
1197,0.04054963802246723,0.019747595904051504,4.627015593170336e-16
1198,0.09832946251063057,0.026165480839950832,-9.478719179419574e-16
1199,0.5860498991177726,0.046406477811895774,2.2470899534094518e-14
1200,0.7369603978763983,0.054791452350252186,6.0823999312569075e-15
1201,0.15965557207696385,0.036107122208147976,-5.6598561454007125e-15
1202,0.05669060567817038,0.025309028815832486,-3.3591488654236656e-15
1203,0.20021427912662554,0.05520285525104057,-3.0642300322840833e-15
1204,0.6388908623615727,0.08165483400600408,3.3701750529969977e-15
1205,0.5784178388714277,0.08325415962218091,-1.6885601418951573e-14
1206,0.8451292659354532,0.052509788128396705,7.595051644211212e-15
1207,0.1731946011142088,0.04912421962462634,-3.5071242858454105e-15
1208,0.050270052651237296,0.0212889945889924,-7.479340043585326e-16
1209,0.14763616608616095,0.06243132439287826,-3.2357967867091973e-16
1210,0.1823571911940092,0.057056773361699724,-2.282438933078045e-15
1211,0.11583300197824808,0.04829484368956943,1.9469821131130273e-15
1212,0.5299328681095975,0.06935531207070135,-1.4645094588369156e-15
1213,0.13555950092673164,0.03554893659473844,-2.2265294630838754e-15
1214,0.2348803619385353,0.05607824464540879,3.559992048922799e-15
1215,0.45861008256758734,0.05762537735255166,1.2488741649151018e-14
1216,0.07993569906709619,0.024215223056277414,9.378777380725331e-16
1217,0.09788986220388028,0.027907333652899574,6.364409615398484e-16
1218,0.19253112740738632,0.043294692086908754,-5.811181064510579e-15
1219,0.05443530182478555,0.021598429904847845,3.006799708831523e-15
1220,0.026635146130349778,0.01648154818652118,1.590378187917054e-15
1221,0.03765732284208767,0.01832146795023953,1.1028360221129735e-15
1222,0.21777600821129064,0.03830162815817474,1.1126201793619532e-14
1223,0.4628913334348453,0.04087985162458335,2.045460995623483e-14
1224,0.127853223986209,0.04158741274792148,1.5371845276700104e-15
1225,0.8230231174596553,0.07488816605855332,-1.1901764635805495e-15
1226,0.897101519715393,0.0450156094325152,-1.550365710277687e-14
1227,0.09275573620656324,0.037929925443194,-4.2359389895841753e-16
1228,0.06467406475825749,0.03356071355338981,1.1702605254349579e-15
1229,0.042789269895120205,0.01886549903464996,-1.4603814280212838e-15
1230,0.14171093390988804,0.039736217902327876,1.0411328246582681e-15
1231,0.18239090320636936,0.06797851342033362,-2.416455091399562e-15
1232,0.7283116411131797,0.049129299822790656,6.997446762055267e-15
1233,0.17052840065007605,0.047710020251661524,-5.5330278302099225e-15
1234,0.08652312021995154,0.04312481542199438,-8.927296642013508e-16
1235,0.08135507978399881,0.0259976118022083,-4.110034049707409e-15
1236,0.03186043426738355,0.013951449330639975,9.162055762904667e-16
1237,0.06994659381495538,0.03679343425260394,3.827227728040009e-15
1238,0.0649454188485912,0.024175818044739745,-2.970788071584631e-15
1239,0.04464481386483152,0.025600951569226288,1.7852103791758817e-15
1240,0.4925631329130252,0.08581625301426626,-3.363693320400523e-15
1241,0.6877500123970879,0.06640613716489153,1.1639236360249969e-15
1242,0.4045332903736468,0.06216868628372546,-1.5712154343413323e-14
1243,0.0413343550547554,0.021682719233880293,3.6315988992553574e-15
1244,0.06724279246159878,0.030833209507880027,1.582991185404871e-15
1245,0.15327056776420855,0.04798897288320378,-3.2853331564967775e-15
1246,0.1875357650792376,0.04619305395435493,1.3524008324755495e-15
1247,0.05787013838755702,0.02753571774412404,-4.46580512658093e-15
1248,0.11196032425344257,0.03886922728108646,-7.33630739690335e-16
1249,0.06829851915572041,0.02641119697458267,6.5272133570395376e-15
1250,0.5586949983323556,0.0739415217645059,2.566259157051039e-16
1251,0.02800622033889589,0.012778945967070621,1.7731702892969558e-15
1252,0.0911445846023381,0.033013907668502325,2.282728619451072e-15
1253,0.05065910794155717,0.029440535460619935,-1.3270532748357057e-15
1254,0.5505578738195134,0.05746890009206131,3.2767149868992306e-15
1255,0.7643317018343337,0.06581118728840124,9.208550425775467e-15
1256,0.1062550598994864,0.04935855921708921,2.7176564977541626e-15
1257,0.1252883429061974,0.03196685524785378,-2.8631152678102372e-15
1258,0.09963269860773101,0.04131240564466236,-3.121370669363617e-16
1259,0.14260904367447844,0.04634596104000076,6.0085661169317054e-15
1260,0.5586991529297256,0.06891053961506673,-1.1881848697659904e-15
1261,0.06574177769073326,0.019668060445552974,1.237241446498245e-15
1262,0.17119065569774253,0.062240491770810494,3.6587388913283046e-16
1263,0.06210439940989176,0.018118545747543593,-6.179010336661341e-16
1264,0.10553283311705516,0.045032102622275784,1.3978272768458122e-15
1265,0.0697878336007535,0.025775973105662504,-5.270481449256084e-15
1266,0.7593191735038188,0.05735483691080989,5.252013942975626e-16
1267,0.3323951428506328,0.05634758888587607,-9.139025696249039e-15
1268,0.10888800991477772,0.039210572744149345,-1.2137134813889757e-15
1269,0.6574849623037712,0.06454724940919512,-1.2617941771520965e-14
1270,0.07051255644099286,0.027737535389903187,3.3329141432664273e-15
1271,0.06201356842537034,0.01619311262107275,6.84503551904655e-15
1272,0.1360548815107648,0.0364224005805043,4.4584181240687465e-15
1273,0.17054893814018476,0.055065255344714785,1.8770228540270586e-15
1274,0.7622561535701686,0.0566149911359196,-1.0966168177920547e-14
1275,0.13239988769936947,0.03930637317270892,5.445234753784493e-15
1276,0.11420418890497681,0.04313419135722175,-2.5763257585137196e-15
1277,0.3799062217716551,0.06095966355594612,5.4932502701136826e-15
1278,0.5646293822633797,0.06939892135188215,6.367161635942238e-15
1279,0.11741826247174625,0.0354275849500048,1.6825708761328286e-15
1280,0.4923630643860402,0.08329283428826463,1.9594929433481218e-15
1281,0.7879018563870989,0.09185970015125057,-1.652999329066288e-14
1282,0.10869662038762774,0.02368214645141438,5.711891060155649e-16
1283,0.07536118680353739,0.0377332208250285,7.986653304348484e-16
1284,0.7386254087046683,0.08122399994887664,-1.5206579200888323e-14
1285,0.8731705195012291,0.06576586270335454,-1.5357306641853822e-14
1286,0.08189649216211027,0.02883299369459938,-1.6925650560022526e-15
1287,0.6895549400912441,0.07498431984046006,2.055614502998072e-15
1288,0.5705234259950386,0.056848848627171794,-7.103689239362841e-15
1289,0.5401393215824317,0.06378012857435746,1.281340765172079e-14
1290,0.16415966352409578,0.04094101856000859,4.044094189047186e-15
1291,0.09649265038529778,0.024828281482875816,2.801303437965647e-15
1292,0.11192284991472198,0.04642935850331025,6.3224050913096e-16
1293,0.3195980797745504,0.05497759272864602,-7.821640704113102e-15
1294,0.8035060757624224,0.04404112370185179,-2.3024743668525103e-14
1295,0.10621102223134071,0.030669037932479208,2.897587946200425e-16
1296,0.7202129725074309,0.049981253358746806,1.3845886095984882e-14
1297,0.037924297836480804,0.018368004682186894,-2.4890939494360284e-15
1298,0.4012490187978499,0.037477686416088916,-2.4081193660157163e-14
1299,0.4660911279092687,0.06242801335163611,-2.6614211305903377e-15
1300,0.11415814732128968,0.04155253605450781,2.2176940287065584e-15
1301,0.7123106976154336,0.06414209068913505,1.3653353290311955e-14
1302,0.20010092062620238,0.04597743064810438,3.2616150847052094e-15
1303,0.45171711815406723,0.06584975503010597,-4.413082206690055e-15
1304,0.6223436969947954,0.06741270059724155,3.846944506804145e-15
1305,0.4533147202779689,0.057442147630837055,-2.1509358040425357e-14
1306,0.08528212460270425,0.022012471348362022,2.69929762386359e-15
1307,0.0901737039917152,0.02400934038445046,-1.5565573038661768e-15
1308,0.178653486761759,0.045746221200118974,2.0129219737732495e-15
1309,0.1665136360745987,0.04784190519721575,-3.880638653066822e-15
1310,0.5508463731115923,0.05722030877098305,-1.0258573001005995e-14
1311,0.08095949401616867,0.02184208075551342,1.4027700505855818e-15
1312,0.3731055287279544,0.029994187679169965,4.830013319068856e-15
1313,0.0330678833479107,0.010219603580458708,4.474423296178477e-15
1314,0.6269108551832901,0.0640421814557662,-1.6591062799176588e-15
1315,0.137307358260248,0.057286386905708565,1.8163516642762613e-15
1316,0.23993215671984489,0.0719813119144016,-3.8383444426049118e-16
1317,0.05172461428590507,0.020360959122431625,-2.5006814043571e-15
1318,0.22541246898476833,0.04986697158329844,-3.776423980370436e-16
1319,0.15015474255308292,0.039882062797080495,-3.1879985351597776e-16
1320,0.1893320033153517,0.046759594571236726,-4.655570069486578e-15
1321,0.573398506456588,0.059245169754279924,-1.506369139739286e-17
1322,0.19288225586097663,0.039712393642017736,8.752842076557283e-15
1323,0.07302753125373639,0.01741012560556127,1.4144661378965383e-15
1324,0.10223819978376861,0.037241425944878684,3.8667880233564795e-15
1325,0.6613740178858178,0.06921050933955418,-5.310349536343896e-15
1326,0.20626283075678126,0.04657399287507632,-6.508818272352337e-15
1327,0.08097887761166782,0.024608753200361922,1.6536384496267783e-15
1328,0.09801087992525132,0.027070597986244976,1.6800904365637867e-16
1329,0.5206972594008314,0.079358798757881,-5.93350113552114e-16
1330,0.41694765530547173,0.05428602737069136,-7.671474530495342e-15
1331,0.12137511613120722,0.03889637761446093,2.7650564305406703e-16
1332,0.08464766164118714,0.033179305070429106,-2.2457936068901568e-15
1333,0.11077075922274773,0.0413123477828881,-3.945383557438309e-15
1334,0.14024465193110033,0.04939305116629246,-3.396934831705347e-16
1335,0.0956656023193222,0.03298664745266917,3.682149171348532e-15
1336,0.7203776398216325,0.07142145122206155,2.7557140450105566e-15
1337,0.19159101615391722,0.05500163186931066,5.157793450148664e-15
1338,0.13081131005378602,0.04674477642125999,6.769970537635984e-16
1339,0.13345472273125833,0.03825332742713531,-3.028381343622019e-15
1340,0.07548403444832237,0.045751132349626696,3.9629095830064294e-16
1341,0.1665617040267351,0.02978296740662593,1.0107881770837123e-15
1342,0.10285594711146491,0.029432306898126596,-1.6489672568617214e-15
1343,0.5156290143510417,0.055700856338247146,7.77953660033349e-15
1344,0.22365042500703608,0.05074477027145779,-5.549358899489308e-15
1345,0.6424764831113845,0.10848379627717086,7.437697627462725e-16
1346,0.32731811751633827,0.029761305162661063,1.5131115900714846e-14
1347,0.20156743268416308,0.045302053693022544,-1.5093384250628108e-15
1348,0.2645000697668761,0.043130110116013205,1.1755545439020224e-14
1349,0.4269853689640619,0.0520492817763378,8.83579648528325e-15
1350,0.5318766773255523,0.054348407860179165,5.343772101631861e-15
1351,0.5483163215592085,0.08474690483015193,2.695459279420985e-15
1352,0.16592293544221018,0.03615291135420328,6.0781994788480195e-15
1353,0.6198204026931922,0.04372098390232595,-2.4447646922036047e-14
1354,0.6540069284133028,0.07764627802645481,-1.3106859947596924e-15
1355,0.3572626184771106,0.07245588159484144,-9.266632543567338e-15
1356,0.8117628836065824,0.05859525501094738,-2.106099595657315e-14
1357,0.39762731927479994,0.03608946808195928,-3.637229678131066e-15
1358,0.39743562634290003,0.08370270260860105,7.910103680276156e-15
1359,0.08204249666882414,0.03014220722421179,-1.4352511351612102e-15
1360,0.08956543771724654,0.018497569852725423,-7.699737057263768e-15
1361,0.7307077290825068,0.08210002463801512,4.214212511607166e-15
1362,0.5371081306506279,0.06667513042648446,-3.182539757568054e-15
1363,0.06206473486129166,0.031014222203978148,-1.7644700796132979e-16
1364,0.6240521559877322,0.08160318527191228,-1.0112371909619038e-14
1365,0.09459667987896907,0.04136326640647112,-1.7816436157079893e-15
1366,0.3479593033678603,0.07665573658323434,-1.0040710743091536e-15
1367,0.17339271995611463,0.04146080415747162,8.128708259521494e-15
1368,0.1788207597925709,0.03894422758895348,1.1089556467431643e-15
1369,0.18587001376485754,0.0708619189426774,1.0460212822030952e-15
1370,0.03300061501388565,0.018596570021830575,-4.944222171634667e-16
1371,0.08424235369457558,0.03717067792719657,1.0475421356614858e-15
1372,0.05230910527912128,0.020543246365328782,-3.607826511268847e-15
1373,0.20398116418417372,0.04475983867471064,-5.974202070931404e-15
1374,0.17086169965414447,0.04475211863387678,-5.554935362170073e-15
1375,0.11884602458096674,0.04656329948457869,-1.916383989962073e-15
1376,0.0828753428797324,0.027078212901384683,-5.9560966726172296e-15
1377,0.1587848273403329,0.054694291633890564,-8.351477080379093e-16
1378,0.07286418479898317,0.03447387470800679,-2.101059052766649e-15
1379,0.07728203208785338,0.035369507476125654,-3.506436280709472e-15
1380,0.43697416215464197,0.05614832985030357,-4.0908061166977555e-15
1381,0.19236999893648135,0.044048658896616626,2.62673118742038e-16
1382,0.04631491935662285,0.023289493322915106,-5.756430340008517e-16
1383,0.08735434357491885,0.02528312855912248,1.5485185070146833e-15
1384,0.04221606625677382,0.0247843574804823,-1.6826198172876465e-15
1385,0.3232760931194393,0.056384375369132426,-4.899031097442488e-15
1386,0.02660501656577568,0.01620797311756914,7.366724466071163e-16
1387,0.14791904556844568,0.04118814406404346,3.6038433236397285e-15
1388,0.17304209706888277,0.04372624850825143,-1.335599022839996e-15
1389,0.07742251091171373,0.023369017980396287,4.3992858931746544e-15
1390,0.6784564792283555,0.07266931611464111,4.7887330109125396e-15
1391,0.05807641812271672,0.03113721105184066,1.6237283316117627e-15
1392,0.7081838056947899,0.07213123015080955,8.96383786216109e-15
1393,0.08469970852906313,0.042012014303472046,-2.4753700575138846e-16
1394,0.15237760561251537,0.06483129544247582,3.0040476882877687e-16
1395,0.1336705157030964,0.050368614879253266,-1.781716037301246e-15
1396,0.05952951363162061,0.019575161100863773,-1.4110623230134736e-15
1397,0.09345129238974474,0.03302848354842873,-2.7978272014893254e-16
1398,0.042657138598208535,0.0242151866142342,-4.397439142546608e-16
1399,0.040740750447336084,0.02293804757011795,5.675544473039944e-16
1400,0.08802134403644758,0.03944685651976433,2.1149368405744635e-16
1401,0.06034218079573581,0.02098631093629339,-1.0989433614754261e-15
1402,0.14558652723516063,0.049312912951297964,-1.6242352827645595e-15
1403,0.16062647339258937,0.04282472078904528,1.5670222240917695e-16
1404,0.21517735840274363,0.054069251264434036,-1.0754099647466625e-14
1405,0.22476721570861766,0.058388791044839954,-5.163550966812572e-15
1406,0.21249425204221362,0.05049560001484931,-7.014393414877335e-15
1407,0.6153004504651762,0.05302904508726662,-2.6912153740561425e-14
1408,0.34387997513434626,0.04712319671255135,6.827409913787701e-15
1409,0.6590211054616066,0.06151044300926185,-6.633129937177456e-15
1410,0.962080683311066,0.01907250710838563,-4.0134227390330595e-14
1411,0.055605864350587536,0.026766442592571743,1.1773578415741142e-15
1412,0.3440601789202144,0.04876631194625494,-1.942926503890652e-15
1413,0.059367153480627155,0.02615430472484762,-7.111076241875024e-16
1414,0.11084113782681383,0.03139610676179373,6.588916554494243e-16
1415,0.700735840352803,0.06735957829428471,8.589056117057685e-15
1416,0.030605859620443657,0.009987164090712233,1.9879727348963174e-15
1417,0.5777028650608081,0.08466722298983752,-2.080672374264889e-15
1418,0.03653299577451748,0.017326867654181895,-1.921779398659697e-15
1419,0.11167187657215111,0.03229179966925231,-6.583847042966274e-16
1420,0.017609757139463746,0.008773783286509225,1.3450138299633665e-15
1421,0.08256160178552381,0.028369795668099416,-1.8050357903299022e-15
1422,0.10854311394048001,0.04159866564245515,3.627434657643097e-15
1423,0.0696371439644368,0.02448260460756106,7.89467788091248e-16
1424,0.3312689109975288,0.062348417470484016,-2.0922326710884892e-15
1425,0.15586726794564987,0.042178228288742015,4.585988760590418e-15
1426,0.09976868971705734,0.0356293934196255,2.50605870765641e-16
1427,0.09427474082311649,0.02556188216664046,-4.201176624820961e-16
1428,0.34603489190203046,0.05894009901399327,-8.523586996753631e-15
1429,0.3703229039103598,0.05614329999957528,-5.504910146628011e-15
1430,0.3431745153506696,0.06750539552954751,-1.427429603089487e-16
1431,0.6415053714138594,0.056859936448572644,-5.999911736537531e-15
1432,0.0886499630515421,0.02705954326251382,2.1232562710998263e-15
1433,0.0649897335763737,0.026505412178186066,1.937784570769427e-15
1434,0.23987997393285354,0.05138116161084498,6.035470738826569e-15
1435,0.6035766103337346,0.03545471032443735,-1.4575388804859585e-15
1436,0.16926493174803908,0.061543831796934644,-2.8295116485391304e-15
1437,0.08230551234867432,0.026087516086980938,-4.46645692092024e-15
1438,0.43948997432043924,0.06953252767117533,-9.225207392224508e-15
1439,0.18816281256823267,0.06783203351653688,3.1421375612299744e-15
1440,0.18329540853685233,0.030549464053287963,-1.6578207966373526e-15
1441,0.3301092705797333,0.04522399021155532,-9.894962286662436e-16
1442,0.07868076406979628,0.0314336617784111,2.68307518697409e-15
1443,0.46275693990883393,0.048695585179849614,-1.8446685072396293e-14
1444,0.6298902461042671,0.057666986704091774,1.4826655522663694e-14
1445,0.056159112771378555,0.0217650718067727,3.795362227007062e-15
1446,0.08746231964473368,0.0230932703121387,-1.216755188305757e-15
1447,0.23914359094216264,0.045354165612866544,4.760226061266873e-16
1448,0.8381105044604769,0.04818357734642019,-4.255384187373598e-15
1449,0.08829270930527838,0.03706252552200669,2.4717127670544214e-15
1450,0.3652947027664388,0.05778305672635266,5.690182687576954e-15
1451,0.7564947362236637,0.05806635727961185,1.2673534397044637e-14
1452,0.559878190158827,0.06625801414021618,-2.993999192223402e-15
1453,0.11301445247050607,0.029762859940569424,-9.46318474766601e-15
1454,0.08117639240197781,0.021623650661125034,-1.241813059572574e-15
1455,0.08866661550559463,0.01723816566093249,-5.689042047483161e-15
1456,0.4178828851182774,0.0636186923809277,-1.8514580316074448e-15
1457,0.1190236498141963,0.03483142461793358,-8.394966247129739e-15
1458,0.17929352705665297,0.048574627527601416,-4.868469185088162e-15
1459,0.7829193554151636,0.05493961575741971,-1.1082133254122833e-14
1460,0.08355771287295925,0.02995452695632009,1.9583523032543285e-15
1461,0.13989237028784124,0.040458426283516945,-1.0306316936360471e-15
1462,0.07360886919982694,0.03476285666828618,2.55000050936491e-15
1463,0.6204353545448533,0.06736343270667995,-1.1076882688611722e-15
1464,0.19485421001267964,0.03688542666061109,4.562994904731416e-15
1465,0.1369647206897432,0.038424745049561504,4.094680671936989e-15
1466,0.12960507520389458,0.044303948984244695,-4.406636684890209e-15
1467,0.45710009285727576,0.039698018215858014,3.73501693442592e-15
1468,0.41836871241498286,0.04316411530077469,-2.1528875659808037e-14
1469,0.07718853968032453,0.01948967210894685,3.279973958595782e-16
1470,0.6522624828729819,0.07332198947031078,-5.047133255652432e-15
1471,0.08535756106902792,0.035828787279390546,-4.140052800112309e-15
1472,0.10950038787705661,0.029705636248886818,-6.752589355254377e-16
1473,0.08977613972061618,0.033005998197000806,2.749372629251017e-16
1474,0.1879048246162387,0.059845782240293105,-6.0745783991851845e-15
1475,0.06370015828917766,0.03122102057586795,4.30531887592409e-15
1476,0.7561380078994585,0.05056446947801534,-3.979910552023439e-15
1477,0.41007855023112544,0.04889056793947271,-1.1306169452862423e-14
1478,0.3502765555651711,0.04562689550039492,1.6206504138983531e-15
1479,0.1601032431300162,0.03816894661573317,1.0938521234694803e-14
1480,0.407651955189005,0.04303176394019481,3.557258133777359e-15
1481,0.12137319657602075,0.02711549844767617,-1.5868906355667862e-15
1482,0.07528402708184262,0.019427023360920944,-6.5363961887470074e-15
1483,0.41074626302157546,0.06566714237272313,1.4666821066346164e-15
1484,0.25684537986391004,0.059120038368590866,1.0447176935244747e-15
1485,0.5413166905893113,0.05650265532741586,1.405013309436708e-14
1486,0.110988151388217,0.038438981738100904,-3.6091663107440955e-15
1487,0.3619879762558799,0.09033656621396086,-1.6515020126257057e-15
1488,0.09234533496631604,0.040093856565913244,2.8529038231610433e-15
1489,0.10276232098976447,0.0332548143637606,7.074141229314109e-16
1490,0.040538402064932706,0.013686990231787505,3.738547487097184e-15
1491,0.4116530429348361,0.08201954802912945,1.4580277262404411e-15
1492,0.10635942804724421,0.02783820201899491,-2.4668605203062227e-15
1493,0.34843894467574715,0.06845259171570878,7.346301576772775e-15
1494,0.2448913913011225,0.04007072919454604,-7.391365913176753e-15
1495,0.26122513775609374,0.04200312867311201,-3.987713978696848e-15
1496,0.28218861373095927,0.04418099095852193,4.0709309156983706e-15
1497,0.40978473445912045,0.04322823081339259,-4.935278104867465e-15
1498,0.2122186972475656,0.05532544487916623,6.269899436198495e-16
1499,0.15638991185984127,0.045869359054599934,-7.005992510059558e-15
1500,0.794266790981713,0.05302120711514858,-7.072222057092806e-15
1501,0.12521126223496976,0.044385024143765155,-1.3028644626879692e-16
1502,0.07036282420701477,0.025050442432591975,3.6963619090251585e-15
1503,0.11061752025813039,0.02607706694467669,4.354927667304927e-15
1504,0.5285559671259601,0.0432469736517104,1.0103681318428235e-14
1505,0.2698801297602512,0.04068328838465517,9.774651914864748e-15
1506,0.12706628410254173,0.028669244211703793,3.2888093929730992e-15
1507,0.15940923590776115,0.04088328459355716,3.5187479515631103e-15
1508,0.5867586763441877,0.054148637799085034,4.0868229290686376e-15
1509,0.2573550644094782,0.03705774991300142,-6.580370806489952e-15
1510,0.31819324267145677,0.06318591133824339,1.4411172842150027e-15
1511,0.28454928725763917,0.06570096074256862,4.2611417040375054e-15
1512,0.29748244780266436,0.07065828017170098,1.1319495026021656e-16
1513,0.2931323010344401,0.03123862527207519,1.1214845823765729e-14
1514,0.5019437499791163,0.07110463050596347,2.824731823384188e-15
1515,0.8594600949853832,0.05447728073020332,-1.366595464753862e-14
1516,0.5371472813226285,0.040969003041216,-5.777794710019243e-15
1517,0.42542888860689626,0.06018004337594463,-2.0855427264114018e-15
1518,0.22688150836680435,0.038619952718401726,4.107173396773769e-15
1519,0.12603014540791657,0.040301433969833454,1.1800012297279836e-15
1520,0.3100094475153144,0.05352709405580892,1.0005912167531694e-14
1521,0.06343516776585816,0.02413433775103554,-2.0099888992463534e-15
1522,0.33228194002367006,0.055668673291159335,3.624193791344861e-15
1523,0.5422662138476871,0.07541859708705793,1.0647422640599511e-15
1524,0.08155602427944524,0.02560920409233147,1.4953610575642682e-15
1525,0.03937962917521086,0.01785202578633998,-1.6135530977591968e-15
1526,0.622269023102105,0.06206286673632604,5.276890760259301e-15
1527,0.6628881339097746,0.062278394626464915,-1.1672477871554794e-14
1528,0.7842983764356112,0.06154581554550767,1.0050143655613222e-14
1529,0.6068324650383505,0.04128672539497356,1.3865403715367562e-14
1530,0.108841413784454,0.034275540854206483,1.6504518995234837e-15
1531,0.682314090051146,0.07374120411638438,-5.138312041562613e-15
1532,0.4220474651663747,0.049093996944427336,-2.3682730054058818e-14
1533,0.5092434667677045,0.03544217563587483,-1.0883951564175883e-14
1534,0.316719125034987,0.06074933402865012,5.8377597892357875e-15
1535,0.06255131914924267,0.021780975584924984,3.9426315368945546e-16
1536,0.23885700724975123,0.05530495714966439,-7.120853156964678e-15
1537,0.3717963585320756,0.05536574890691765,1.501219964458735e-14
1538,0.6639209985449164,0.07424802828808581,3.830378067346675e-15
1539,0.06750466623349136,0.03154137643315185,-1.5681809695838765e-15
1540,0.1968506946436094,0.04588323615863554,3.1595368490098958e-15
1541,0.483734703212482,0.06655337821100597,7.924551788130867e-16
1542,0.09207371133322283,0.032347317030065895,4.1287550315642643e-16
1543,0.6358899527278035,0.04720247066637337,-1.82231558248095e-14
1544,0.19215025136394764,0.048307711377309895,-1.2512640774925729e-15
1545,0.07135219724302216,0.029371334790523812,1.7084253849254693e-16
1546,0.26070539884000654,0.05412876520111841,4.3955561811219344e-15
1547,0.47987316808726727,0.053835341555536,1.2202857409770209e-14
1548,0.10457612625831128,0.03949930113564801,5.690526690144923e-16
1549,0.16501830998813188,0.0705092848212239,-2.298951056340572e-15
1550,0.10566873026826264,0.033747271117730425,4.655984230473014e-16
1551,0.3435193962500759,0.08338552385673607,1.918882534929429e-15
1552,0.2985150754613175,0.05416553363315537,2.4017535079684526e-15
1553,0.5208920735127257,0.08930942599032443,-4.438574607516412e-15
1554,0.6489492420232228,0.0527385558840011,8.961303106397104e-15
1555,0.12797861908115543,0.043134887598583166,-4.837219267597898e-16
1556,0.19244930346523864,0.04627795126108096,2.1367312137951504e-16
1557,0.7995924129993165,0.05408222471038505,-2.1073959421766098e-14
1558,0.49193164596188355,0.038074904746201045,3.879117799608432e-15
1559,0.6646184577843397,0.052635346339664525,-1.653254615182518e-14
1560,0.6801628913181507,0.058888671924585974,9.125120750343752e-17
1561,0.18107595395760406,0.05096688345445847,-1.2277994812774033e-15
1562,0.41093768915101686,0.05497724328759515,1.4551670733068018e-14
1563,0.1827368901107658,0.05234856463802313,-5.914381834901372e-15
1564,0.37849301311410066,0.11534379074175155,6.030546070485113e-16
1565,0.4222767533425542,0.04345597453003759,6.580425122684895e-15
1566,0.10857662018106684,0.035777504514214575,3.2803451192612225e-15
1567,0.27085640346221374,0.038394921950269716,4.7989444555617335e-15
1568,0.15609894259296045,0.04316233639581465,9.713184087588128e-16
1569,0.18452587700240486,0.04600223202687359,-2.4461479446348076e-15
1570,0.4429982413462907,0.0733623586897985,8.941242325065e-15
1571,0.9371580823179954,0.0317236442510193,1.2658642706931228e-14
1572,0.06015623275214079,0.01960472070484029,1.038091117741487e-15
1573,0.07286312908253852,0.02800657282933636,2.901245236659888e-15
1574,0.1451992680631583,0.06066724951450869,-2.5328728025597017e-15
1575,0.10921926918276387,0.03635488423084574,-8.075731864054221e-16
1576,0.13488390549876259,0.03550689540322382,1.3954192588700272e-15
1577,0.09026801471856823,0.0316947589277991,-4.3043773952117536e-15
1578,0.6232739551119396,0.06419185029312109,-3.80966549167526e-15
1579,0.161114077122274,0.036072020488822465,7.348184538197448e-15
1580,0.09913998480096607,0.031756887254972645,-2.8697780543898534e-15
1581,0.07422302139788153,0.02323955179877481,2.0324033823593006e-15
1582,0.45362905635467304,0.03687449289490752,7.518520125537198e-15
1583,0.18550487376187727,0.06573316156478066,-4.1859680902370544e-17
1584,0.05745549239050526,0.018121090306445417,-7.031883229648826e-15
1585,0.5896508143955675,0.07005543968740612,9.936532281191779e-15
1586,0.2299697836793649,0.06267056212800033,-2.517664267975795e-15
1587,0.15629635153824567,0.034580587278425085,-4.820308825572459e-15
1588,0.15152529805747417,0.03956024553570248,5.9006217321825996e-15
1589,0.09732103853264074,0.03259140703391289,6.279622035093207e-15
1590,0.8510178581758755,0.04218675952181654,-1.6371480528422285e-14
1591,0.07932362128331968,0.022407441059748685,2.1826419775703174e-15
1592,0.8289696082049924,0.03938746830457022,2.8147376435147642e-14
1593,0.7441346411321464,0.0553451167992434,1.6568463867318317e-14
1594,0.4794052573478639,0.07461965012592091,1.1404373133318503e-14
1595,0.0839919267179325,0.04309186420576809,6.156197534785481e-16
1596,0.09562669021203626,0.03371295800829149,-2.2580328561505387e-15
1597,0.5788743946515053,0.06704627972676731,-3.6904247528623525e-16
1598,0.10751761474634478,0.0282426926396766,4.427747579324536e-15
1599,0.08450968980579361,0.02667263885058476,2.3209310098939793e-15
1600,0.07427015639627305,0.020771663295288303,-9.128379722040305e-16
1601,0.9777592200046933,0.013218163752474725,-1.3396184212657425e-14
1602,0.029658464527058916,0.011176097439447433,-4.0243230940881085e-15
1603,0.2633294711334217,0.05094700155671641,1.7306950248519034e-15
1604,0.0984827554956415,0.030603208984081025,5.11405080782162e-16
1605,0.1792683896299936,0.04642262611725961,1.5794244219369787e-15
1606,0.10678943740047418,0.04047015569877196,2.3013771797146714e-15
1607,0.13672878502835206,0.03821551082909837,3.584144650273907e-15
1608,0.33635492756504004,0.05458639255978662,4.366949651785539e-15
1609,0.7255613448802436,0.06884368876062365,7.949854082274925e-16
1610,0.0696489771182654,0.029008025003542416,-3.807999795030356e-15
1611,0.7644586550595514,0.06360843013650291,-3.3643451147398333e-15
1612,0.1464363012262391,0.04188658606395107,-4.614387077846199e-15
1613,0.5300294798900732,0.08518306151145283,-2.6624169274976174e-15
1614,0.3821800105368187,0.060706449743365386,-1.0735414876406397e-15
1615,0.17650231837388816,0.047677620186450755,-2.1501971037913174e-15
1616,0.6835827230681593,0.05538641526782553,5.641786957883167e-15
1617,0.10901720923126317,0.03695299356996494,5.657864551586153e-15
1618,0.2067663808211802,0.04288660244010826,-5.300319145677843e-15
1619,0.17429582215410908,0.04735665223208481,-8.552990163615851e-16
1620,0.06938804851939558,0.0292488373405692,4.298692300141103e-15
1621,0.2586372425633484,0.05119858114409257,6.155147421683259e-15
1622,0.6143567374609276,0.06714260164267037,-5.031055661949446e-15
1623,0.42816132962191983,0.06767587686981832,6.685400222110477e-15
1624,0.0800458070289074,0.01975659120285643,3.1503393066662957e-16
1625,0.10716825245896741,0.03067566379069821,5.633313631472133e-15
1626,0.25598599045978293,0.04047789458730964,7.059512067476256e-15
1627,0.6336613217587075,0.05224764570708431,2.075349387160522e-14
1628,0.10258698939748913,0.03613806319767944,2.94263417720609e-15
1629,0.16387329847870183,0.04810607551899832,4.350328896133127e-15
1630,0.097722661329347,0.04503935669377539,-5.199508287864521e-16
1631,0.14513267148893766,0.04545473596500037,4.0881989393405145e-15
1632,0.1489723091536908,0.04152132088500786,-3.1390415381182507e-15
1633,0.07224120499450858,0.021995990822086232,-6.459209480971499e-15
1634,0.1076546240147338,0.027769563934878096,-2.266940712121112e-15
1635,0.18239240362956236,0.044742944855773806,6.337432571910364e-15
1636,0.6946648164034086,0.05328994205125339,-2.890345786874755e-16
1637,0.039530945367552126,0.023666365222902587,-4.2236273187305366e-16
1638,0.11876531288225185,0.04342947106835009,-4.169265860292229e-15
1639,0.14475587779772991,0.07475955434508368,-2.818191248243193e-15
1640,0.1761502125092854,0.05408043863565365,4.941687415870682e-16
1641,0.5970410316380014,0.08673358911560276,5.915757845173249e-16
1642,0.7535446077840536,0.06248500709415954,7.022396000932199e-15
1643,0.21614515876111684,0.04801040628495106,-1.481818219625266e-15
1644,0.23876493490897668,0.03193191085353692,1.930216514274102e-15
1645,0.5921889688165346,0.053992364657575356,-1.2918274118756485e-14
1646,0.4799635100939182,0.045593193318951494,-2.0355175108693388e-14
1647,0.3415586951303808,0.05099778725354437,4.81545657882426e-15
1648,0.5671875612298408,0.0460926380388237,-1.822996345457563e-14
1649,0.10572165783812966,0.030972984810980184,2.4188087931804045e-15
1650,0.48576596576274456,0.03694988534346442,2.0875270780666352e-14
1651,0.0664956412028751,0.02280620224358149,-2.930467349538965e-15
1652,0.8323609090845909,0.05375305114641046,6.603364662348954e-15
1653,0.9440259557245997,0.024385680419085173,-8.48539818535946e-15
1654,0.8126369364331685,0.06412559675638926,2.0765805542458855e-15
1655,0.052049486000868644,0.023992769109836904,-5.548507945768542e-15
1656,0.7352417090478263,0.07215305818521559,-1.4477800707946186e-15
1657,0.3887408431767589,0.05059716678932207,1.0524885304809181e-14
1658,0.3996604036820615,0.038893514479755156,2.19288963301614e-15
1659,0.4996413144467945,0.050183127090411506,-2.7874528082553038e-15
1660,0.0368659762265953,0.013349646734521442,-3.6317980586368136e-15
1661,0.5757914504285152,0.048681114692315515,-1.0425341824877852e-14
1662,0.6091214267558248,0.05699955806100983,9.533216428345236e-15
1663,0.9681869582617653,0.019685060678681306,-4.397953335858731e-14
1664,0.08027241604258947,0.02989156237510325,-1.7111411946725953e-16
1665,0.5162084445720775,0.04695029655188866,1.8805353013000082e-14
1666,0.26162393695440095,0.05031429445491073,1.287366241731036e-15
1667,0.2632544492616634,0.08239441696228818,-3.360361927110715e-15
1668,0.44216980562850594,0.042972078930499785,6.807557344536209e-15
1669,0.7342344611209433,0.04383348208036881,-2.3185845502724625e-14
1670,0.37957741230518155,0.04378915716591848,-2.3539914672156613e-15
1671,0.30613885481062714,0.049769531865656344,7.65134132756998e-15
1672,0.3750478811039366,0.06599213835893683,-2.4134858060760375e-15
1673,0.34506445064792146,0.07326095983738333,-1.8758641085349513e-15
1674,0.28285461382863214,0.051094990698616845,-2.0157464159102606e-15
1675,0.4164074982920973,0.04795116284763999,1.0360633131302994e-15
1676,0.05211454963056507,0.022707930256996987,4.142786715257749e-16
1677,0.6151071126295251,0.058994302431250305,5.6724212918307495e-15
1678,0.08206099618744563,0.04044660536773762,4.2969179711063135e-15
1679,0.8722650815521332,0.05057114927552998,-1.7864668938188852e-14
1680,0.12359732326187252,0.04177126858038953,4.652001042843896e-15
1681,0.14419224394373029,0.034658138323892015,-1.016065900692294e-15
1682,0.2619701234288339,0.08418776136873553,8.032206486506946e-15
1683,0.05932465830763837,0.019284786593967585,8.408509085068741e-16
1684,0.1895412865584238,0.051301693564541444,-9.40072112348211e-15
1685,0.5594473392153099,0.041951289983108694,3.89537644729456e-16
1686,0.9071291710235011,0.0376514520430705,2.978613224736017e-14
1687,0.632063719209261,0.053619709883042696,-1.2860409265744385e-14
1688,0.5909333042036318,0.045424425880359935,-1.0855815775195656e-15
1689,0.5102329139906303,0.0478516169950174,-9.742587254450347e-15
1690,0.25299749106724906,0.057261295339037316,2.783016985668331e-15
1691,0.49061460527910616,0.08806590604062134,-6.1659744498751354e-15
1692,0.5317228102001016,0.07752726183868222,3.5774547055968195e-15
1693,0.6800700331561013,0.04500134337531754,-1.0758951894214824e-15
1694,0.6336004640890147,0.04849711183594487,1.1515178171001249e-14
1695,0.11348186890268916,0.04974916759953974,-7.866433459542368e-16
1696,0.1499461051612867,0.05569287140153133,2.8874489231444873e-15
1697,0.2963075164040679,0.05771021823574313,-5.244626940463443e-15
1698,0.26072519893778984,0.0693493568354345,2.1803244865861033e-15
1699,0.09354613537155297,0.034012812736165896,2.8827403879954073e-15
1700,0.07101733634279984,0.02671048350115277,1.430326466819755e-16
1701,0.10223629917712841,0.0344990648559827,-4.6348371252420595e-15
1702,0.18587750637870593,0.057661341432801834,-1.2225059154452966e-15
1703,0.10681393754060536,0.031618698845129606,-3.0473558010552733e-15
1704,0.7133187242909861,0.05839591018659387,1.0185517718808302e-14
1705,0.397746618931601,0.05697144315286658,2.163962638129584e-14
1706,0.10679927722171963,0.03766282440691274,2.1452000138566055e-15
1707,0.056200785718499825,0.024245488590220236,-4.052096775102051e-15
1708,0.08061688975695186,0.03336193221258777,8.492156025280225e-16
1709,0.1263068958575072,0.04318263953961626,2.179455427467023e-15
1710,0.06248708685093082,0.021732997669301025,-2.571256246985751e-15
1711,0.09109770267486601,0.04839698799041831,7.4883927427424125e-16
1712,0.712718465780279,0.06929354908141784,5.6674242018960376e-15
1713,0.13066723703241104,0.04365953025430247,-1.4846336090631202e-15
1714,0.15623750090918484,0.05577381968505823,-1.8117709985027752e-15
1715,0.4498042633800728,0.039216490271601845,1.5077324762323435e-14
1716,0.11833771984342452,0.0580695017527616,-2.570966560612724e-15
1717,0.3197187363962767,0.03325722020347391,1.584019572029116e-14
1718,0.06681177985807865,0.02858893679284201,2.8695607896100833e-15
1719,0.11182658450912421,0.0503969091624163,-3.804668401740548e-16
1720,0.21385432597328485,0.04768194423914869,4.034788014313701e-15
1721,0.16698013001467912,0.055019461794294906,1.416204256134699e-16
1722,0.5579995696980662,0.05091545591046198,2.995422389689636e-14
1723,0.2803460811174809,0.053597142023911984,-1.1390341449625017e-14
1724,0.261311144918379,0.051818958558311555,-3.358261700906271e-15
1725,0.7591529251051354,0.04660101068711171,1.0176682284430984e-14
1726,0.8426049384948598,0.05083459192832765,2.1861363194449532e-14
1727,0.6363134299590668,0.061501757312986925,-3.0663302584885277e-15
1728,0.37784020907969895,0.039976928876332155,1.210526931285681e-14
1729,0.0942016608614031,0.04830622716644075,-2.184452517401735e-15
1730,0.3721795061382749,0.0798795043817709,4.749045977807869e-15
1731,0.6915488842997786,0.07113949262446581,-2.300109801832679e-15
1732,0.2971051405917138,0.07722834295889747,-6.49998283797502e-15
1733,0.7396277769571542,0.05270664587214467,-2.7407698492420373e-14
1734,0.09760907643276251,0.0287448619367434,2.6538711794933273e-15
1735,0.05192521410660013,0.020137346176674415,6.738105036603038e-16
1736,0.4163465324184673,0.047263005919202086,1.2370042657803294e-14
1737,0.10826529147541332,0.03099204744786475,-6.4164807409500484e-15
1738,0.32832278304882584,0.03723785656194427,-1.816152504894805e-14
1739,0.07664423598174658,0.01984742572359197,8.647138234849556e-16
1740,0.3029805539495588,0.06559415360855357,-3.257088735126666e-15
1741,0.6219302895463916,0.07705489229485958,-7.22936786176068e-15
1742,0.4218462397712021,0.06506813543280321,1.4885262697006676e-15
1743,0.23789084844375646,0.031314995374650066,-5.963556096722669e-16
1744,0.4994746727357396,0.041089252023793585,5.4715237921366735e-15
1745,0.6302737558982285,0.06222938286591329,-7.998530445642582e-15
1746,0.09405115750715724,0.037746331241440396,-6.545463598540225e-16
1747,0.27474435121397767,0.04697399127942301,-2.404396896122322e-16
1748,0.734241902406772,0.07125051248304329,-6.9734208984923585e-15
1749,0.10540697678378423,0.04460027934886909,5.715222453445457e-15
1750,0.08758019706792831,0.029303639029005367,-3.113983666851434e-15
1751,0.1652411456229263,0.04985023924844335,-5.741538649895109e-15
1752,0.1336774404321682,0.05734130238868662,2.9040877841952134e-15
1753,0.15880820132665446,0.04219256911097505,3.636505462198499e-15
1754,0.06209329966558089,0.03238061906449229,1.9122921699430696e-15
1755,0.1830228733560701,0.06185305467585686,2.4687072709342684e-15
1756,0.16266660395818386,0.05653288679850985,7.709278602175337e-17
1757,0.4488031093658399,0.06111405720011998,-2.2612338905724845e-14
1758,0.17690458671015447,0.040699502564154284,2.518479010899933e-15
1759,0.8372665374034277,0.04784819535679945,-2.260332241736439e-15
1760,0.5730538429179244,0.07363041762570587,3.572339930573066e-15
1761,0.08461515369202569,0.03055444233322209,-3.6873092098680714e-15
1762,0.071057918140373,0.027743152298280914,-7.010410227248216e-16
1763,0.08338312643874761,0.03329740178655217,2.854949733170545e-15
1764,0.3443745738064311,0.08644176523335889,-2.8819810928536066e-15
1765,0.1524030744948197,0.07714039862564338,1.01116839044831e-15
1766,0.18330215540930697,0.03466250296990852,-2.3723141303096056e-15
1767,0.0804407820249873,0.02604292854182422,3.69463171189876e-15
1768,0.06609561722243008,0.027106975058576517,-2.4807292554148802e-15
1769,0.3665230250477659,0.03555072898426228,-1.8804882272643914e-14
1770,0.1153320579220944,0.028112853909910425,9.51101921001206e-15
1771,0.6820175400168077,0.04274435918815937,2.1199755729252982e-14
1772,0.6638845723984951,0.046465907516919966,-3.162962390370938e-14
1773,0.511902746428615,0.04043693500708084,1.6989526405274932e-14
1774,0.06040123461739703,0.023923009521249927,8.687196428619666e-17
1775,0.1229489597575943,0.024738957647549673,-2.29373670162609e-15
1776,0.684687659543075,0.0753579956937906,-3.0308255723944323e-15
1777,0.08338891958243848,0.02008689944750044,-6.562048143396008e-15
1778,0.03616391153645413,0.01629715855070501,-2.385748335858723e-15
1779,0.5502101881071424,0.041258172137590775,1.5537654514461312e-14
1780,0.7622540429361644,0.04204593521079954,2.682897754070611e-14
1781,0.21393437173722632,0.048597281003539224,-7.165247593631034e-15
1782,0.6894657801645079,0.07137070431978902,-3.1880709567530343e-15
1783,0.5065882708116435,0.06466980352653035,1.1381451699052758e-14
1784,0.6734625429950672,0.05517826657835394,1.7236158141110612e-15
1785,0.27799596757974043,0.044878799838655524,-1.400814667567651e-15
1786,0.6139254391433747,0.03643735936460935,-5.5204445783815716e-15
1787,0.08503751809818985,0.02980620704669607,-5.334574559288261e-15
1788,0.14151479457571997,0.04360793103955508,-2.7525637057038904e-15
1789,0.4236926558454022,0.09281287051988062,-2.412399482177187e-15
1790,0.14256876309526356,0.04982075486950484,-4.394592210110129e-15
1791,0.11079953418377979,0.03495606650709816,7.625993769930136e-16
1792,0.09408704532384636,0.026182772419361088,1.786853444072893e-15
1793,0.7353665907669635,0.04508958555908193,-3.565315036027166e-15
1794,0.9556718436530459,0.023523166584396665,4.075090630961052e-15
1795,0.11629403222749389,0.03373848282173846,3.606015971437429e-15
1796,0.7330626302683784,0.08323909184897965,-2.465955250390514e-16
1797,0.7934599146978417,0.05402805842495477,2.35840918440432e-15
1798,0.5855652163238173,0.05008156313694249,1.594408449581789e-14
1799,0.4755013251954635,0.06451142636241906,8.575730543898453e-15
1800,0.13449850985173362,0.03749083550559516,1.3970125339216744e-15
1801,0.804102846749196,0.06307511673398876,1.7122999401647025e-14
1802,0.7952094443111929,0.06599102507824273,1.6254954184872262e-14
1803,0.5220001774342323,0.04377876284947585,-9.994442397699665e-15
1804,0.5649579395713161,0.06257133680755782,-2.232395612137668e-14
1805,0.15275231981532184,0.032404567563703995,-6.2195800079338265e-15
1806,0.22201367213182335,0.06042354322205554,-2.266795868934599e-15
1807,0.09874236970355839,0.03708935488808513,2.7789613764459563e-15
1808,0.595219442442421,0.07548814889009854,-1.926173578830547e-14
1809,0.7588363226696752,0.05337113835849687,-5.291737186876924e-15
1810,0.2000528327624447,0.06026013347722865,-2.3967711286698708e-15
1811,0.09238491721301485,0.04073455301950567,-1.5391761214845696e-15
1812,0.04218173388315391,0.02582207186109362,-1.5644150467345282e-15
1813,0.0641490573999504,0.024331254695965147,4.132267478837214e-15
1814,0.5520555386701979,0.058186531739289137,2.220996453359064e-14
1815,0.3213455112091581,0.0527769878459863,-4.250640573015284e-15
1816,0.16206167315462702,0.04614215977878407,-2.2520942855034896e-15
1817,0.7109961495902041,0.06952194108154558,3.988800302595699e-16
1818,0.5606632000064653,0.05276715025665398,5.269105438984207e-15
1819,0.08981217185046257,0.037783227736845434,-1.4836287594566833e-15
1820,0.233774975670213,0.05529995517649084,1.8559481703893597e-15
1821,0.15301564595258288,0.04694782743146639,-3.9955717215651995e-15
1822,0.5333763170192783,0.08892986954868239,-8.838150187064093e-15
1823,0.10622768308202526,0.030637974260606285,7.3471706358918545e-16
1824,0.03902184971506229,0.020199234903120967,1.3218389201212235e-15
1825,0.5148743975370524,0.07050049145008237,-1.006891895366502e-14
1826,0.47276267242220227,0.048000653974617065,-5.240861017614095e-15
1827,0.0876611749703844,0.029120843516513967,-7.122011902456785e-15
1828,0.11691528617911254,0.029810351628920893,-8.620124980564809e-15
1829,0.06489391991479924,0.02974943682762617,-1.4993080343967581e-15
1830,0.04782531205168712,0.024239328440606042,-9.726219974374333e-17
1831,0.21119604183426618,0.051198694713808494,-6.567914292449801e-16
1832,0.28760889352007374,0.046972783463438174,-1.070470812086556e-14
1833,0.280847772844208,0.04480677508039714,7.350135394865801e-16
1834,0.08837799211716096,0.022900869752805683,-7.540844081658575e-15
1835,0.07642894706745262,0.03502558663125343,1.7622346287151947e-15
1836,0.642736573297947,0.06042040349389021,3.467256198757599e-15
1837,0.11196270222103165,0.03501263150679334,2.0763270786694872e-16
1838,0.26270417094340076,0.06476463927421428,-4.5881976191847465e-15
1839,0.6882800097759737,0.05709320017829845,1.6540802213456442e-14
1840,0.14646408137316874,0.034101829764693836,-9.377872110809622e-16
1841,0.44648882485406927,0.056935018762153365,8.941604433031284e-15
1842,0.11880146037098117,0.0369273098681279,4.9161406988493826e-15
1843,0.2682703141047878,0.04119948962104487,2.189275795512631e-14
1844,0.18643396444312352,0.04877578563989135,-4.128103237224954e-15
1845,0.15113417872321067,0.0412249891241228,1.331126989456395e-15
1846,0.05656711690111467,0.025458438816667824,-2.9520489843294604e-15
1847,0.18059790794426187,0.038603521605154095,3.298079356909956e-16
1848,0.5885957319569239,0.055916809072545,1.4029978391281221e-14
1849,0.15115079239740312,0.03223464387800132,4.1695102831694705e-15
1850,0.18015027352208843,0.04367911422312752,3.359927397551175e-15
1851,0.3523399138685738,0.058337170153870806,7.370255018742427e-16
1852,0.2253030417324321,0.04069549868798853,-9.592873715790441e-15
1853,0.4475023206110308,0.07595877642135483,-1.3451948839465081e-14
1854,0.4505696085974398,0.07863568959437083,-6.697838630752314e-15
1855,0.11089100576142859,0.044338562234624464,-1.7878356619314367e-15
1856,0.4353395177672298,0.0653544213314164,-6.151562552817053e-15
1857,0.4794262163469545,0.0341057962935219,8.20464230005114e-16
1858,0.08810179466147837,0.02898825136209041,2.6996235210332453e-15
1859,0.14877355818584628,0.04240646810858621,2.836029591932233e-15
1860,0.07042568721184975,0.03373634240084963,1.772880602923929e-15
1861,0.05109239139474161,0.028042820780134793,-3.555547173636669e-15
1862,0.1761720589672683,0.05149106455274707,2.776788728648255e-15
1863,0.8342497699988867,0.05548616674548569,-1.8626580310045928e-14
1864,0.0387771540766275,0.0215043186133654,5.659747513010828e-17
1865,0.4264010449212463,0.08155348692966545,-9.943919283703962e-15
1866,0.20001704858267952,0.0517505910720027,5.471225053064489e-16
1867,0.06930668955983176,0.029040337626283434,-1.3118447402517994e-15
1868,0.10683334691281501,0.025924994536359776,-1.1274955746168785e-15
1869,0.5274793366597178,0.07245992109409007,4.843918264974142e-15
1870,0.09947840828242109,0.04457265216742388,-3.925033089733177e-15
1871,0.04793042003055713,0.021140093003097958,-1.3201008018830628e-15
1872,0.04956691405828914,0.018955509840235963,-3.239417866372032e-16
1873,0.2271372603015183,0.046075073758989823,-2.5739358459362483e-15
1874,0.11918076319282689,0.041766221635851725,2.329295703915128e-15
1875,0.1641321218403616,0.05044085329225051,-6.695376296581586e-16
1876,0.35886533567426904,0.053559889660159704,-9.000917717908518e-15
1877,0.08761991940520257,0.02574390780993873,-1.6003723677864782e-15
1878,0.03341387967406662,0.016556285061892988,1.2356583557331493e-15
1879,0.10712260358461731,0.03409062545258953,-5.891315557449114e-16
1880,0.07178092189165874,0.0230754825325385,-2.2919985833879292e-15
1881,0.1053227041627835,0.04757023311939443,-5.602534454338037e-16
1882,0.232912137336343,0.05092109445595239,-5.207275503741302e-15
1883,0.07032723722616774,0.025980753584256857,7.887797829553093e-16
1884,0.15676563705479923,0.05230518705159734,-2.9017883986093132e-15
1885,0.13489772802975533,0.040941585925824885,-4.846453020738126e-16
1886,0.4331771833688584,0.06768207906992099,-3.575598902269617e-15
1887,0.24703336769443554,0.04281343913987376,-4.39367321969726e-15
1888,0.03963191489345242,0.016128728161341612,-3.8756415631321104e-15
1889,0.5466272235957969,0.048714869083598886,-1.2001308115736824e-14
1890,0.8115525298565455,0.0573082731565037,1.0563848121981284e-14
1891,0.06832999061164133,0.026745470947995283,1.150091111712968e-15
1892,0.10985893923771607,0.039318213384464125,-4.371693266143853e-15
1893,0.05973339119570546,0.030951377562061094,-1.1456733945243095e-15
1894,0.09455153223817474,0.03510893610410383,3.1089141553234652e-15
1895,0.5683662932975032,0.07349424415795332,-8.033365231999054e-16
1896,0.47357768054401655,0.0593332075092183,3.4977819003152965e-16
1897,0.053588419997991424,0.030139399445564576,-1.5517050571179782e-15
1898,0.13152606768611083,0.05688214766635202,1.3818039993377681e-16
1899,0.6340061911268879,0.09424150300751992,5.88570288397172e-15
1900,0.06144942605435169,0.03049437549981024,-8.098906773896364e-16
1901,0.07461159928721274,0.03146523460819566,-4.873321431836361e-15
1902,0.8590308758140809,0.05499895885903146,2.097112075934159e-15
1903,0.06984188692354489,0.02848144900108982,1.881621625198859e-15
1904,0.06563363792103274,0.033293469864724076,-1.6329258739553632e-15
1905,0.23184350714337662,0.057097814831966395,1.8641318104273664e-15
1906,0.45817004707005216,0.05535003566136969,-3.4755122603888625e-16
1907,0.1840283469436382,0.04827347395002237,4.784206661333996e-15
1908,0.11458955519757631,0.03355343187519971,1.5127920297912393e-15
1909,0.252940223942639,0.04024711533222243,-1.4414793921812862e-14
1910,0.13930836464221552,0.04420646156172199,6.106950851370928e-16
1911,0.077761802372897,0.02585560799233738,-2.3247331435399558e-17
1912,0.05999579963539701,0.020809880706255127,-1.9158408280126478e-15
1913,0.6904479764669472,0.09057441061399901,-8.763157627246784e-15
1914,0.08587733792562101,0.024953351106420243,5.595147451825854e-15
1915,0.13658378383030523,0.04133314273804571,2.264840485916668e-15
1916,0.1242186352036321,0.03965658015198253,4.226451760867548e-15
1917,0.12577137444465514,0.046648122728859515,-3.8037269210282105e-15
1918,0.6788392266362046,0.06192104883889281,1.0226254865015194e-14
1919,0.6331551432556473,0.04295694635135274,-6.544015166675091e-16
1920,0.6521971138668873,0.04563936578026059,7.857344549588652e-15
1921,0.0514697304624918,0.02474563890539404,-2.2663613393750586e-15
1922,0.05394845311995609,0.020468931113424516,-3.528588235546864e-15
1923,0.10241250681289289,0.04818749562504747,-3.48170430661231e-15
1924,0.15332064359869085,0.049839557298887595,2.803620928949861e-15
1925,0.36742839579288405,0.06491213763368198,-2.7400709808671103e-16
1926,0.12857140819390478,0.02978320825916928,3.0465591635294494e-15
1927,0.09802776865503807,0.0342839067638419,5.054339204181473e-15
1928,0.10351426481483857,0.03334000824702227,3.072811991085002e-15
1929,0.3804630582406295,0.0612567544992941,1.6567236094995136e-14
1930,0.12523372991377013,0.055827438670970765,4.656129073659528e-15
1931,0.7726655256254291,0.041989542659884714,-7.6202000424696e-15
1932,0.7095570025752932,0.05860030744186909,-1.3618771979531882e-14
1933,0.09103012701043017,0.03309855687320737,2.0885301171332404e-15
1934,0.19329117730915407,0.04290828008689823,3.142879882560856e-15
1935,0.05649550001942313,0.02813310710831072,-4.964717482526312e-15
1936,0.2625918909806746,0.05214227869034074,3.6355639814861617e-16
1937,0.20353110219435197,0.0992547783479691,-3.0191113796851617e-15
1938,0.24407882554410348,0.04005830826583312,-2.6193803957048254e-15
1939,0.816564824166553,0.053252700556425975,1.3774587037423665e-16
1940,0.10113082894934587,0.038818653297533486,4.7454973197382914e-15
1941,0.07552750171773694,0.022877556083926272,1.6908993593573486e-15
1942,0.2833132395029622,0.03810802694723593,-5.443569057139589e-16
1943,0.03919145069579471,0.018689130037420627,-2.079223942399755e-15
1944,0.6054445458473275,0.05920664975310224,8.102165745592915e-15
1945,0.6516521053542106,0.061778278509038415,-9.226510980903127e-17
1946,0.09078807168568717,0.042334727642799455,-1.891652015864911e-16
1947,0.38482624345616134,0.0901835121536974,2.2088585943292415e-15
1948,0.06688539668456091,0.018892099184760335,-3.1219409894105133e-15
1949,0.1694727819653106,0.050516539940206454,-1.160809507514959e-15
1950,0.723322827990831,0.09874667175631203,8.242084263764853e-15
1951,0.28144375416255935,0.047556610435342365,-4.088488625713541e-15
1952,0.2071491988174628,0.04881049337386987,6.280264776733359e-15
1953,0.16773174572629387,0.037458846747833355,4.21895612596548e-15
1954,0.05182636227965028,0.014732222563777972,-1.7954037184267617e-15
1955,0.16521173507034376,0.045160930265490444,3.20032831141173e-15
1956,0.07164866461875254,0.030478552995373036,2.653309912145588e-15
1957,0.24260307714852025,0.05032402876390686,-2.0652465749012125e-15
1958,0.06475073168704142,0.039904947749307966,1.5335272372105472e-15
1959,0.3057796403711264,0.04843398946441148,1.1317105113444184e-14
1960,0.13902314747669223,0.040470990094566894,1.2803413471851366e-15
1961,0.0688930747920629,0.036483482577733366,-3.03975153376332e-15
1962,0.07549364176210221,0.02786632021288803,2.9032730412710756e-15
1963,0.2195817185669749,0.04588994462521504,-2.2780212158893867e-15
1964,0.1904332171805311,0.04727651746571421,-4.53529364531073e-15
1965,0.15480969523538607,0.055618022287857206,-1.6163594344978938e-16
1966,0.2648914271426539,0.05520375803976619,-2.8106096126991324e-15
1967,0.6532703432727864,0.1150882508350992,-6.9177105878796445e-15
1968,0.39693640600921926,0.07190808821406647,5.399935047202429e-16
1969,0.05487826151938108,0.024698392961675978,-2.7459552353192167e-15
1970,0.1285958952823902,0.05291431358384864,-2.6183574407000745e-15
1971,0.28491961912628805,0.0488225735014738,1.3095906181616848e-15
1972,0.7105231964096238,0.06432081645701582,1.0690513488587246e-15
1973,0.26998036327893227,0.07205525706305177,-2.020127922302291e-15
1974,0.17495062860239038,0.04726891661840284,-5.215622092364136e-16
1975,0.11633198449913672,0.033681123853664584,-6.41119396464231e-15
1976,0.17192037736822,0.05541710720167659,2.9635640176572752e-15
1977,0.11546717881932271,0.036044909457965964,-2.7544828779251925e-15
1978,0.05877015539283943,0.026200728536610447,5.286776307738841e-15
1979,0.039918692155014146,0.015274939425028921,-1.077633307659643e-15
1980,0.8299688824318004,0.05435012112457035,-4.615247084266123e-15
1981,0.12798829091713365,0.03797357901437075,3.9252503545129475e-16
1982,0.14995095605689482,0.04926395960946365,1.356311598511411e-15
1983,0.4187742832112442,0.04984383902937384,-1.495520385069433e-14
1984,0.05934285301664342,0.024978242526553757,-4.919743673113903e-15
1985,0.9641834406375756,0.02260380301278447,9.668181309538417e-14
1986,0.689955359505197,0.05625110982635397,1.2247215635639937e-14
1987,0.5327625342214151,0.06487294235144936,-6.2923501301080705e-15
1988,0.21537206954314123,0.03556378464991728,2.465231034457947e-16
1989,0.06127667256375359,0.01764876390637682,-1.8025734561591745e-15
1990,0.27324111029532305,0.051017035033571564,-1.9146820825205406e-15
1991,0.3552349452551774,0.06542784911604274,3.144907687172043e-16
1992,0.6976052475706784,0.07753667642282464,-5.012606261067302e-15
1993,0.09698224312297189,0.030439651931749405,3.4620780548397453e-15
1994,0.2548513142993066,0.05109906748722746,-7.230173551985662e-15
1995,0.1117522164234516,0.04895566794491067,4.555390637439463e-15
1996,0.1393823967533696,0.04864149674967809,4.670830657090638e-15
1997,0.2501451224899108,0.05310057734213535,4.909966758024249e-15
1998,0.8280700597193867,0.05037342563456051,1.4551055149525336e-14
1999,0.05398091703536451,0.0167215519756455,-4.682046951346269e-15
2000,0.31567633898295694,0.041816332106032576,-6.060963139652926e-15
2001,0.09317109179933195,0.025888650972480814,-4.4507052243869085e-15
2002,0.39157991124339253,0.04061665915525852,5.85633592790613e-15
2003,0.08424262639444344,0.03321386491070951,1.939753532836093e-15
2004,0.16492520799404173,0.03293548680714072,5.08269225794147e-15
2005,0.05194558401275516,0.03329722377471336,-9.380044758607325e-16
2006,0.09568661553576618,0.028677703749801626,-3.1773525609510434e-15
2007,0.290455553513034,0.034042343090487634,-1.2866058150018407e-14
2008,0.6788586201101495,0.06453586107961677,-1.3219113417144803e-14
2009,0.09885785078614094,0.03654453092558832,3.12832314231626e-15
2010,0.6041366959308401,0.061098881758054314,-8.531770636791639e-15
2011,0.7817256980646682,0.05482970982661703,-8.339962047051279e-15
2012,0.050880568911980596,0.018386413554738884,-5.648884274022323e-16
2013,0.2946754766478355,0.06258767271257336,-6.411483651015337e-16
2014,0.08757019624768654,0.03218823108649777,-2.4672588390691347e-15
2015,0.4628506297405606,0.04893731810869176,1.4584984665966097e-15
2016,0.12534384693561051,0.03213010313978228,4.930606912102408e-15
2017,0.12269637405217843,0.03503528157746466,-7.310054569347797e-15
2018,0.041972626757515806,0.021031039016624918,-3.27848931593402e-15
2019,0.0726440092811017,0.020841039868016553,4.578203439315323e-15
2020,0.22045734464294853,0.041896071583122724,-4.059375145224349e-15
2021,0.3910531088533012,0.04536311877892613,-4.787139735860892e-15
2022,0.16657746988458788,0.042482846027279406,4.3670220733787955e-15
2023,0.11131672392931324,0.041441818979089905,2.500572771967215e-15
2024,0.22779416817049677,0.04843689260562719,4.642332760144127e-15
2025,0.07151301336521668,0.02329629912038422,-2.093237520694926e-15
2026,0.5483007633986902,0.05949174832596213,7.140660462720385e-15
2027,0.1509109193274345,0.06210313607008748,-1.5801124270729173e-15
2028,0.09446320075956913,0.02902000406548817,-3.181281432385219e-15
2029,0.07311078600238395,0.03684085206274503,-8.159740912231989e-16
2030,0.21171802486236468,0.0454999256104809,-4.9614585108297604e-15
2031,0.04666505040199946,0.017168365850244994,-4.979346644364164e-16
2032,0.5532804823375836,0.07373213417867837,1.3179064276073849e-14
2033,0.11405098883522169,0.03555888774931576,-1.988117578082831e-15
2034,0.6908003130440381,0.05526420186758672,-5.674258989759638e-15
2035,0.06296264117225281,0.020549913176058376,2.4233894589538906e-15
2036,0.5723334257465675,0.10159124737131596,3.4224996541249607e-15
2037,0.6851467863776469,0.07320985685840803,8.79343890592724e-15
2038,0.18336010570426328,0.04523900906469518,-6.196391519042948e-16
2039,0.3363477043535576,0.06838543024639401,7.183135727165438e-15
2040,0.4891927906278221,0.05899223320788906,-1.3649877053835633e-14
2041,0.08306067134405558,0.02542008821886802,-2.0676364874786834e-15
2042,0.5077198329394143,0.08002146690401397,-3.0239636264333603e-15
2043,0.919586266954494,0.03868649866243851,-3.144379009541269e-14
2044,0.7594793281284627,0.057478088671949125,2.4814896821440755e-15
2045,0.0670253389415849,0.02496672580084461,4.402074124515037e-15
2046,0.16239045647171135,0.054301326415456444,1.9597283135262058e-15
2047,0.2259545152063633,0.06859586744511306,1.7859164897101345e-15
2048,0.15193112473846848,0.04666991670263369,1.948430544978161e-15
2049,0.07091932653738758,0.030072548669309477,3.4834062140538424e-15
2050,0.6232905265495006,0.0626153349794977,1.2792912340829144e-14
2051,0.7748796407515661,0.06268535424397036,-1.9186507858310076e-14
2052,0.5422318225516611,0.05527673379931585,-4.881305912492911e-15
2053,0.6412590109482712,0.07925650787453176,1.3687988917286969e-14
2054,0.7017471722313429,0.04163616148550112,-4.597146212301527e-15
2055,0.7407881063868555,0.05193342966051285,1.1909930170445187e-14
2056,0.08428746005495004,0.02001343718344472,-2.571690776545291e-16
2057,0.14306991268648056,0.040852133903427824,-2.8807137149716148e-15
2058,0.10086001291937015,0.04247862324276449,-4.454706517414341e-15
2059,0.8250526691374269,0.04501091522423401,-1.4858484812900013e-14
2060,0.03017086498015027,0.01770334804581521,-1.7155951226578822e-15
2061,0.06275367107678456,0.021561020262392535,-8.111218444750002e-16
2062,0.14911474086636753,0.049184481231002365,-1.8186691552604753e-15
2063,0.08350036459126235,0.03163704811052959,3.5276920183303124e-15
2064,0.42333429803485356,0.045321900563040175,-4.261214125630763e-15
2065,0.214315369112434,0.05368712535788324,-2.0457832717134754e-15
2066,0.0955913899933388,0.03956733122848502,5.262297809218077e-15
2067,0.21845709933337754,0.042105715612381626,1.8512407668276747e-15
2068,0.4405432172731156,0.05899141945244653,9.960793514932773e-15
2069,0.5770959016474605,0.08156986048090173,3.3501142716648925e-15
2070,0.6888443975685822,0.05168774791259128,5.8963126473838265e-15
2071,0.0614660168785854,0.0251366365894744,-9.772117159100763e-16
2072,0.5740115543798573,0.10247143076097487,-1.9754075884662808e-15
2073,0.051479079566610186,0.019313022033121897,1.9006322934287416e-15
2074,0.45432946089948595,0.08964280562882365,-6.110680563423648e-15
2075,0.742353543204207,0.058675306789056136,-3.493436604719895e-15
2076,0.7640736533890772,0.04617764454310626,1.06191782192294e-14
2077,0.9125258910227083,0.038519554882171805,-8.688563386192386e-15
2078,0.3130244253451324,0.04341216011641611,1.6193830360163608e-15
2079,0.16442190250576924,0.042245904518092764,1.7811366645551923e-15
2080,0.6575791247254474,0.062256477754849354,-2.2345573966963805e-14
2081,0.7887875655617606,0.04604060735263491,2.2872223793126502e-14
2082,0.68417259698118,0.07388896413351968,4.384258412573889e-15
2083,0.04614546478853847,0.023529192964207853,1.3042404729598463e-15
2084,0.11059989321104503,0.04225471280604427,-3.585086130986244e-15
2085,0.4974467949157635,0.060715498279329705,-1.3880322563578442e-15
2086,0.10701847035118592,0.04135553748866935,9.074425635064064e-16
2087,0.17385131187486189,0.038382325047198906,-4.7377844200564535e-15
2088,0.07335277052796507,0.03280515229252985,2.735580842085195e-15
2089,0.08595592039615602,0.023231644687874507,-2.512848232024225e-15
2090,0.06759930491954354,0.022637778660112476,-1.994888997052332e-15
2091,0.11071269562271138,0.03394827997540754,-6.416553162543306e-16
2092,0.052839227460454295,0.02793875282952747,2.6556998247230585e-16
2093,0.0392340111695505,0.015108878906164221,2.1810939660144556e-15
2094,0.2850432049521098,0.04295949381111201,-2.7902591449940006e-15
2095,0.48350659619871783,0.06200473651436756,-1.7866407056427012e-15
2096,0.5851025955651391,0.04495945493992145,1.557716049358284e-14
2097,0.3115986001761824,0.06655080605888028,1.4984027644810495e-16
2098,0.2091833295207257,0.05563794229466773,3.5455439410680878e-15
2099,0.32674843654622915,0.08860535232179233,-6.525475238801377e-15
2100,0.03278709398156609,0.018410817760531186,6.779747452725638e-16
2101,0.382158437058563,0.0748234560742387,5.496038501454065e-15
2102,0.11709159238838139,0.04561110683704127,-1.9126542779093531e-16
2103,0.3451968869763767,0.05757789067393567,8.014499406955684e-15
2104,0.18627102364443393,0.07990429503949271,2.5209232396723468e-15
2105,0.07329615647452281,0.03515506468539729,-5.005056309970292e-16
2106,0.626004674477391,0.06996075326912085,-1.1985628840796749e-14
2107,0.12013631504928476,0.04199290701064304,3.4705151704541503e-15
2108,0.1447687214399537,0.04176360508480185,-3.622528094699956e-16
2109,0.07445270034087209,0.03553779755718711,-8.125702763401341e-17
2110,0.05743202686295267,0.023294242679363423,-1.6758266152607987e-15
2111,0.05539288281178777,0.026950497629335216,-1.6908993593573486e-15
2112,0.12762977247867666,0.04768752993728947,-3.1687343913534965e-15
2113,0.09923384967163408,0.04609360769395964,-1.5606491238851802e-15
2114,0.1980055088289161,0.04487549923316167,5.314586199549412e-15
2115,0.1944790344323242,0.06526205395035099,-3.61521351378103e-15
2116,0.07249669425896087,0.027956268777694245,2.442780340548371e-16
2117,0.12610849726661358,0.04006220486439947,-5.483618198210542e-15
2118,0.09463574496869157,0.045760900644476236,-3.9341944212801494e-15
2119,0.08075984589231286,0.028094162088187307,-3.7264530810233155e-16
2120,0.03903728882731654,0.015480411657840528,-4.887298799334903e-15
2121,0.8261103684721137,0.05529737677782159,3.4583012687514086e-14
2122,0.9179219783127465,0.046772867730328786,-1.7249556135863103e-14
2123,0.4965382350256203,0.07980999607398213,1.2440581289635315e-15
2124,0.7885539038880615,0.07332804674171339,-1.3413348130259262e-14
2125,0.09461855293709111,0.027080586471601924,7.969634229933161e-16
2126,0.7012980474629069,0.0568579052007955,1.261193077928066e-14
2127,0.5513254775297803,0.06981749560183152,6.147724208374448e-15
2128,0.4701336429114974,0.057442834922199745,2.287798130979041e-15
2129,0.039838011622961085,0.01579042916496696,-1.0627868810420204e-15
2130,0.156704046241336,0.05248142170063962,5.822696097838394e-17
2131,0.10597639896673311,0.03169120519643934,-6.6760397311820485e-15
2132,0.09886656026758402,0.030346676296001827,3.0253396367052373e-15
2133,0.06548966794263268,0.024628749230467907,-3.2228333215162488e-15
2134,0.16471804152441652,0.061376564307565815,1.2357658565356397e-15
2135,0.5351020933049415,0.07467674162391502,5.435602681881352e-15
2136,0.10076244777847013,0.04332401100521891,1.2990261182453641e-15
2137,0.17010606824267885,0.029447283972953237,7.158946915017701e-15
2138,0.075898183420145,0.027341660279748076,2.3435989685833256e-15
2139,0.6940506992331636,0.06583600296256122,-8.029599309149705e-15
2140,0.552952493653793,0.04564078199598357,1.826927480066528e-14
2141,0.10610716355279576,0.03666168476374687,5.628316541537421e-15
2142,0.8571380471019461,0.04571734874310085,9.502980413160567e-16
2143,0.12019967546215031,0.03359313029714639,-4.039314363892244e-15
2144,0.22404626055023244,0.050267339874320346,4.598843593393481e-15
2145,0.6012464052820166,0.05985087334630086,-2.6447641641412977e-15
2146,0.08203442595668108,0.022195098512414448,1.7276171071384938e-15
2147,0.06795965693707641,0.023864347202852063,2.4123632713805585e-15
2148,0.07834264469362454,0.028270753251918423,1.7938466541717426e-15
2149,0.06907813765625745,0.027938047485330762,1.2824155468795042e-15
2150,0.13303796999540982,0.03572605181314851,-5.472356640459126e-16
2151,0.8334791185269417,0.04607812254127984,4.5741949041285646e-14
2152,0.41857913955976156,0.06919249765587579,5.9128609814429814e-15
2153,0.3192120234196091,0.050535249922603706,-1.4964328971444674e-14
2154,0.06548638823752743,0.023173463368920566,3.066185415302014e-15
2155,0.22151861231121447,0.06520400771533622,3.597823278700266e-15
2156,0.13075945591406996,0.03655243700451315,-8.412220691723146e-16
2157,0.07253579723030143,0.020004607734807462,1.6192381928298476e-15
2158,0.061497412466635426,0.03256338140813545,6.267002572468227e-16
2159,0.4546494856428516,0.06003149495362052,-1.3847913900596069e-14
2160,0.06533474745963638,0.024173989783467863,-3.3092141768731734e-16
2161,0.33506790751845267,0.043118685526253274,3.0236739400603334e-15
2162,0.10896384792829052,0.03910968811434959,1.6070351543660943e-16
2163,0.6721645999915757,0.05512238969093067,-1.0203767960308989e-14
2164,0.12536751432402124,0.030808036339000283,1.453537587458526e-15
2165,0.4618555103636113,0.08295597027646857,-4.4064465782079097e-16
2166,0.10194505930514333,0.02622816479041328,2.5641951416432227e-15
2167,0.12157908871124383,0.035901616306513534,4.401494751768983e-15
2168,0.35403103804653696,0.04786370204013254,-5.098118057305147e-15
2169,0.7881222380707728,0.05350951437667567,-1.1208454618160825e-14
2170,0.1597975631932063,0.040552120630192555,4.989014927063933e-15
2171,0.08996392121013441,0.04258386878462607,-3.50911587965997e-15
2172,0.19605808271406833,0.05541167293544987,1.1963322990073687e-15
2173,0.6055311818651359,0.06266882348063572,7.871792657443363e-15
2174,0.10372099505372757,0.03987002525293521,8.127513303232759e-17
2175,0.1078322983413819,0.041533654142621106,2.8926994886555976e-16
2176,0.33899745977008977,0.05796120132630269,4.3431229476040856e-15
2177,0.2183919606576168,0.05708478055132097,-1.9002701854624582e-15
2178,0.2194678797430398,0.0369980975953466,4.293496050824935e-15
2179,0.07606528320859945,0.02729952603821623,-2.571183825392494e-15
2180,0.34694836749454133,0.03624510968055702,1.7814263509282192e-15
2181,0.09258627014504692,0.03388145968152238,1.9521240462342527e-16
2182,0.10179444794060154,0.03682052496432091,-1.896898055026443e-15
2183,0.4358680942693056,0.06278107259261399,8.069213920661119e-16
2184,0.09815576977432447,0.041352585526406097,-1.660980188643176e-15
2185,0.695030568331374,0.05842312836945951,2.096170595221822e-15
2186,0.10849246175735959,0.03073062033537221,-1.2600270902766332e-15
2187,0.4713168452628706,0.05420256364872615,1.1679493713401535e-14
2188,0.19228650074865214,0.03765927380640446,-9.066549786797399e-15
2189,0.7281371747380092,0.046887383829495824,-4.8942947252435e-14
2190,0.890067811044849,0.04509732981776302,-1.4698396881006083e-14
2191,0.48376990722850255,0.06796716346478733,2.7283966200341306e-14
2192,0.08928756566008282,0.03576064623848968,-2.9013900798464013e-15
2193,0.3636606428264042,0.09661785608623306,6.81849300511797e-16
2194,0.13136736942366464,0.034332177653983074,6.892290608646544e-15
2195,0.49214986170979763,0.036399922181630746,-2.210625454887226e-14
2196,0.6595019120328756,0.07660059208328086,8.340505209000704e-15
2197,0.3226198124901647,0.06160529880389575,4.5813605681463566e-15
2198,0.06959061076728967,0.04833137208346471,3.3650693306724004e-15
2199,0.7817314240729858,0.047492681895479415,5.113861266933018e-15
2200,0.564972794279322,0.06412229930942967,2.2457755014918425e-15
2201,0.4637107948623924,0.04475594537342473,-1.5752131062891018e-14
2202,0.3024665126572404,0.0633930182465456,-9.921758276167413e-17
2203,0.09670929915749421,0.02796660409901557,-1.7232356007464636e-15
2204,0.060011269423874254,0.026598007413394593,5.3204523486032045e-16
2205,0.08993421443940465,0.024935794776508164,2.3062656372594983e-15
2206,0.08816724692226414,0.0290255988051609,-1.0150610510858574e-15
2207,0.18079803752121257,0.036609665593808495,-5.9587038499744706e-15
2208,0.10743595503859278,0.038431195622432635,1.6504156887268553e-15
2209,0.08029267616852441,0.029371184578151296,1.1607370859217023e-15
2210,0.1208564243038663,0.02862262606625397,-3.5294663473651012e-15
2211,0.3315611410646055,0.04620560162893089,-1.84572948358084e-14
2212,0.7495652349512193,0.07700712770614498,-3.4655905021126952e-15
2213,0.7697778248155395,0.06387838685433717,-3.1531058115287015e-14
2214,0.5402421365555955,0.05708843843720699,-7.349017386519901e-15
2215,0.3645888602588404,0.06502562163275823,1.800278031129156e-15
2216,0.05866622613614201,0.02260204432435025,-1.0614380288676143e-15
2217,0.3034733691057819,0.06033427953947302,6.898880973632904e-16
2218,0.2405972459445635,0.050930485686077914,8.980639671796642e-16
2219,0.6477686578193395,0.06195567231783077,-4.956307525009378e-15
2220,0.13684135255266675,0.038581329832702134,-8.438238149100615e-15
2221,0.056205450941048854,0.025506328995359224,-5.426966406885491e-15
2222,0.09812806181864676,0.02776202197657507,5.3910634020284835e-16
2223,0.7856027240227685,0.05493892894072601,2.1857036004252444e-14
2224,0.13570640685955596,0.06339072752144374,3.961642205124437e-15
2225,0.07033542328641704,0.028461217236661382,3.4686322090294764e-15
2226,0.45306054012278746,0.08017299832789743,-3.5398226352008088e-15
2227,0.7470783570398958,0.04264020775810498,-1.267790685073751e-14
2228,0.9348241522034615,0.036303575580780824,-8.064415990107862e-15
2229,0.05611541070731767,0.025981397885923296,-1.6354244189227192e-15
2230,0.09452865922212472,0.04012262659220003,-4.551063447242376e-16
2231,0.07421498736095804,0.03108210187109925,-2.492479658920779e-16
2232,0.17754446870875903,0.044309372360848,8.446367472943679e-15
2233,0.5429171792721251,0.06903623111608544,-2.3242624031837874e-15
2234,0.4620958785547097,0.034291552129217084,6.44155671761518e-15
2235,0.17925900154476304,0.04766417227823268,2.176124034177215e-15
2236,0.938479900315464,0.029572209229284763,1.3131845397270484e-14
2237,0.5991385030880875,0.051532885286803096,-6.123535396226711e-15
2238,0.4891567492049683,0.0941176104742726,-2.871154064661731e-16
2239,0.7987814725787356,0.060937376802429215,1.2134944060693742e-14
2240,0.21186107360908962,0.05871364888093931,-7.417998954096904e-15
2241,0.383154262805515,0.04763780855648893,-5.73678768021873e-15
2242,0.03723139307334455,0.019802034243356924,-7.036482000820627e-16
2243,0.6569854799432723,0.07267206905777016,2.795401078115226e-15
2244,0.5328518563781222,0.05445411127560371,1.0623161406858518e-15
2245,0.17253643902741775,0.045616940197555494,5.3860210485979864e-15
2246,0.047790904753643566,0.019260751858808645,2.4787014508036926e-15
2247,0.6301661501598065,0.04659348197603507,8.905321214809679e-15
2248,0.21726915805757657,0.03778839275380763,-5.721305867279019e-15
2249,0.06975452434063194,0.026499930964683817,-3.3415956817580737e-15
2250,0.06294492946392528,0.01758035435102495,-9.791761516271642e-16
2251,0.11333303938830633,0.035171396370006956,4.073569777502662e-15
2252,0.3528655948277967,0.05046916507902431,3.2309626453593126e-15
2253,0.9027018161330916,0.0439755030211071,-8.031129215307253e-15
2254,0.17988453598066634,0.04426495337494562,2.416346459009677e-16
2255,0.8593098094626146,0.05743556076036274,2.3573228605054694e-16
2256,0.4091264036535774,0.05324706522229151,-2.076725397432399e-15
2257,0.06561560129989283,0.03611039612135619,-2.142339360922966e-15
2258,0.0720702221865953,0.017148265014468336,9.955434317031777e-16
2259,0.8227391006853361,0.05591205388526827,2.3431246071474942e-14
2260,0.09997841445720577,0.034109368992220085,6.392273823403998e-15
2261,0.2338564390891902,0.032854984478571964,8.014227825980971e-15
2262,0.7580472889360218,0.0637917373439127,-1.3415801411730833e-14
2263,0.19876741191857764,0.03875584330902593,1.2941449028598629e-14
2264,0.6153239789921943,0.06402159048881138,1.3434205549117191e-15
2265,0.10894503178701598,0.04131569840275115,-5.849311033360231e-16
2266,0.06968056752159121,0.027762780543576223,-2.935204174372911e-15
2267,0.43839656219649187,0.07709829977943077,5.794379254875026e-15
2268,0.12621092271150752,0.03198210431135151,-1.0998486313911349e-15
2269,0.0816786484417666,0.02728019599209342,2.502166047018862e-17
2270,0.07565514486374653,0.03620167508011418,1.7326866186664626e-16
2271,0.032924404375146356,0.016647145545518462,8.131134382895593e-16
2272,0.7524010288803072,0.07160944987334301,-9.44855558582816e-15
2273,0.6505021045526281,0.05303151303281651,1.6233589814861535e-14
2274,0.17844113596210956,0.030957308715494382,-2.5043386948165632e-15
2275,0.0721731755481744,0.03322804265293447,1.215922339983305e-15
2276,0.7954517214741365,0.06963311038019478,-1.984170601250341e-14
2277,0.564362563988237,0.035687828626778245,2.994415616384628e-15
2278,0.08489921828869583,0.028566991381959197,3.486049602207712e-15
2279,0.8781125312437484,0.05848298819667597,1.3568909712574646e-14
2280,0.7122108822264707,0.0475014839274734,1.082854904533451e-14
2281,0.09099617960929153,0.03473536773993579,2.886480284334679e-15
2282,0.6852693582519006,0.0647305262544492,-1.328009239866694e-14
2283,0.10846823222157752,0.04164256633778032,8.458552406009118e-15
2284,0.09364441291659138,0.03731887057751346,2.7789251656493276e-15
2285,0.12964996596959794,0.03920702086770236,1.7131146830888404e-15
2286,0.768853637944845,0.04430536878682835,1.2179646289131438e-14
2287,0.059230425989697154,0.027073125229605432,-1.4442314127250405e-15
2288,0.11736651807135344,0.05496918071737651,1.3412841179106465e-15
2289,0.6692976115000275,0.065499892111523,5.3928015202666446e-15
2290,0.07664884828000602,0.04580462984011672,1.7908411580515896e-15
2291,0.1106502630507605,0.05677095149756857,-1.0172699096801866e-15
2292,0.569508779548081,0.050250518918865845,-1.8527887783835365e-14
2293,0.07442756376908786,0.014414530308348427,8.773803601455518e-15
2294,0.07964999929899415,0.03787931344636281,4.860004911376285e-15
2295,0.09341558935309004,0.05661603668761357,-4.4238730240853027e-16
2296,0.07807731650862859,0.0310575192884757,-2.979062238614208e-16
2297,0.8902508007468535,0.046049260806131316,-2.4660457773820848e-14
2298,0.5358950722499043,0.05756305304660709,-1.7775155848923577e-15
2299,0.14870019987348132,0.032292502761349894,-1.4028062613822102e-15
2300,0.08458641643129737,0.02808427619301444,-1.3858596085601431e-15
2301,0.45985698857725194,0.047097316031877605,-4.7863883618308534e-15
2302,0.3481941490077124,0.04741361172268647,-5.263239289930415e-15
2303,0.19381456916765005,0.03240639878796934,-4.501255496480083e-15
2304,0.17132552810697121,0.045059930218465875,-4.795757905458439e-16
2305,0.2746454275282089,0.04738877560179751,-5.659892356197341e-15
2306,0.1337298029923528,0.03960962178915311,1.5787907329959825e-16
2307,0.0989208358038538,0.03852537603393665,-5.721305867279019e-17
2308,0.15045193022847886,0.03737678890017997,3.0364744566684544e-15
2309,0.06410026161971974,0.025522959172764415,-1.1093539655060762e-15
2310,0.11155327403841844,0.025787984676352967,1.7468088293515184e-15
2311,0.370071447512497,0.049258604915151806,-9.257543633613622e-15
2312,0.13125573028777307,0.05768282832216518,2.1681576589189783e-15
2313,0.06370473171384484,0.03034199931126603,4.529816762320692e-15
2314,0.037792955498566,0.019726646608000515,-1.5250358054011997e-15
2315,0.08790512473753984,0.031507334375983534,5.305605921985582e-16
2316,0.06589818633656762,0.027685182333529255,2.113117248043889e-15
2317,0.045149709030126974,0.0208643237329487,-3.911272987014405e-15
2318,0.06949039481116302,0.02505786465840194,-3.5861724548850945e-15
2319,0.09786034417475713,0.029876472286060687,4.669916334475772e-15
2320,0.28390402108002716,0.04844152243695429,-1.154715230442408e-14
2321,0.14936542481634849,0.04206692055612916,2.7175478653642776e-15
2322,0.2288486940590531,0.05733135662540836,3.577554285287548e-15
2323,0.6796993768959131,0.0654656787207964,8.521341927362675e-15
2324,0.06883005567439657,0.03696658757076901,3.326685886246351e-16
2325,0.1343442488586447,0.03509295144601436,4.399684211937566e-15
2326,0.1447297259912483,0.03660181627734976,6.320594551478182e-15
2327,0.7802234563154815,0.06115999129068775,2.090232024574773e-14
2328,0.567920974316919,0.07595624888794943,1.1013875902478396e-15
2329,0.07201674178072273,0.026337941724017676,4.568354102632412e-16
2330,0.8182844669882255,0.053889065382947084,5.375999710631091e-15
2331,0.30225444895573567,0.06459261742104895,5.571320747644401e-15
2332,0.1040947472131772,0.04044048473047221,1.7943626580236965e-15
2333,0.06905812868589269,0.022933383430743668,-1.2137134813889757e-15
2334,0.06582712533012189,0.0261892365361381,8.87526625360815e-16
2335,0.0515853342042082,0.02128922506953754,2.2482468883617276e-15
2336,0.04498797169839538,0.016329443996376578,2.756583104129637e-15
2337,0.34680541423548766,0.06306412530451898,6.268813112299644e-16
2338,0.07426886081298617,0.030217894966878718,-8.187872174862637e-16
2339,0.10881072669195284,0.04713792566669694,1.3615259532258931e-17
2340,0.08794174154764026,0.036937176493415866,1.9546588019982372e-16
2341,0.17570928067995886,0.04986983511317129,-3.6942254720240854e-15
2342,0.0843873610713687,0.030838567675740138,7.2530225646581495e-16
2343,0.10832824883679022,0.032602258126055085,5.065890448305916e-15
2344,0.06607275796859702,0.027654663830171334,-3.3132878914938625e-16
2345,0.08689544923965487,0.028319793637003845,7.967099474169177e-16
2346,0.5587649216120182,0.053274179262887356,-1.409650101944968e-14
2347,0.5191959193672776,0.042542671540007085,-4.6732205696681086e-15
2348,0.6287584412219928,0.06742612901587444,9.28772533260335e-15
2349,0.12890381062616446,0.046119495930094144,-2.6164473211779293e-15
2350,0.17975492301976262,0.03912055252311926,-4.636430400293707e-16
2351,0.08204339052581934,0.027450723645191202,5.171177865852417e-15
2352,0.8412914342967569,0.04874976774096162,-8.790315724718044e-15
2353,0.055015033810884906,0.020424841630599194,3.3896202507864206e-15
2354,0.10642748477935224,0.031918421537898145,9.290966198901587e-16
2355,0.03654790212636822,0.01657779116555451,2.2464567171034136e-15
2356,0.15392956861882462,0.04078636767974867,-7.675783615294115e-15
2357,0.12762715381536482,0.042188942990497205,4.0868229290686376e-15
2358,0.08079520234626718,0.03367578857299693,-2.7880140756030433e-15
2359,0.34202800234420216,0.04979588528395283,3.2560748328210723e-15
2360,0.49234044627678203,0.06743376957227099,1.8969025813760216e-15
2361,0.08651470209393446,0.028431755466671697,1.1178997135103663e-15
2362,0.08770191546098353,0.027641173089045797,-3.1244304816787123e-15
2363,0.18151424127809315,0.06831370109218152,7.114697321537859e-16
2364,0.09876465350351345,0.03215807900599749,1.806556643788293e-15
2365,0.16413105307493428,0.060076047514205144,6.720397957051775e-15
2366,0.6394358929904762,0.06701544971726035,9.326054460834457e-15
2367,0.5615894321867398,0.058720075353676265,1.2512278666959445e-14
2368,0.07705968676464006,0.02892405765661092,-3.550432398612915e-15
2369,0.3183860579133472,0.04972683481983696,-6.060166502127102e-15
2370,0.11996979504695299,0.036058137134596165,2.0745889604313265e-15
2371,0.09689997555102091,0.041469216978595014,-3.9530964571201474e-15
2372,0.48249926741300087,0.05647833445322751,9.596875008817874e-15
2373,0.05947742617212138,0.023637146352163605,-3.92002242074973e-15
2374,0.053757611446001226,0.021747732353448897,2.19640208028909e-15
2375,0.1310189465147052,0.03705095329480715,-5.454577139314606e-15
2376,0.48753742706200237,0.08976647944588555,7.499111138544404e-15
2377,0.8567111016177135,0.043403723507872284,-5.60467089133911e-15
2378,0.7517153030851855,0.07627730993376607,-1.1029374123435329e-14
2379,0.12054151250313298,0.03962153469933799,-1.0611211843971164e-15
2380,0.10442487328535498,0.039018122186785464,-3.2027725401841435e-15
2381,0.24040893686546996,0.04039179436072367,4.798872033968477e-15
2382,0.0767602252576141,0.03424211234859504,2.7508255874657297e-15
2383,0.5346241168070215,0.0719655856328846,-1.9747557941269705e-15
2384,0.5216478314255368,0.05459112259905461,3.8706444731973985e-15
2385,0.09358747991762442,0.03518608213185355,2.2914192106418757e-16
2386,0.15571088268984476,0.04801525613297526,1.0349045676381921e-15
2387,0.46101801124767916,0.0537604826796985,5.514632745522722e-15
2388,0.7600599030760002,0.059198480912366305,1.5411912523169372e-14
2389,0.09206656620574206,0.03794567182036423,-4.687234147963279e-15
2390,0.10046295111236561,0.032289622377725716,6.0310394425891744e-15
2391,0.7461923841138565,0.050453993613837435,3.412261051378295e-14
2392,0.035459523736908936,0.021437444639983618,2.5939966272683535e-15
2393,0.2109877445486317,0.04028447960646458,-6.080987710188402e-15
2394,0.2135825648143274,0.04155356617960397,-2.0778117213312495e-15
2395,0.2607953644771606,0.043911314128321235,-1.42140412653053e-14
2396,0.0934296049221755,0.06325507021837587,-1.6887991331529044e-15
2397,0.07388892544297702,0.030446249473060204,7.140769095110269e-17
2398,0.5606805054638438,0.09799181633624338,7.375197792482196e-15
2399,0.20470304352028204,0.04642315236051528,4.46437480011411e-15
2400,0.1208841678360541,0.05423053552138651,-3.429162440704577e-15
2401,0.06414044430949986,0.028026184845626526,-1.281427671083987e-15
2402,0.24724231002395314,0.07464015852504627,-1.1806168132706655e-15
2403,0.10909013709911838,0.04665664449665479,-2.340448629276659e-15
2404,0.12152400157153734,0.0719446160857033,-7.300096600275002e-17
2405,0.060304808191135886,0.04120871439210513,-1.4545877005607482e-15
2406,0.3884973843702585,0.08162029046719695,4.608185978923595e-15
2407,0.07997811212606748,0.03296264073470248,1.7570202740007125e-15
2408,0.06273250658895348,0.035666623330458516,2.2296435915939134e-15
2409,0.06956678015758876,0.022847762408377593,3.0172284182604874e-15
2410,0.03680452527024942,0.027888686881877754,-1.027698619109151e-15
2411,0.08902974452401442,0.045254562674906566,-3.231886020673336e-15
2412,0.10087704781516857,0.03574624704576537,4.2974973438523673e-16
2413,0.02088470412223886,0.008834901512544256,2.888261402893836e-15
2414,0.08258744739542248,0.03945134430645472,1.2245767203774803e-15
2415,0.048152295079474106,0.037270661317349046,-1.4276106570726287e-16
2416,0.11621995193588217,0.03927654573278219,3.573208989692146e-15
2417,0.09572290707106502,0.03978284673409348,-3.240965877927894e-15
2418,0.03203282244529893,0.01209934266816519,2.5810987941442937e-15
2419,0.6139245419072155,0.041346283808900514,2.1909921872728147e-14
2420,0.05734844852307961,0.06086071633844629,1.6866989069484602e-15
2421,0.1156905813689863,0.03979248332461297,-9.690009177745984e-17
2422,0.17988245902711947,0.06672230338469474,5.199779868839234e-16
2423,0.411083599937791,0.07958057356520261,-1.3891910018499512e-15
2424,0.24498848053268,0.08081698220873507,-2.0418544002792996e-15
2425,0.30747036787457965,0.05404479403205709,4.2292037814113024e-15
2426,0.17943103296836918,0.054276597969254596,1.7381182381607146e-15
2427,0.2711692519120217,0.0729387048013034,-7.303183570687569e-15
2428,0.04646899443661776,0.027871480238999012,-1.0014457915535985e-15
2429,0.04867475502002124,0.04214787471109417,-7.670895157749287e-16
2430,0.07798155729838978,0.033155396149712954,4.316326958099108e-17
2431,0.19806409203902148,0.052346027835037105,2.683147608567347e-15
2432,0.056794782271166994,0.0451829846550823,4.240284285179577e-17
2433,0.16795452465369465,0.045752211133655865,5.715222453445457e-15
2434,0.5750111199472691,0.05703240175933249,7.005557980500018e-15
2435,0.07184096686622432,0.02167674708514499,1.2573293859278213e-15
2436,0.1691851320942671,0.027447275474287543,2.378614808922938e-15
2437,0.16748224646691223,0.0466044737309883,-4.085211548618676e-15
2438,0.06398923559341427,0.07054915093598293,-2.3537017808426344e-17
2439,0.05391403174745239,0.038135737412684445,3.363258790840983e-16
2440,0.10467869254721329,0.042509191884487985,8.818053194935359e-16
2441,0.046683459136661096,0.03197714695131195,5.64128000673037e-16
2442,0.12623004536369578,0.0619546676266505,1.202089815671276e-15
2443,0.047137973471903745,0.021259122402746577,-1.2898285759017637e-16
2444,0.07670502725599067,0.040411177555610564,9.862508360184278e-16
2445,0.12613496091485576,0.04469143103515686,9.663213188241007e-16
2446,0.1593060960402787,0.0639576920056162,1.5724176327893933e-15
2447,0.07916742263416647,0.03538378191096153,-5.446103812903573e-16
2448,0.042229918212738735,0.03521703086880364,-2.424674942234197e-15
2449,0.06639152400840431,0.0373297434885808,-3.577192177321265e-15
2450,0.2917163389484001,0.06296314228785305,-9.35469720096748e-16
2451,0.050765510928841136,0.03050389661587116,8.566750266334623e-16
2452,0.05423239726828347,0.03460076631707617,-2.4257612661330476e-15
2453,0.9236516862898339,0.040570942348087675,2.6305333210663567e-14
2454,0.12204201009660692,0.05106648604947659,-1.4466575360991398e-15
2455,0.04046201865598232,0.03462696174518871,-9.249866944728412e-16
2456,0.04281392441841205,0.026835136859698683,-1.5224105226456444e-15
2457,0.7101802130671697,0.07034149289763436,-2.7290266878954638e-15
2458,0.13088279068767775,0.03928005803081043,2.8159325998034998e-15
2459,0.05671303828551553,0.03893324786052389,-2.023404999397156e-15
2460,0.08553508457820642,0.04537416068399019,-1.2849039075603083e-15
2461,0.07302653824522905,0.02991349868688756,5.044670921481705e-15
2462,0.07308576670311005,0.03942936321735552,3.9667117166524063e-16
2463,0.07863039528181519,0.028789012030442557,3.61586530812034e-15
2464,0.16043139146842963,0.09682366465396237,-7.58688610957152e-16
2465,0.056718380794404714,0.028879985866313823,-3.3019720175475036e-16
2466,0.701415587917641,0.03947870896971684,1.05010223898311e-14
2467,0.7402587905333334,0.09520795097032812,-1.8152924984748817e-15
2468,0.04255213847678375,0.02577684877644324,-1.4285792958824371e-15
2469,0.07553152001082669,0.043835913573512325,-7.819359423925515e-16
2470,0.08514724175296956,0.044045328015667115,-3.869051198145751e-15
2471,0.06918489355457028,0.04169737506768682,-1.521849255297905e-15
2472,0.03776217196237734,0.021213450086025175,-1.6484603057089246e-15
2473,0.02958544067789113,0.0312690159876023,-1.714219112386005e-16
2474,0.09640562614786548,0.03930755407056566,-1.8739449363136488e-15
2475,0.08754099346288494,0.05545247680345512,-3.2868540099551684e-16
2476,0.03961830523419121,0.029246971649085435,-2.019747708937693e-16
2477,0.6612134540511515,0.045267129176261287,6.912423811571906e-15
2478,0.046201095413250716,0.033963455496951185,1.4288056133613642e-15
2479,0.7700879029919678,0.062274884273425646,4.6606916340347e-15
2480,0.6748473191498892,0.04062407711545595,2.115159536973728e-14
2481,0.09242484573013554,0.07089510618937764,-4.520555851082993e-16
2482,0.19120597283230054,0.06462583518238803,-8.852616400317118e-15
2483,0.20514509249851165,0.0486526244254406,1.5422902499946076e-15
2484,0.05490489740403247,0.03000068388456659,-1.5648676816923827e-15
2485,0.10687557111095924,0.0633476643558357,-3.986935446569339e-15
2486,0.08018855633415804,0.04037351878774248,1.1823911423054545e-15
2487,0.04135625551361614,0.024603572002934282,1.2407629464703519e-15
2488,0.0944557181318358,0.038338418879789726,4.96848340537566e-16
2489,0.16755256810399274,0.05989051369928499,7.552123744808306e-16
2490,0.05493010829347813,0.03590313437449554,3.550504820206172e-15
2491,0.104597668476547,0.0608965065840395,-1.028748732211373e-16
2492,0.03931605091703464,0.02365502278283996,9.4814349891667e-16
2493,0.09070021437763347,0.05881966161976553,-1.2123374711170986e-15
2494,0.10806631852476863,0.04150983315438082,1.9124732239262115e-15
2495,0.26790351370607635,0.05561869660899628,5.083242209415263e-15
2496,0.20088063948325846,0.046254961103902884,8.499180919826125e-15
2497,0.4338896336334346,0.08218314430994977,1.1500114479603856e-14
2498,0.18762734612478232,0.05250960485055127,-7.090979249746291e-16
2499,0.13570074008637417,0.04650709439651893,-3.2027725401841435e-15
2500,0.4681871615223827,0.056673308810014124,1.5500031496764457e-15
2501,0.06466730385829109,0.03265664830896335,7.198344261749344e-16
2502,0.7062295778770147,0.070327385908287,3.4134469549678737e-15
2503,0.19430936466561036,0.06271355108478589,5.623373767797652e-15
2504,0.24948404786523853,0.05380949610301589,3.190750555703532e-15
2505,0.42470788555086364,0.05857774795834105,2.5781804302535274e-16
2506,0.056792679104799286,0.04728686787023635,1.9336565399537952e-16
2507,0.23071916988865968,0.06526073958769536,1.0575689052478755e-14
2508,0.09571760331493077,0.040028681664494185,-1.5383251677638035e-16
2509,0.05913864928700735,0.026310623023797924,-1.6332517711250183e-15
2510,0.04319652353028245,0.02718138101945705,1.2821156762199255e-15
2511,0.040569529790944,0.026450638809222285,-1.0647060532633227e-15
2512,0.03911235571714744,0.023512732320185244,-1.3956365236497973e-15
2513,0.06983986691088366,0.038363175250885756,4.946394819432367e-16
2514,0.6514405045886292,0.042050057474996,-1.65616324742169e-14
2515,0.5807804155245798,0.04750737097909264,-1.2532665345461205e-14
2516,0.3953460766558317,0.06293540419499086,-5.693640818654961e-15
2517,0.14579352658273417,0.06185008770274564,3.3810745027821305e-15
2518,0.7349608829793949,0.05516479244643268,-9.98230272813001e-15
2519,0.2909686781670281,0.07537359712647287,-3.004627061033822e-15
2520,0.05564276571765117,0.04536328775347603,2.639404966240302e-16
2521,0.8662703723008415,0.03188353948619043,-1.8911993809070568e-14
2522,0.02975700551058696,0.028381847729203276,-9.150468307983597e-16
2523,0.16961036010725533,0.05757112918502738,-2.1482417207733867e-15
2524,0.461424306615182,0.09849312558131665,-6.466505956492112e-15
2525,0.7806294513066829,0.04722705300307686,3.540825674267414e-14
2526,0.050466336884446086,0.021518793475173686,-2.9928947629262373e-15
2527,0.12196501532577986,0.04674843646695248,-2.5853784576708066e-15
2528,0.6377297864718223,0.08081308287013325,-8.473326411033484e-18
2529,0.042871670440626314,0.022190613784631358,1.0345424596719087e-16
2530,0.11520167820924793,0.05317941926164667,5.6908887981112066e-15
2531,0.12763927071057266,0.0418006031014025,-1.714653641945545e-15
2532,0.09709313963321406,0.05268329343977398,-6.885120870914131e-16
2533,0.6000369324309553,0.03255123752180348,-2.1387979450127136e-14
2534,0.08558061428394183,0.033705807269537785,4.269904716821566e-15
2535,0.09357643063980801,0.03532856220110136,-1.867004910822347e-15
2536,0.05061975582921848,0.028554452641412768,2.4106613639390264e-15
2537,0.057814961727804016,0.03557525872595711,-2.978265601088385e-15
2538,0.5301430661401846,0.11129285007346616,6.560816976310645e-15
2539,0.10049618662261642,0.03488127171990678,5.713882653970208e-15
2540,0.6742723462287483,0.04885571671507203,-1.528975540074364e-14
2541,0.06595280874703058,0.03997659146289643,1.7008935392267728e-15
2542,0.9627586319015893,0.016746336183029308,-2.5753625513234055e-14
2543,0.07058326290292992,0.04110502183730148,-1.6410733031967415e-16
2544,0.03974491964110605,0.02220746935253819,2.3664479812558133e-15
2545,0.07085547057041724,0.045966517068976594,-1.689070714127617e-15
2546,0.08429095161212102,0.06307720020807449,-2.272770650378276e-15
2547,0.03135119001832585,0.015111815547030488,-1.647156717030304e-15
2548,0.041205791113851295,0.03990735774960952,1.8896966328469806e-15
2549,0.08888124147538591,0.03407048844914049,-1.9663548893091937e-15
2550,0.036848924566648025,0.03597403947202086,6.033805042181664e-16
2551,0.02422976152601947,0.016972419781354785,3.0627091788256927e-16
2552,0.07009908518755853,0.02109378386849168,1.5093384250628108e-15
2553,0.09091759694726902,0.0366758355798825,5.795465578773876e-15
2554,0.02803904972337244,0.016870672646775844,2.8873402907546023e-15
2555,0.03279841894259275,0.025980155633923713,6.595434497887345e-16
2556,0.05124528990804062,0.03033227210354732,2.218056136672842e-15
2557,0.06401422616817593,0.033983918183388806,-1.411931382132554e-15
2558,0.17022147745834884,0.05680467307047453,-6.23405074753643e-16
2559,0.03582481463370101,0.026523572306693558,1.118189399883393e-16
2560,0.034203300304901214,0.030726417334011442,2.8370615996361408e-15
2561,0.0614995640241482,0.03225159985486852,-2.6639558863543223e-15
2562,0.06336856230078838,0.03637569592301868,-3.313686210256774e-15
2563,0.032886112524057785,0.026160897159384276,2.8064453710868726e-15
2564,0.06873804466026764,0.06954285656931578,-9.110636431692413e-17
2565,0.1315791662086093,0.09131770771497087,9.936242594818752e-17
2566,0.03549068626235291,0.017540642717399097,1.057246629157883e-15
2567,0.040952443240709936,0.03354416908999318,1.4339475464825896e-17
2568,0.03652621154378442,0.025015440752735384,-1.5121628671998218e-15
2569,0.038435321639712285,0.013927743097520331,-3.0943936258754975e-15
2570,0.03806064867733893,0.02522501771623444,-1.5403348669766768e-15
2571,0.060375187148952604,0.023585791610328928,-2.0469148591081114e-15
2572,0.8316591406218313,0.07508781894981575,1.9671877376316454e-15
2573,0.34615326445447175,0.043555128167168916,2.144113689957755e-15
2574,0.2459360534672851,0.046765630176139904,-3.5006787640455644e-15
2575,0.17396891345008464,0.0492149276471684,-5.552817030567315e-15
2576,0.02974709748083037,0.029390181156364794,-2.5112187461759493e-16
2577,0.03738531876647887,0.045073735490664055,4.358331482187992e-16
2578,0.08641567709601519,0.036413892726797244,1.899039018377094e-15
2579,0.32080322542342277,0.051833668487082464,1.6543988763559736e-15
2580,0.07601731353740117,0.03649049191535864,-1.5612284966312336e-15
2581,0.13692151239127953,0.04078341904781323,1.2748010953009993e-15
2582,0.04837359807263946,0.016493899232314504,2.036784888751331e-15
2583,0.23515227112334627,0.04992422759985053,-5.1934972956242156e-15
2584,0.03675448476699684,0.02941749939027796,-7.874399834800605e-16
2585,0.09266575584388165,0.04904262093679494,-4.059266512834464e-15
2586,0.2585261868978438,0.04673432347317341,7.158657228644674e-15
2587,0.052171710741552524,0.0255422290316169,-4.0034656752301794e-16
2588,0.1343546526971012,0.06072716430621077,5.567772089574823e-16
2589,0.34479258133067875,0.05983895013007708,7.801616133577624e-15
2590,0.06699156104417389,0.033838024575415064,-1.2518796610352547e-15
2591,0.041294259690685606,0.02829329000849884,-5.890772395499689e-16
2592,0.0955618058511761,0.03523413638057764,3.0855219807015523e-15
2593,0.4908435056973712,0.0796688565244776,7.968837592407338e-15
2594,0.05208982093645638,0.027245809422233196,2.8584078642485522e-15
2595,0.037107770138415534,0.02729748245763065,-5.902359850420761e-17
2596,0.2259014713549414,0.06336785405832555,-4.48510548118384e-15
2597,0.16310387557353656,0.0631927294411347,-2.0918977212196767e-15
2598,0.08932727789792949,0.03318097637284203,2.4429613945315128e-15
2599,0.9415984220675305,0.041809012663170164,-3.125799249791264e-14
2600,0.2455720604682782,0.0810480532909753,-3.1661362666954125e-15
2601,0.016003585137151246,0.009407564090811608,9.514748922064778e-16
2602,0.10441919973296604,0.04414774244624696,-7.572944952869606e-16
2603,0.09515774554926938,0.0372547615453826,2.9461104136824116e-16
2604,0.24229408769633878,0.05595704106119403,-3.1332115998610867e-15
2605,0.030763936120945162,0.02601214350252658,-1.4294574077006744e-15
2606,0.16153249760750832,0.056644940143744604,4.779390625382425e-15
2607,0.04954536803951735,0.019060388692141505,-5.6023171895582675e-15
2608,0.2522667507949326,0.04793819955245366,-1.0174627321722325e-14
2609,0.040729205777290375,0.015793529301728507,-6.886116667821411e-16
2610,0.18243636898906535,0.0556703658887503,4.3517411172016325e-15
2611,0.39526275813659145,0.058922871328138296,1.851675296387215e-15
2612,0.09062769995650427,0.03502282711072695,3.713190876758183e-16
2613,0.6835523157715518,0.052163035972349475,1.684341584087955e-14
2614,0.20096980114108193,0.05102603414724126,-9.804503190335242e-16
2615,0.14982089640455165,0.05276678494930127,1.0567577834034004e-15
2616,0.05508194181191121,0.035021370470155265,3.4757295251686327e-15
2617,0.059988772208941075,0.032708126034856434,1.981675451045169e-15
2618,0.09792237104184252,0.047422956134659605,3.1887227510923445e-15
2619,0.047469209574462004,0.0311152929720954,-2.4753700575138846e-15
2620,0.788738247843072,0.04814867383790043,-2.787289859670476e-14
2621,0.16657618871383498,0.03901760083947343,1.051416690900719e-15
2622,0.038780415947545305,0.02111518686913575,-3.608043776048617e-16
2623,0.2765495644280562,0.038290984240658285,4.9405694075247815e-15
2624,0.060448558812368956,0.04665019878942468,6.974923646552435e-16
2625,0.08566236937973151,0.06298587885748722,9.918861412437145e-16
2626,0.03150714248259609,0.020279755972033357,-3.933759891720609e-16
2627,0.049606632069546734,0.02471948991944204,-2.4140289680254627e-15
2628,0.42811524761487235,0.06442592624055875,-4.810894018449088e-15
2629,0.046919930631222254,0.024759172425500606,4.925211503404783e-16
2630,0.2383836719859381,0.045865480546298194,-8.373339348843458e-16
2631,0.04648638470554384,0.0361188891032382,2.4636015486096715e-15
2632,0.08376692204183056,0.0573620459129655,-1.8812957280292038e-15
2633,0.17158599888156462,0.10341701229234401,3.5466302649669386e-15
2634,0.03927770964929578,0.034784629985517325,1.553153488983112e-15
2635,0.07484937823742144,0.03992802335443332,-3.3770188935597553e-16
2636,0.13043607560515708,0.05376604949615583,-4.96956972927451e-15
2637,0.5866332863754518,0.05047586440550037,7.12476392300054e-15
2638,0.13885850408373082,0.054465408428530676,-5.208923094987892e-17
2639,0.05242819570991079,0.029729281013264018,-1.4165663641009824e-16
2640,0.053836459553903177,0.030212005315652563,-8.258958494993663e-16
2641,0.13844627222901593,0.056765003450798227,7.18023886343517e-16
2642,0.2839262819926444,0.06725038251879258,3.503539416979204e-15
2643,0.11090582691569718,0.043091452281542306,-9.847888251045584e-16
2644,0.09730506264748352,0.03857967728492198,1.7074295880181896e-15
2645,0.17621687404873773,0.08290383696604144,-1.6425217350618753e-16
2646,0.13064417303613912,0.05608402633838103,1.109643651879103e-15
2647,0.03100615643996453,0.025266981613711388,1.6278925732240227e-15
2648,0.033442149753209666,0.022136920345186998,-5.279534148413171e-16
2649,0.08397096042467483,0.028173057054893695,4.0181310478646605e-16
2650,0.35280541414834377,0.09566454274947518,-6.726051367675376e-15
2651,0.4455538542200502,0.06233129551522103,7.19667856510444e-15
2652,0.03956189570823098,0.0216079663413422,1.830817877529286e-15
2653,0.13852765781369578,0.06492240661290523,-2.2187803526054092e-15
2654,0.07359175507921718,0.02944275585136855,1.7853371169640807e-15
2655,0.3196603080380235,0.07156651224538743,-7.105644622380772e-15
2656,0.13889812591718226,0.043781931549669306,7.639753872648908e-16
2657,0.09258479191581942,0.06077705302715524,-7.071968581516408e-16
2658,0.26864967082718944,0.07478481992877378,6.918977965761637e-16
2659,0.10913722341909407,0.038019639906670524,4.696540322696765e-15
2660,0.024951141133529746,0.013421002433464956,-5.070597851867602e-15
2661,0.3237226014709725,0.07512269242884782,2.4970874827917363e-15
2662,0.04990049475107697,0.024529601347070887,-3.363258790840983e-15
2663,0.08910373118228551,0.03149039989462583,2.253250767820807e-16
2664,0.040521684504856346,0.03640348222037393,1.0077102593703027e-15
2665,0.04079376789227378,0.022846644132933924,-2.2947528671064727e-15
2666,0.10966308607810889,0.03289451384615149,-4.649104179113629e-16
2667,0.06660488970271045,0.02840347733117801,2.965302135895436e-16
2668,0.04692971079692811,0.0314136813347734,3.0110001612404114e-15
2669,0.048288688412393206,0.030976549922739325,-6.735208172872769e-16
2670,0.02974884404511487,0.017675626256832205,1.7316002947676121e-16
2671,0.11824995128042612,0.05272240768200414,-2.7178375517373045e-15
2672,0.8747371748851299,0.04326508632251835,3.782768111939723e-14
2673,0.633972611315965,0.06836127929406487,-2.191296357964493e-15
2674,0.25766957085182524,0.06577291862495854,5.325847757300829e-15
2675,0.17962652843425,0.037997680451762,5.109850355412731e-15
2676,0.11895995033626426,0.03143609196964377,-5.3664400603212065e-17
2677,0.5923528788121754,0.040467044761784095,-5.9675573897501014e-15
2678,0.15081334902556326,0.05187880747122759,3.1474424429360276e-16
2679,0.0646171743745046,0.05514501114841602,2.404306369130751e-15
2680,0.07115514295714961,0.03805137751169498,-2.4474153225168e-15
2681,0.05664538822335394,0.04468339189363791,-5.701027821167144e-16
2682,0.06655014608258861,0.030171790971166536,-3.789849133220396e-15
2683,0.029996456786170012,0.01974097015684464,-5.351955741669868e-16
2684,0.12664755420505228,0.05166462256573569,4.0838536437451126e-16
2685,0.17457337893382635,0.06399544858703045,2.963853704030302e-15
2686,0.06744376000466389,0.039457223384093125,1.6138065733355953e-15
2687,0.09563237226968375,0.03245131197658597,2.0846962990402142e-15
2688,0.9269876537681071,0.03320036280209165,-7.510032314807514e-14
2689,0.11977931681396563,0.0389913761961591,5.533009724811609e-16
2690,0.023187455393915302,0.01116236895666991,9.816746965945204e-16
2691,0.7447665570301003,0.04906017583964282,3.1008789795516344e-14
2692,0.06522187013480209,0.028538815920788628,3.561621534771074e-15
2693,0.055333380336997265,0.04023458804612952,-4.924125179505933e-16
2694,0.3851995974651879,0.05034466994373824,-4.293695210206391e-15
2695,0.06830131104977599,0.04592057563027789,-9.702320848599622e-16
2696,0.042311293064570224,0.016250974807681635,1.9598731567127194e-15
2697,0.5826376747804235,0.03439096428706887,-7.31965043045431e-15
2698,0.054711414800266846,0.04287915890452547,2.3544259967752015e-15
2699,0.05688340346267651,0.03873744676343034,-1.2659294501270539e-15
2700,0.19093914798673542,0.06450141948278684,2.394837245812438e-15
2701,0.08938206303550528,0.04508236308566958,1.1426860038024707e-15
2702,0.1397205859214896,0.048102724387670825,-2.648023135837849e-15
2703,0.6920026042802515,0.06391661340174713,-1.3130034857439067e-15
2704,0.42013183163217227,0.05267647481184017,9.600803880252049e-15
2705,0.08048271851141492,0.027011117588409,2.6899552383334762e-15
2706,0.09737817682669074,0.03888944075681572,9.249685890745271e-16
2707,0.061637314478727424,0.035295012661839535,1.6945204390201836e-15
2708,0.470813301790572,0.07295308365376754,9.493384552054054e-15
2709,0.05774145491996266,0.030701656772320944,7.765043228982993e-16
2710,0.12522483162611125,0.036188038641617744,6.907426721637194e-15
2711,0.0383284137783283,0.015110553233933802,-1.1260109319551164e-15
2712,0.08392782022635019,0.04048351585896454,-1.94582336762092e-15
2713,0.20405116307163282,0.043831425065543314,-2.775014399613466e-15
2714,0.0749589539795783,0.035602046703062815,-1.508324522757217e-15
2715,0.6065166541665014,0.11382511742501644,6.62208564420581e-15
2716,0.03825781302116674,0.04374073838910718,-1.660265025409766e-16
2717,0.06702983074498267,0.02994166621641426,4.441589156335722e-15
2718,0.025643595676435395,0.01233966454004807,-1.2305152910245293e-15
2719,0.05298976580684645,0.04941804954843478,-6.49078529563142e-17
2720,0.04899395644206211,0.035911195454334965,4.517025298411729e-16
2721,0.041516239701632915,0.03952832796871573,-1.7598447161377237e-16
2722,0.1489311949617756,0.060057668503321573,-3.0982681811147308e-15
2723,0.04763295515807771,0.024318649640090676,-4.309736593112749e-15
2724,0.8910657638138006,0.05406636696012031,-2.2261166600023126e-14
2725,0.08024444833029426,0.030574930888638194,1.0642715237037826e-15
2726,0.15023643241288484,0.07806136359628732,-9.098324760838775e-16
2727,0.08384224523684829,0.07609126247674619,-1.0238240638699177e-15
2728,0.06417016731924927,0.045381340456917336,-1.530268265513996e-16
2729,0.15068288238427643,0.038628762493956845,1.1404590398098273e-15
2730,0.8207212199955266,0.03837990401552579,3.203241470000481e-14
2731,0.18808137437184871,0.07561300456921552,-4.594099979035167e-15
2732,0.11784564393106202,0.042902637069534164,-2.8608701984192796e-15
2733,0.08986119483635585,0.0396058746025069,7.365004453231316e-16
2734,0.04924006704863578,0.02983077579230186,-1.4430002456396768e-16
2735,0.09021990055477387,0.038003314597041156,-2.4291831864144264e-15
2736,0.07666528284950536,0.033398777549099874,1.7501402226413264e-15
2737,0.9713243652268182,0.01641072823681716,-2.270952868387533e-14
2738,0.1018017419059027,0.03697416895630947,-2.5815401132282016e-15
2739,0.027918590241713653,0.009743142765390818,6.370384396842161e-15
2740,0.4271909824725363,0.05241130408057076,-2.5787518818878187e-15
2741,0.07308146323835389,0.04357361511145943,1.4359029295005205e-15
2742,0.10194492819572401,0.03674987497581762,2.14027534551515e-15
2743,0.11137651238222203,0.04397451090712114,-4.802456902834683e-16
2744,0.5343141388903677,0.08953082901530775,1.477364291639979e-14
2745,0.2289649646758973,0.03646806036504644,6.154386994954064e-16
2746,0.8155898348065852,0.05156878461566716,1.788313644446931e-14
2747,0.14902112629445405,0.04083440437117551,-1.789392726186456e-15
2748,0.35356037068343255,0.07552006379418366,-6.838771051229845e-16
2749,0.5752763698995744,0.06155591769604527,-1.694882546986467e-14
2750,0.9351842909706927,0.030224920484007767,-1.4412331587642133e-14
2751,0.1766606468452926,0.06235361265869168,-1.843564077942465e-15
2752,0.177368661325358,0.06269344138488576,3.0429290311674574e-15
2753,0.55332952285452,0.08202636911793196,6.5422770484369305e-15
2754,0.05103553866586652,0.04416291773431227,-2.6571482565881926e-16
2755,0.16329875293394613,0.05554724953646137,1.5935647380203486e-15
2756,0.02855709238335502,0.014678070786547542,2.0858867289793712e-15
2757,0.32820611324667837,0.13771896926699506,-3.689952598021941e-15
2758,0.2746304853380825,0.06866878770819816,4.327869149524394e-15
2759,0.04343103656586957,0.03581356088056816,7.071244365583841e-16
2760,0.0564933220109138,0.034182308565554195,1.5575349953751422e-15
2761,0.085458672542961,0.04615294220724341,6.712757478963194e-16
2762,0.039999599204200195,0.036991450532422636,-3.2090007972042196e-16
2763,0.04189698392543128,0.03528344724231021,1.2445650801163285e-15
2764,0.0987285466576678,0.04437229050253574,2.6144919381599986e-15
2765,0.0321270228469769,0.035950911666113694,-1.7786743303844647e-16
2766,0.07683038145806334,0.06814712549767933,-5.081098982889823e-16
2767,0.10575370377588365,0.04617685062149522,4.412285569164231e-16
2768,0.11177302572629821,0.04367106633715726,3.475367417202349e-15
2769,0.10558328319961419,0.060828258737055524,4.501002020903684e-16
2770,0.11512638832293628,0.04176024543907868,8.315447337733886e-16
2771,0.12813829930698775,0.05746636443596486,-1.8204615896935785e-15
2772,0.44172856510047104,0.051042976654576085,-5.124262252470814e-15
2773,0.18332941079984447,0.04825079862987427,7.66712923489994e-15
2774,0.17909693962710813,0.05169966704767681,5.215640197762451e-15
2775,0.8529182947568185,0.036108717508401195,3.063208887819164e-14
2776,0.8401889391432614,0.060676614817569044,-7.48426471192678e-15
2777,0.3619125903909695,0.0641322365852192,8.677772568797138e-15
2778,0.8934570918463277,0.029601704169835538,4.096563633361663e-15
2779,0.24805052272437608,0.08039843181540574,-1.1896333016311241e-15
2780,0.655883090964915,0.09192986274732963,5.3366385746960765e-15
2781,0.09002996258667573,0.03886446773848903,-7.685379476400627e-16
2782,0.574994553088595,0.07363385102047086,2.3099229277189615e-15
2783,0.06675867292284186,0.03300654974065662,-2.125718605270554e-15
2784,0.331676143966951,0.061656416689422074,-4.330594011970677e-15
2785,0.18698312992494556,0.0381857259436523,9.642247136993193e-15
2786,0.08198705713977626,0.04144454655269382,-1.6229679048825674e-16
2787,0.10347628681576174,0.04899151002728723,-2.7142345774727838e-15
2788,0.07691211886326305,0.035816642123500254,3.074369055340021e-15
2789,0.3090445609382496,0.04638858875870245,-9.404523257128087e-15
2790,0.13103026208382454,0.03488776096354892,3.9270608943443645e-15
2791,0.2002102752262764,0.06285338848071852,7.418143797283417e-16
2792,0.11418703377776342,0.06596795307649887,-9.25692805007094e-16
2793,0.15262737293419762,0.044704115170642156,-2.417794890874811e-15
2794,0.03559253386851561,0.01884245711801544,1.069087559655353e-15
2795,0.09135684480426742,0.034637772821566146,1.8195925305744982e-15
2796,0.1987023005326769,0.0648052865174314,-3.540039899980579e-15
2797,0.09734483976135469,0.03798104189760763,-1.5509084195921543e-16
2798,0.0671680405240776,0.05000957450350524,-2.4543677954694425e-16
2799,0.04585875754939433,0.03426892669388159,1.8061945358220094e-16
2800,0.049149477548181476,0.027539644130274352,-8.706523941320047e-16
2801,0.03588088611892571,0.02458043881055251,7.60662099373397e-16
2802,0.13177329082868602,0.04714903394213069,4.470801084928247e-15
2803,0.12075799432570065,0.045914727635011414,7.842172225801375e-16
2804,0.1454492636841431,0.04428516166017222,-1.863262751308286e-15
2805,0.25885229227201506,0.06770433705533387,1.2920012236994646e-16
2806,0.018127773161735826,0.009450748578410618,6.615712543999221e-17
2807,0.6975982063662265,0.03497819991191178,9.526653221456348e-16
2808,0.8302535603050714,0.03620404106111301,-2.5694819179509615e-14
2809,0.26958867775340123,0.05240909940276973,-1.1847738127235998e-14
2810,0.10093570468663378,0.06612305855242014,3.238693650439465e-16
2811,0.06120189771071606,0.025755101613441286,-3.286310848005743e-15
2812,0.15674537175386635,0.05092039562097363,-2.492027023962925e-16
2813,0.0528590671433148,0.03351120129663426,-3.1193428647524292e-15
2814,0.04796706466218183,0.02579101497903494,1.534939458279053e-15
2815,0.08794786813913114,0.03783948239932746,1.2311670853638395e-18
2816,0.09310517897509595,0.037086226708420385,-1.718600618778035e-15
2817,0.1282714616013163,0.047418316534778675,3.1571288310341106e-15
2818,0.06850445937184782,0.047244444375497706,-1.219253733273113e-15
2819,0.07734617215299931,0.04475239294100567,-3.603879534436357e-17
2820,0.1698718656394879,0.07916065875813647,-1.1500549009163396e-15
2821,0.039166834062940525,0.023022247197003364,1.3678990534324825e-15
2822,0.12854275880814559,0.04714806994520094,7.578919734313283e-16
2823,0.07883777346110081,0.03901138417678072,2.834255262897444e-15
2824,0.08432853901836286,0.03848856533938172,1.4275744462760003e-15
2825,0.17852116381275077,0.04915434362357508,6.407355620199705e-15
2826,0.023798492590835635,0.01794928090600283,-5.5945680790798e-17
2827,0.15440243484946695,0.04560223426450453,3.935027269602601e-15
2828,0.13500827519663147,0.04857196093213283,3.15619866619572e-15
2829,0.08834318489705016,0.04185651417520021,-1.0769090917270762e-15
2830,0.05061021790743354,0.035469446478974154,-1.9474166426725674e-16
2831,0.04721179998610968,0.03267964913376458,6.992304828934043e-17
2832,0.10761831715140907,0.038995019868464445,-9.756637043542145e-16
2833,0.42442085861742457,0.04987639443950595,-1.875588906480576e-14
2834,0.049293917189379775,0.031049185534672636,2.3799908191948153e-15
2835,0.19089357648529628,0.053695583977198064,1.1918240548271392e-15
2836,0.1491504470457477,0.05075012796265947,2.2630299460852506e-15
2837,0.2502343593662759,0.03900056483421207,3.661346068685546e-15
2838,0.22414536309132876,0.048721703387288644,-1.387814991578074e-15
2839,0.1737892591106171,0.06367679113369029,3.0790764589017062e-15
2840,0.08069260521313285,0.032385652058271285,1.8822372087415406e-15
2841,0.2206935377581954,0.07611657456084198,3.610325056236203e-15
2842,0.053299884091359113,0.030641406873961004,-8.331380088250359e-16
2843,0.03351584137168976,0.04193913142444514,-5.101739136967981e-16
2844,0.16147334583311415,0.04666954537504368,-2.7934456950972954e-15
2845,0.7713066337494535,0.07730050800935147,-2.7001417880599885e-15
2846,0.09063897383181395,0.03848486301450747,2.450275975450439e-15
2847,0.055166352962485586,0.03305467345606174,-4.3798769061818593e-16
2848,0.7994632857826854,0.06004135318764253,6.238396043131832e-15
2849,0.08932589062152792,0.0445397834672212,5.708269980492814e-16
2850,0.055058528913194335,0.034955740057040295,8.544299572425047e-16
2851,0.2647996196854279,0.09237924922101771,4.412357990757488e-15
2852,0.35144821582901925,0.06535105483767585,-4.443644119044381e-15
2853,0.044826726846520656,0.03370550491530741,-1.915768406419391e-15
2854,0.06605760726195713,0.04951883361244044,-1.2269666329549512e-15
2855,0.10776859024881381,0.056240691390061236,4.908011375006318e-16
2856,0.25729059551546846,0.0899451069734901,-2.915403658141572e-15
2857,0.1571755689879906,0.050773199001371686,4.96332336685612e-16
2858,0.10253912151777395,0.037386267277823626,-8.393300550484835e-16
2859,0.2980035663895152,0.05591069948922774,1.5397735996289373e-15
2860,0.9561737268420084,0.02045628544957226,4.934401803589059e-14
2861,0.03481363030999619,0.018086220661952316,-3.523093247158512e-15
2862,0.22529541779288612,0.04841003614373681,-3.1905695017203902e-15
2863,0.2550936820377228,0.07632525878456162,-1.3566929434634033e-15
2864,0.08590799261441019,0.055154801605141905,9.217820389712325e-16
2865,0.1876787391389553,0.051881914070218256,8.56023232294152e-17
2866,0.0508493663386467,0.03697228505230003,-2.5895426992830664e-15
2867,0.31631423012945475,0.13185820113705465,1.1420161040648463e-15
2868,0.07904857251938108,0.040000354264504004,1.180471970084152e-15
2869,0.4030806440255701,0.057129039541157764,1.2039365662993218e-14
2870,0.09460604466551638,0.04383109607680373,-7.382476162604494e-16
2871,0.11446759288534097,0.040420897325907736,1.9335116967672818e-15
2872,0.06470336365026033,0.03283094264898691,1.76715929705665e-15
2873,0.05361977691817401,0.024742811915069586,7.26243737178152e-16
2874,0.03995758764078093,0.03443998049768479,2.164283103679745e-15
2875,0.04569076483063951,0.04560282903460636,-1.3683335829920226e-15
2876,0.14625430315233492,0.037030710553811706,3.1093718824245955e-15
2877,0.11103259314332554,0.039276664177918606,8.67357211638825e-16
2878,0.11692782098618136,0.04448714509322408,3.256147254414329e-15
2879,0.08465684802116491,0.04042746414376125,-2.7592627030801345e-17
2880,0.11458092444047088,0.05061934392407333,-4.8947582234403425e-15
2881,0.028834844824950603,0.013148986588512188,-3.302859182064898e-15
2882,0.21788907964651227,0.06802116438026047,2.278781642618582e-15
2883,0.2034503846517589,0.08693557204456275,1.9499876092331803e-15
2884,0.08544493193814233,0.03428430582131919,-3.6819138011704474e-16
2885,0.11499800220445007,0.048394091033102785,-7.821169963756933e-16
2886,0.08610020281913643,0.038925357408840656,-2.3435989685833256e-15
2887,0.3848267722555877,0.07168183312580702,-2.037291839904128e-15
2888,0.0822006532818584,0.042382190463018755,-2.2153765377223444e-16
2889,0.7143897592895584,0.06397762096725355,-2.8217263272640352e-15
2890,0.10049078887984514,0.0456093835350948,2.9826833182770434e-15
2891,0.22423937071085082,0.05723946090242011,2.0984156646127797e-16
2892,0.057759099109860726,0.03756994219173494,6.41184575898162e-16
2893,0.16336667317754033,0.05775804758979827,-1.3898427961892615e-15
2894,0.145875758625174,0.04377213241452653,6.797490743073529e-15
2895,0.04402504062277442,0.025689710114724058,-2.7243192843337788e-15
2896,0.13198935722712318,0.04225494764373305,-6.360788535735649e-16
2897,0.09259161355865739,0.03387790671359133,-3.0704039731092168e-15
2898,0.07559951215232413,0.04236081247948369,-6.922055883475047e-16
2899,0.04164762790648705,0.0320647607998769,-4.339501867941251e-16
2900,0.1353494126245676,0.05534201899221155,2.2809180796196546e-15
2901,0.0644566626394133,0.03747994405453207,2.1100755411271077e-15
2902,0.036482836389120914,0.016298399811883336,-1.153313872612891e-15
2903,0.07615340719774542,0.0381763936945581,1.4158421481684156e-15
2904,0.4856808317082303,0.07875475072883052,7.31726051787684e-15
2905,0.04559138858437076,0.020990719790991,2.186118214046639e-15
2906,0.07360538606763066,0.025969913180819697,1.796055512766072e-15
2907,0.03133970709633367,0.024350615064496404,-1.3796675623366956e-15
2908,0.05363337812161751,0.0291588756076868,1.1989394763646097e-15
2909,0.03492037518131225,0.018563964874612243,2.672139526392329e-15
2910,0.1870351571181226,0.11222462944009332,1.4311955259388353e-15
2911,0.27496291886819463,0.06695336788676179,5.61759814573543e-15
2912,0.049443317223001375,0.043859531266948866,-9.146485120354478e-16
2913,0.05478081458610857,0.02445710624297047,3.2536849202436014e-15
2914,0.08502206994455312,0.04391264716147346,-4.720439448471474e-16
2915,0.25547222757801563,0.06182397501435829,-9.716565270723299e-15
2916,0.1857504278299322,0.03875538368783978,6.868826012431375e-16
2917,0.259523672536682,0.11971469398923339,1.6782255805374267e-15
2918,0.15140251698424914,0.04483004170216421,-2.1337574021220475e-15
2919,0.07998843570750076,0.03370407774640694,1.1612802478711275e-15
2920,0.12374835918397255,0.04998968062741331,1.6020923806263247e-15
2921,0.08087697377967432,0.04662408678732676,3.4179008829531604e-15
2922,0.14994307199876286,0.04535833357418525,5.296191114862211e-16
2923,0.10755884464759609,0.039324462462675874,6.9112650660797984e-15
2924,0.12485568223860388,0.04120776295098791,9.053423373019622e-16
2925,0.1342634827839205,0.05257096995950671,-1.4296022508871879e-15
2926,0.06049592423653084,0.02374471456922256,3.4323852016045e-15
2927,0.052399573101462385,0.04019361696407104,1.844940088214342e-16
2928,0.8703712636990495,0.04592192619824817,2.4602484288418864e-14
2929,0.2008816364253161,0.05348915793640439,-2.028166719153784e-15
2930,0.06361141514679473,0.029456226532756452,1.6319481824463978e-15
2931,0.051422788253068084,0.023007631702797796,-6.928211718901866e-15
2932,0.11549852968909344,0.041668469252891825,-1.3096630397549415e-15
2933,0.15773014646333153,0.04468162207921748,3.5942112517365876e-15
2934,0.03968162157361608,0.022089315661499614,1.1956080830748016e-15
2935,0.04642773477465297,0.028398815615790534,1.0444823233463903e-15
2936,0.4581503676773388,0.054719459742276044,2.3573590713020976e-15
2937,0.04208421002752061,0.025462974608655146,-8.059799113537748e-16
2938,0.7185373854802011,0.09627523837345181,4.814261622535524e-15
2939,0.15366064815205174,0.05026976656901062,7.848038374855167e-15
2940,0.05216458667668449,0.03197925183160938,2.1627260394247262e-15
2941,0.1693193097493928,0.0648154944506254,3.998794482465123e-15
2942,0.07096443934022487,0.04173823738215981,-2.4159843510433935e-15
2943,0.08019198759804047,0.04029891248390409,-2.6324887040842876e-15
2944,0.049413826409801555,0.03556877387746954,-1.2630687971934144e-15
2945,0.46036566752488484,0.04552958297598656,-1.7126548059716602e-14
2946,0.2787536617413508,0.09592526995917688,-2.77954074919201e-16
2947,0.4027311022044314,0.10777752539388814,-1.130845073305001e-15
2948,0.13027682597429951,0.045768416981863215,1.761437991189371e-15
2949,0.21227071210387927,0.06932723019380205,1.828500386545072e-15
2950,0.06311330143311861,0.029611494053326297,-4.103900846028482e-15
2951,0.11376209991137375,0.04216484363210884,3.765850427754959e-15
2952,0.06940989098313875,0.027041113026250986,-2.9957192050632487e-15
2953,0.041034917759322574,0.019264147495179927,-4.250568151422028e-15
2954,0.25904049572613397,0.057138612535652625,6.42986968300338e-15
2955,0.4862221496056958,0.04802088820434748,-6.831890999870459e-15
2956,0.07175486806033891,0.03296209096297406,4.950015899095202e-17
2957,0.11536377771027463,0.06098344505895531,2.8565067974255636e-15
2958,0.036111426699898766,0.016522670070076954,-2.9208352776358245e-15
2959,0.2054954650450798,0.04844368925796459,1.0898544515217107e-15
2960,0.06999086146075109,0.036023431320233196,-4.74488173619561e-15
2961,0.2471593972079711,0.05539885597804555,-4.6862564564543136e-15
2962,0.0811571196563818,0.02625558070975818,2.8895310439506174e-15
2963,0.15359557440756139,0.043488696989442854,-4.535619542480385e-15
2964,0.8748115110522943,0.05694759025498736,-1.2039945035739271e-14
2965,0.9558788896916626,0.024796622469600762,-5.6802464449821356e-14
2966,0.09175700100893837,0.07407390087498783,1.6585269071716054e-15
2967,0.36233008479705775,0.0612396307784163,1.4205495517301008e-15
2968,0.29144580557159794,0.07467924914433777,-2.4868126692484425e-15
2969,0.058257827094374603,0.043132629446091274,1.3278499123615294e-15
2970,0.062410546806606716,0.02620207311443891,7.460872537304868e-16
2971,0.0781269218921938,0.035698398900483236,-1.6489310460650931e-15
2972,0.17990738689486652,0.04280206470261515,-6.690306785053618e-16
2973,0.10716089567225891,0.06989121453329118,1.9850758711660495e-15
2974,0.11873973101264897,0.06494516551987033,-5.8748396449832155e-16
2975,0.5974799405891837,0.04266838482219217,-3.083465207453062e-14
2976,0.07440697640369165,0.035210209968472024,1.1869537026806265e-15
2977,0.07391315276667207,0.03110065845929797,1.53215122693867e-15
2978,0.11156277120641492,0.059449764492859734,-2.3849879091295276e-15
2979,0.03368576811477295,0.032212368366153626,4.093630558834767e-16
2980,0.08757188049809678,0.05827725837867783,2.221894481115447e-16
2981,0.04302050455039258,0.03060707411632326,1.0551826137500672e-16
2982,0.10267268133399202,0.03177724146987945,2.759009227503736e-15
2983,0.06609127862667588,0.04941813301360579,-4.3561588343902913e-16
2984,0.6570121624450951,0.03915197966498939,-1.3305376587412684e-14
2985,0.044422491256595954,0.031003908797525882,2.477139860199095e-15
2986,0.1727559937824376,0.06274344567131142,7.986653304348484e-15
2987,0.08325584623630769,0.0378124744698367,-7.597025132627457e-16
2988,0.21718996419908151,0.07425328491919839,-5.992379890838834e-15
2989,0.17341364259097106,0.039045331321172556,-7.091812098068743e-15
2990,0.09347514134016205,0.07154363236500426,-1.3408857991477347e-15
2991,0.04717079858252628,0.01565911976715146,4.599088016270722e-15
2992,0.03858797771465496,0.03271312898190129,1.0544946086141286e-15
2993,0.10879563247194697,0.0362273701532483,-6.984483296862319e-15
2994,0.045940350273462674,0.026938976142328607,-2.3309251897634035e-15
2995,0.05691749992121169,0.03599739030713729,9.994179869424109e-17
2996,0.13421210081405058,0.0561966294644419,-1.7218958012712146e-15
2997,0.0709607459494745,0.04420177294749106,-4.2449916887412623e-16
2998,0.056070852088202866,0.02458477221096561,-5.0405428906660725e-17
2999,0.06562024328233938,0.03734821284798102,-1.5647771547008118e-15
3000,0.04664268827990599,0.023378155058243855,-3.4335077362999785e-15
3001,0.04203917500583796,0.023407252918462688,-7.724499159875311e-16
3002,0.12224052700907327,0.042257081791563275,-3.1376655278463734e-15
3003,0.038915140053716255,0.019572220084253297,-2.546343218905447e-16
3004,0.13571390847356837,0.04220232396500311,3.482030203781965e-15
3005,0.03501437848250458,0.015807856049496572,2.65084757797486e-15
3006,0.208153913360085,0.04803581468067868,3.943500596013635e-15
3007,0.03369054992529018,0.022401908112736044,-1.22808916765043e-15
3008,0.6524241991219647,0.04989828200715518,1.7456428417000856e-14
3009,0.13868832496512468,0.04121391186568916,-8.16191356002969e-17
3010,0.06375414390991191,0.039186783620183456,-7.382657216587636e-16
3011,0.29939442882860884,0.12502372413797738,-2.7177651301440477e-15
3012,0.06391650823145402,0.02565673704562722,2.963093277301107e-15
3013,0.03202057510495842,0.024372133282434087,-7.027010614327524e-16
3014,0.09701344888152978,0.04362558714719839,1.3554425393923307e-15
3015,0.06121079171315656,0.036740192006826725,-4.248612768404097e-16
3016,0.04022727035442693,0.028674722365523254,-3.2314514911137957e-16
3017,0.11932847432353992,0.04835897194435334,-5.219424226010113e-15
3018,0.10050072296153537,0.036956014308600835,-5.8843992952931e-15
3019,0.03381890162197787,0.024390945403522442,1.799061008886225e-15
3020,0.044270884658138186,0.043340885065501746,1.169137990739479e-15
3021,0.026726846889001298,0.02076235208602499,1.7105437165282276e-15
3022,0.14725858755525176,0.05799165447986215,4.1962519564795054e-15
3023,0.0679640061687635,0.02585461266832993,-1.3977367498542414e-17
3024,0.046375340501649716,0.025987076720317706,-1.5135569828700133e-15
3025,0.07144930855229134,0.0361872396843355,2.8420043733759103e-16
3026,0.05895630275958651,0.030662149686789906,9.468399102380493e-16
3027,0.4189596701201481,0.09465768082455893,2.1693164044110855e-15
3028,0.05896348122434566,0.02505743505404547,1.0372220586224064e-15
3029,0.190989278825679,0.07751235754786391,3.3975866260446572e-15
3030,0.14797875531284077,0.05307157916459707,-4.864015257102875e-15
3031,0.07304527087470442,0.038794186581190236,2.02628375772911e-15
3032,0.09134416350649484,0.027180226934631003,-6.507514683673716e-15
3033,0.0363391303950008,0.02046987650534757,-5.756611393991659e-17
3034,0.1490162700160637,0.045488211665950254,1.1396261914873754e-15
3035,0.03704672087491937,0.014930037247725013,5.73861462806737e-15
3036,0.03857632564744972,0.02115221807980534,1.0756055030484557e-15
3037,0.03175416237909378,0.016774192309639724,-1.8722430288721167e-15
3038,0.032082840681439545,0.024968218221882204,6.344131569286609e-16
3039,0.037854800497346824,0.019425240277663427,3.3393777704645873e-15
3040,0.8155144781780498,0.04677258935152009,1.1004243830575255e-14
3041,0.07619484332123075,0.03286252572605151,3.748469245373351e-15
3042,0.1026118854068464,0.035868258705670196,-3.4855788618515433e-15
3043,0.1057572346107328,0.03386175377215547,-3.322087115074551e-15
3044,0.11152564797225095,0.03227470866107435,-1.0148799971027157e-15
3045,0.1059339025815639,0.047071467274765216,-4.707403561685269e-19
3046,0.07464996057725619,0.040150963548022944,2.0065850843632885e-15
3047,0.08913462419686767,0.03245663286816714,5.282974174092864e-16
3048,0.04487163923708554,0.03644176907742097,9.432912521684713e-16
3049,0.14599027173633333,0.04862297473159817,3.9038667475165135e-15
3050,0.20193797680596456,0.05664666046700679,-1.9890590587951678e-15
3051,0.6532302084797372,0.08115844653802073,-9.640038278398865e-15
3052,0.0816741485791397,0.07375840615714607,-5.4225667950951467e-17
3053,0.048524264713088905,0.042019675575535285,-9.86418310952834e-16
3054,0.05220254061017848,0.0210885709157003,2.4941996717606258e-15
3055,0.1158738116750273,0.03832118613168014,-9.061389748277859e-16
3056,0.6870112976406225,0.07432251515806496,1.4204191928622388e-14
3057,0.053107544542979106,0.0370869263016347,2.852958139355986e-17
3058,0.06954187014883584,0.04308506316682371,-1.965666884173255e-15
3059,0.07436910384083767,0.06489410264228387,-5.688716150313506e-16
3060,0.2459876545183233,0.06624311892866441,-3.883028565644293e-15
3061,0.1610745670249781,0.08163860732341936,-8.399456385911654e-16
3062,0.08556397696349666,0.03853137507788505,-7.024894545899555e-16
3063,0.0685727174711197,0.03097606627445179,-4.230724634869693e-15
3064,0.5935636015340799,0.08402431219548638,2.248690470620425e-16
3065,0.03437101635167277,0.02653300674705832,-2.9374560332882363e-15
3066,0.09570174236802198,0.0423190932623181,-2.3093073441762795e-15
3067,0.03966824645040794,0.01403167098086957,-7.310054569347798e-17
3068,0.0911016240802556,0.045420155688746446,2.6258621283012997e-15
3069,0.09054055829005946,0.05109838414657927,-6.764901026108015e-16
3070,0.10909242471087109,0.049092889963119064,5.511645354800884e-16
3071,0.1371717087254481,0.0431552061099705,2.2195769901312327e-15
3072,0.706995369944847,0.09804500240495002,9.498816171548306e-16
3073,0.08558177334238087,0.029993310838751387,-7.00439923500791e-15
3074,0.32066847866953396,0.05334224605107006,-2.9852180740410275e-15
3075,0.07616607709486498,0.03298477181225871,4.3109677601981125e-15
3076,0.2927612999066257,0.09344716755284474,-2.595852430595556e-15
3077,0.15692179364251424,0.06139495368510003,2.8401214119512362e-15
3078,0.0736693098622569,0.049845011520982536,-5.374406435579443e-16
3079,0.32717026549830674,0.06153625878468508,-3.0796943056191776e-16
3080,0.1964631297940965,0.05224240298361866,-7.726523994069588e-15
3081,0.07876966546123021,0.033665330677380034,4.16755490015154e-15
3082,0.13561235161889518,0.057156505889231164,-9.561460849715348e-16
3083,0.22837274833251334,0.06929707220801994,-4.788877854099052e-16
3084,0.05799982246139086,0.029775553265251487,2.199516208799128e-15
3085,0.26952639510295673,0.06914067407278926,1.1419074716749613e-15
3086,0.13006978141235914,0.045945213421891555,-1.22392492603817e-16
3087,0.8061949809936698,0.05414801077914928,6.369841234892736e-15
3088,0.05030373800202331,0.034560741827357286,3.3972969396716306e-16
3089,0.65900031059152,0.04167633674408583,-1.6243656416324217e-14
3090,0.05009994784804596,0.027147688337671342,2.2068307897180543e-15
3091,0.10964616588630197,0.055000508652610906,1.6131909897929133e-15
3092,0.30621688047722434,0.08236558314765549,-3.4775762757966784e-15
3093,0.06276629345680104,0.03996492151133048,2.1551941937260297e-15
3094,0.30586120456942445,0.06433474139168918,-1.2167008721108145e-14
3095,0.8562103102197706,0.05016713043348607,-1.262529256323652e-14
3096,0.5988295692405643,0.04192095101035722,2.128432604477849e-14
3097,0.8732385542882698,0.032760214018326544,-5.464064368031234e-14
3098,0.11131890072154076,0.06373327407207209,3.6154669893574285e-16
3099,0.7172908983460725,0.04081418218795029,1.608692703581757e-14
3100,0.04925337755939323,0.03024590260438065,2.2725895963951345e-16
3101,0.07594873020817874,0.04282940771831896,2.4885326820882893e-15
3102,0.043699234177971405,0.03684108994263361,-7.831671094779154e-16
3103,0.07741664088792485,0.03346715411752665,-3.4298866566371436e-16
3104,0.06767205045916315,0.04567244457989349,-8.34296754317143e-16
3105,0.7897473067378202,0.036398276258753415,5.816540262411575e-16
3106,0.15245082150433953,0.042610468517385626,-8.177375570189994e-15
3107,0.08023344488862152,0.05875964429049135,1.9249659487629916e-16
3108,0.05741003555947201,0.027570525729865025,1.3618880611921768e-15
3109,0.18834770367006987,0.05795022571474252,-2.8280632166739964e-17
3110,0.10501012877547077,0.055460214861843285,-1.435739980915693e-15
3111,0.07126721016912053,0.03127502865339703,-1.7866407056427012e-15
3112,0.07977877343005453,0.05832559639413466,-1.2998589665678163e-15
3113,0.20468013394254406,0.04534647292221809,-6.4964251272062844e-15
3114,0.17755500832828747,0.09294089973567958,4.9198885163004165e-15
3115,0.7708027655006073,0.08921376013903333,-1.3873080404252772e-14
3116,0.15725631467257487,0.07123569174764074,-2.0401162820411389e-16
3117,0.08171722488173756,0.0322295965390168,2.8346535816603556e-15
3118,0.4087690614398704,0.0440642019884868,-3.339450192057844e-15
3119,0.09066912343420563,0.041370437772859266,5.074508617903463e-15
3120,0.7853959565676142,0.04822314201751672,-1.7124520255105415e-14
3121,0.06580501319883665,0.03102827698486175,1.6616410356816432e-15
3122,0.816724517998672,0.08882870798586408,1.4066156371875124e-14
3123,0.22981062294991517,0.06569386094517354,2.351891241011217e-15
3124,0.07019924606964534,0.04941619712431938,-4.5725183442446715e-16
3125,0.05054306291031796,0.024629889594433067,3.1979565042325735e-15
3126,0.09331715622049191,0.04149764731057172,-1.0312834879753574e-15
3127,0.16339522290720515,0.049903922055601006,4.379297533435806e-15
3128,0.05292227596310071,0.025929442030344453,-5.633893004218187e-15
3129,0.3121100536041598,0.06662599131087185,-3.2712109458117217e-15
3130,0.0400261349387958,0.027483261959154497,-1.5221570470692459e-15
3131,0.08230415132515992,0.045505816893891424,-5.024610140149599e-16
3132,0.058562128582145885,0.0421352906124797,-1.6165223830827213e-15
3133,0.5420692529375614,0.06363024010503521,3.489924157446945e-15
3134,0.07929024772176398,0.03295912172989295,-2.2459384500766704e-15
3135,0.05777997288064002,0.04067179244445096,1.4571224563247326e-15
3136,0.11778889155242286,0.045408931725066014,-5.429446846454532e-16
3137,0.5810973202052863,0.030470606640465768,-1.6092078021637951e-15
3138,0.05922065010420808,0.03151337844784766,-6.988321641304923e-16
3139,0.24969768840642512,0.05063868003535259,-8.366287296200086e-15
3140,0.1957823650241622,0.048767555362004916,6.329212721075729e-15
3141,0.27623301380440357,0.06538123234776858,-3.829653851414108e-16
3142,0.03520674379759335,0.011409652391360036,2.7547725642982194e-15
3143,0.4899332528825297,0.09110666660956672,8.90351067497826e-15
3144,0.05376869948163924,0.03004645755170402,-3.46175215767009e-15
3145,0.15130840394889208,0.06061135830510235,3.2180534963613066e-16
3146,0.030291491227238607,0.015255102124247966,1.4844978185757639e-15
3147,0.08421702304353995,0.040410071596893485,8.404525897439623e-17
3148,0.05357231686353244,0.02295932840193922,1.461322908733621e-15
3149,0.11426001177311955,0.03920151210286902,1.058803693412902e-16
3150,0.06254616989327286,0.031846227602055605,-4.421048581948291e-15
3151,0.41771009725914504,0.05225074388605594,3.7003088858576486e-15
3152,0.14496011890861693,0.05774642995504727,2.4779410240744973e-15
3153,0.17505353029613863,0.056279390305066755,5.842322349610959e-15
3154,0.20897430619457139,0.0729252337333173,4.0408714281472634e-15
3155,0.11760855001678805,0.04027890569773544,6.070921108725721e-16
3156,0.0598772119450296,0.023387060863536046,2.2546833574624163e-15
3157,0.22483771909626077,0.06344109224600962,-1.4540807494079512e-15
3158,0.06688682848119865,0.02043631579218342,-8.735300208765637e-16
3159,0.1789322778087137,0.08390748991035156,1.8192304226082147e-16
3160,0.11437394169920116,0.03797754663963576,-8.751425329139198e-16
3161,0.7387196257074318,0.07607024970879847,7.086018370608207e-15
3162,0.12295567902839924,0.04244280863166366,2.293447015253063e-15
3163,0.4957398554721129,0.044025086760841436,-3.3056836242019096e-16
3164,0.16958011400043196,0.04913693156606386,2.5104221086501256e-15
3165,0.24525879796141223,0.07375436319009433,3.0162869375481502e-15
3166,0.11710134527039086,0.04504967240503625,-9.286620903306186e-15
3167,0.03873200615631676,0.03139985887996116,9.54082069563719e-16
3168,0.6648768504719845,0.0348651238340611,-3.290185403244976e-15
3169,0.40904926209553794,0.05945540674355998,-8.241722155798568e-15
3170,0.4460216360881163,0.07033337946014293,7.708246594471429e-15
3171,0.06786294462039187,0.04044811686026582,-1.7100910815703731e-15
3172,0.7523884094481514,0.04782068150125054,9.103502904756629e-15
3173,0.9322534907050908,0.01920931955234181,-2.7602910897043798e-14
3174,0.1931733011968996,0.0714137113170863,1.405594492722593e-15
3175,0.08535952414493851,0.030493324692736617,-1.8517477179804713e-15
3176,0.03634530848014511,0.014964594011764712,1.0493164646962748e-15
3177,0.5061284463653245,0.08390677406789405,6.573020014774398e-15
3178,0.03872667161304698,0.030456195298607127,-3.0417069167812506e-18
3179,0.05134031111906234,0.049130643828684095,-1.2450720312691253e-15
3180,0.04884250933298967,0.013337672200163006,-1.8437089211289782e-15
3181,0.04665035581758536,0.03561809186312974,1.7522404488457706e-15
3182,0.16192686526834751,0.09258741040609979,-2.1157968469943868e-16
3183,0.107072323861319,0.03324281073603173,3.1894469670249116e-15
3184,0.11878371426470982,0.05732009201487843,-9.034231650806599e-16
3185,0.3123278215737016,0.058790146730117156,3.2116079745614605e-15
3186,0.18071639843882573,0.05270388633315137,1.1746782426236164e-15
3187,0.0868098681732178,0.042965452914384854,-3.4571895972949184e-15
3188,0.17873430948410202,0.05859085651524831,3.125715964959019e-15
3189,0.6074379637539041,0.03930954684364435,1.1126400953000988e-14
3190,0.08452897979675317,0.04438430557271069,3.9064207402662063e-16
3191,0.03463862477453186,0.03042953990851041,8.258234279061096e-16
3192,0.11237357668316285,0.04482335228154247,1.1982152604320428e-15
3193,0.07189671786841352,0.034277894883529815,-1.1910455226996298e-15
3194,0.029660798664003733,0.018217458932428484,2.052065844928494e-16
3195,0.6033423454330883,0.061540795868702376,5.023451394657492e-15
3196,0.10082035897394025,0.03615517231099795,-1.0464920225592636e-15
3197,0.13076100596353438,0.0496266908383533,2.6730810071046658e-15
3198,0.0808732196760054,0.03946388761659982,-1.8206924335220844e-15
3199,0.23582056401274862,0.05014984509712209,-7.413653658501502e-15
3200,0.36722450925177874,0.060837936822075014,-1.2664364012798509e-15
3201,0.06475276304092989,0.0336936138570224,3.5261892702702357e-15
3202,0.06835701200951293,0.018576546832275054,-6.228257020075895e-16
3203,0.049882717403505396,0.040003560832435434,1.5427609903507761e-15
3204,0.8064414352903254,0.032825234236361765,2.3335323671206445e-15
3205,0.1032786540766989,0.045200964594832055,6.398809872195415e-16
3206,0.19888542523354208,0.06303246803399931,-6.84963429021835e-16
3207,0.04079354955641081,0.026689956590167884,1.6758356679599558e-16
3208,0.18350436553580932,0.09844204958776073,-2.4292193972110546e-15
3209,0.04180728806788175,0.049797785515348046,7.090073979830582e-17
3210,0.06452212693466935,0.0397932233330379,-2.3212569070636344e-15
3211,0.07544278528507264,0.0608283113612492,-1.4080206160966924e-15
3212,0.4460332007119372,0.08455255173858744,-1.2785308073537191e-15
3213,0.053027910587361976,0.02616508170336394,8.150145051125477e-16
3214,0.1383458085333978,0.03921892181873393,3.625424958430224e-15
3215,0.039346768124438276,0.029406895606685968,-5.083995846620091e-16
3216,0.02906966383554931,0.017271353443075663,-2.1972711394081702e-16
3217,0.10363819638882422,0.03935775467743776,-3.404004989747032e-15
3218,0.13836507990469463,0.06850757875618818,2.179672692246793e-15
3219,0.06955627138042958,0.029512035427564504,-7.729556648287212e-16
3220,0.07165402213629415,0.041893784191466193,-5.562702578046854e-16
3221,0.3911449457132089,0.04763000700522231,3.748251980593581e-15
3222,0.15277802468538226,0.052826163761640066,1.2042262526723485e-15
3223,0.8022854139424903,0.07135821917385253,1.0078569130966475e-14
3224,0.13767531650089085,0.04781240624283695,-6.688496245222201e-16
3225,0.06206423909626896,0.028508518514344685,2.734150515618375e-15
3226,0.05114649501425428,0.03023541755402575,-3.6609115391260054e-16
3227,0.07224739980326443,0.02525202429177827,3.682701385997114e-15
3228,0.1234552124103607,0.05901918932406896,-3.621079662834822e-16
3229,0.08241740376102404,0.04033494918931748,-3.2007628409712704e-16
3230,0.07290265444692477,0.055105490529940133,-2.200168003138438e-16
3231,0.8273611085572009,0.05589470039752177,2.2945623077892162e-14
3232,0.06001797642098113,0.02884758927741936,3.952127818310339e-15
3233,0.031044920683974592,0.020926945520208292,7.615854746874198e-16
3234,0.031570141366752895,0.019096856748817677,1.8833959542336478e-15
3235,0.6112722216145638,0.05826191600629951,-1.3838607725862585e-14
3236,0.082345388083636,0.037708910443828056,-2.6690978194755476e-16
3237,0.07726599749740705,0.04348940661657889,1.66774255491352e-15
3238,0.042022727344713906,0.025361274110806183,6.684513057593082e-17
3239,0.1306983200493743,0.0573131249055658,-5.3229871043671886e-17
3240,0.4822834356736443,0.0378082481274849,-6.693203648783886e-15
3241,0.03931914702981565,0.031155614555331803,1.1321667673819355e-15
3242,0.10202962712735018,0.04422616419377428,-1.880607722893265e-15
3243,0.198988582628485,0.04649747128717314,-1.878109177925909e-15
3244,0.041628353888939686,0.0347846356300301,-7.222605495490337e-16
3245,0.036663310266633733,0.018869517957408575,-5.086168494417792e-16
3246,0.054857290872008434,0.02327016257942155,2.1189833970976815e-15
3247,0.10634461130351466,0.04099047674444098,-4.917426182129689e-15
3248,0.08664589972745886,0.030119073146645466,3.91812588027632e-15
3249,0.05965365089892084,0.03944793178072304,5.912498873476698e-16
3250,0.17028907940850563,0.0462800340076498,9.295311494496988e-16
3251,0.29270231189866763,0.04889770001499214,1.5643064143446432e-16
3252,0.06184440369969377,0.029307591485860478,-4.128356712801353e-15
3253,0.05544469855473688,0.03185138535568153,-2.2643787982596566e-15
3254,0.04521244105763045,0.020587798426149384,1.4221428267817482e-15
3255,0.26535894573787694,0.05859704266455742,3.9978167909561575e-15
3256,0.18158462452928925,0.06848847283917392,-3.373759921863204e-16
3257,0.038672181848633656,0.027787738218432567,-4.083129427812546e-16
3258,0.06937768568623469,0.04272893151157952,-9.05197494115449e-16
3259,0.09382880823301017,0.03870446376473844,-5.152651517027439e-15
3260,0.17361124117483984,0.05315412276966078,-1.5033274328225049e-15
3261,0.10044654558047822,0.03907749627496926,3.960736935208729e-15
3262,0.14003133650783678,0.08578945976563793,3.0708203972704427e-15
3263,0.05689121844121105,0.03436768177693487,1.939450267414331e-16
3264,0.045905142929515426,0.026706284253934422,1.0215065728857034e-15
3265,0.046581748484609636,0.023686780266537224,-2.7912730472995946e-15
3266,0.3001005372273699,0.06878238010195264,-4.497091254867823e-15
3267,0.0914885408365448,0.03379204172900304,4.278522886419113e-15
3268,0.051709222846052366,0.030377106562033487,-3.065968150522244e-15
3269,0.4650539000320534,0.0743646518246297,2.0008130833807297e-14
3270,0.05022931340385007,0.030127092570896023,-3.705885348538414e-15
3271,0.12992004902445506,0.08064712920828812,-1.816623245250974e-15
3272,0.026447169657352703,0.012793028906224014,-2.6995477046778046e-15
3273,0.13266270549868692,0.053505827485677906,5.2718574595279615e-15
3274,0.16872002672615657,0.05479657293767927,-9.288793551103886e-16
3275,0.2457003747171439,0.058883908740371055,-2.2141272652386664e-15
3276,0.0704323894711163,0.038183229553262414,-1.3849724440427487e-15
3277,0.6412272645138934,0.05178466045631541,-3.729060258380557e-15
3278,0.2442569771233556,0.05144295827849217,-3.4163438186981416e-15
3279,0.06969869857834075,0.029754221326020104,3.891755367631725e-17
3280,0.049792908653223396,0.030993896841929627,-7.447836650518663e-16
3281,0.11860721024095537,0.03949775195990117,-3.7015581583413265e-15
3282,0.3793850225105266,0.10956752257085585,1.4979682349215094e-15
3283,0.05297179179272354,0.027664167663810323,-3.883607938390347e-15
3284,0.2509825508834388,0.07707100128158102,5.704938587203006e-15
3285,0.06126009449335338,0.032108665074231914,6.1572838586843315e-16
3286,0.04721301978164174,0.028726005662882338,-2.4988527591273682e-15
3287,0.03606497165520808,0.03483127186429842,6.813061385623718e-16
3288,0.09587794814300418,0.025596621949005423,-5.247668647380225e-16
3289,0.11201716031808387,0.06329769401262592,-1.1710933737574098e-15
3290,0.08750702110816291,0.04218314948301111,3.1023962119303623e-15
3291,0.12990213707664428,0.06944190944366646,1.6499087375740585e-15
3292,0.5009080587789818,0.06436366329447907,-9.216263325457305e-15
3293,0.8579811069439993,0.04647931920329026,1.5499560756408288e-14
3294,0.048324611207141724,0.0249068781967412,2.5035239518924254e-15
3295,0.039820158017773284,0.018227660290351208,9.867804189191175e-16
3296,0.9697061070497754,0.012891246981441293,-2.580091681363068e-15
3297,0.04851712629509053,0.016417068657505522,3.23507257077663e-16
3298,0.0796801257407713,0.02942308701918785,-5.1537378409262895e-15
3299,0.050072939080782274,0.038457171903414654,-1.7554994205423218e-16
3300,0.5743538131962077,0.05157529736716857,2.057700244883865e-14
3301,0.19316057577563878,0.037700743077737665,4.41110871827381e-15
3302,0.2609626962078223,0.08123673107306326,7.487668526809845e-16
3303,0.781607753693956,0.03907953099540786,-2.1559184096585965e-14
3304,0.0996549953810606,0.05022449535439232,1.758532074759946e-15
3305,0.1990198599120343,0.05461686850843316,-4.820870092920198e-15
3306,0.11405737928953967,0.03823551666837284,1.7123361509613308e-15
3307,0.09855046927001451,0.05647794323175399,-6.457833470699622e-16
3308,0.05579459685708603,0.040685118306946357,-2.5919688226571657e-16
3309,0.04706724498354645,0.02135225348214495,5.927526354077463e-16
3310,0.03249421807003245,0.022284788861331888,1.913487126231805e-15
3311,0.08367411271953755,0.05374210705439705,1.200066537409667e-15
3312,0.03439991863612595,0.027819299066624815,6.634904266212245e-16
3313,0.073985982655511,0.04146986050883836,-6.796766527140962e-16
3314,0.05056335731850774,0.03139696347443832,8.045857956835834e-16
3315,0.12388871447635073,0.03167488064327334,-7.478434773669617e-16
3316,0.09215226722081339,0.03968872916314968,-1.4209116596963843e-15
3317,0.08105924370694066,0.06550272184327521,1.2775169050481253e-16
3318,0.6785980094339314,0.09023242956141,-2.4782669212441527e-16
3319,0.1243420920153261,0.0433712699136683,-2.8420043733759103e-16
3320,0.03143360918061333,0.017404126249968323,1.257709599292419e-15
3321,0.53291342265483,0.11692363572899542,-1.444810785471094e-15
3322,0.037395776234746936,0.029119229597373685,-1.328230125726127e-15
3323,0.05699417638434433,0.031059113679708383,-1.13754520226864e-15
3324,0.683458803532265,0.0943512457832048,-3.882956144051037e-15
3325,0.10131396378920496,0.04116640627141606,3.0312057857590296e-16
3326,0.07565879608109372,0.04724000140321674,-9.546976531064009e-16
3327,0.5359048672732156,0.07931520371620365,-1.1374535436896744e-15
3328,0.0717791452546033,0.035318601155408254,4.639327264023974e-16
3329,0.059162592806350445,0.021987274731678587,2.1327163417189823e-15
3330,0.042903002988573836,0.014470467339770483,-2.665114631846429e-16
3331,0.033266662171172974,0.019841601711200835,2.8276105817161418e-15
3332,0.07110771413645207,0.055963634078175666,-1.7132052100804111e-15
3333,0.11372490460402415,0.045828303971885566,3.2504983701403066e-15
3334,0.11129485327666155,0.04900471750025068,-7.596300916694891e-16
3335,0.049698166750028784,0.03253589098599598,9.431464089819579e-16
3336,0.06705079398442612,0.028309771190736608,-1.0167086423324473e-15
3337,0.08325649075416963,0.027593903395601013,-7.500704413596051e-16
3338,0.07756129723869618,0.03955749739139343,1.5502113617570586e-15
3339,0.051576084173105705,0.025944860967336714,-6.770694753568551e-16
3340,0.17361259421884892,0.04529920140328931,-1.0780678372191832e-15
3341,0.07854020139174367,0.02382600344802374,-6.510945656654252e-15
3342,0.1641249813402876,0.05028256346871746,4.439443666635492e-15
3343,0.19123259444018542,0.04930065869668849,5.089825784877255e-15
3344,0.13473212563877368,0.04743686900828818,-3.3048869866760858e-15
3345,0.050278321091897026,0.019758250010949024,7.423629732972612e-15
3346,0.04650081248322556,0.032230092232178244,3.156857250059398e-16
3347,0.04424113153805069,0.029679071696058254,-3.4515769238175245e-15
3348,0.034754549601848705,0.026910843803343618,-1.2520607150183966e-15
3349,0.17149652572471175,0.04931260263688446,2.7838860447874115e-16
3350,0.09085167181247028,0.0500665557208191,5.586081173620031e-16
3351,0.052459601075750525,0.025523944950728943,1.4182320607458865e-15
3352,0.042547440338129246,0.018044069092919286,5.687267718448372e-16
3353,0.08865217597729495,0.03021537917023678,4.293152048256965e-16
3354,0.07511194429194024,0.03246004408312516,1.4976785485484825e-15
3355,0.17524085288500213,0.06399880206139633,4.1562752370018093e-16
3356,0.07135923469841123,0.032963642461709484,-5.8481477615185444e-15
3357,0.07779482641453488,0.027980567495893623,-5.4476246663619635e-15
3358,0.1313213114280413,0.030380463233766013,-4.466203445343842e-15
3359,0.0689044323438403,0.03412078601754731,1.9224311929990071e-16
3360,0.10449345091684226,0.04200503330271938,-1.5651754734637237e-15
3361,0.10578943016758548,0.036554138669735406,-1.8902035839997772e-15
3362,0.1570567566059219,0.045384307769597204,-7.119042617133261e-17
3363,0.2126832904025201,0.04155110483051034,1.1851069520525806e-15
3364,0.07803294203674922,0.045728514192628154,-3.3142293722061993e-15
3365,0.07545692828872609,0.04601204462185634,1.5188799699743805e-15
3366,0.030445058217296397,0.017069312961202426,2.457844031945764e-15
3367,0.15807696786921527,0.046287645118312105,6.544449696234631e-15
3368,0.20040318427996412,0.06080156940261463,-3.985215433729492e-15
3369,0.18484955245355056,0.054835946360426456,-5.104998108664533e-15
3370,0.1637384947898691,0.05209268675269447,4.42568356391672e-16
3371,0.06193312918484291,0.023385360616348515,2.242896743159889e-15
3372,0.06823398371056344,0.025160193111045507,-1.5183911242198976e-15
3373,0.10575767714080457,0.04709970664346684,-1.9191722213024558e-17
3374,0.03343399151742498,0.01611847301224124,1.6884913413815636e-15
3375,0.09305937319032363,0.03454528897763543,2.7139992072946993e-16
3376,0.06996429263629879,0.026139767084938557,-2.9718925008817952e-15
3377,0.034638112810483276,0.01784576785302196,1.1133371531351945e-15
3378,0.06253464967340247,0.025229900797231915,-1.5308176511940916e-15
3379,0.07191211706826982,0.03659394793809151,6.506355938181609e-16
3380,0.0491449341264044,0.030577676461563723,1.474648481892853e-15
3381,0.06271996058541945,0.026698672633325517,1.0766567477380723e-15
3382,0.028641175932291374,0.019646576361569988,1.8944040364086656e-15
3383,0.034613424704592534,0.022197374722400194,-1.1580936977678328e-15
3384,0.030611517665640145,0.02297599767131858,2.120069720996532e-15
3385,0.07403442317425751,0.05651722401436716,-1.3622501691584602e-16
3386,0.05268217593783074,0.03478672165835875,1.8175647259633106e-15
3387,0.03971651416368775,0.033197450730252716,7.857742868351564e-18
3388,0.3760267588987488,0.05036388481251075,9.867804189191174e-15
3389,0.09656923620559175,0.056331420043115144,2.366864405417039e-15
3390,0.11213055313928524,0.03774673902832183,4.100945139753693e-15
3391,0.48015096888447856,0.0643797007775566,-1.2191269954849139e-14
3392,0.038048952551068466,0.037996303121411903,1.168522407196797e-16
3393,0.08279084836359778,0.06796478208889382,-1.155196834037565e-15
3394,0.05896586095278293,0.031612188274034544,3.8881342879688905e-17
3395,0.226302128451027,0.07155584227963503,6.6931312271906286e-15
3396,0.10450694673337942,0.03585682759827484,2.0980535566464963e-15
3397,0.06338726093556618,0.025685274196130876,-1.1432291657518959e-15
3398,0.0768478002401243,0.03485513794969423,-1.7471347265211735e-15
3399,0.2784330600242132,0.08762154266707595,4.942049523836966e-16
3400,0.2006992761033405,0.06429463025444938,-6.291118963022707e-15
3401,0.09724153104374254,0.04279693482753757,-1.4602365848347704e-15
3402,0.04094768762233809,0.029024036569745663,-2.2951851334912237e-15
3403,0.06847190396221822,0.0395482560356662,-2.393895765100101e-15
3404,0.9239695182125773,0.04647655053993964,-2.1709821010559894e-14
3405,0.1300126307349592,0.05345235336070751,2.9913806989922144e-15
3406,0.08258802859491245,0.055695719768343185,3.1865501032946435e-16
3407,0.19187949776853305,0.0489531605741032,-2.748254620905117e-15
3408,0.16085814390755462,0.048599190949221355,-3.2300030592486614e-17
3409,0.04111308006403522,0.024668378647747534,-6.240568690929533e-16
3410,0.04212573466933658,0.022514587853694496,-1.5415660340620405e-15
3411,0.057267740093973056,0.03270400218054586,6.2043578943011845e-16
3412,0.8939873589136047,0.04303538261669633,-1.949777586612736e-14
3413,0.06886086884320117,0.05017720557152276,9.541544911569757e-16
3414,0.25764961843372125,0.0776537243339891,-2.070098821649411e-15
3415,0.07044195360073534,0.05538875177243746,-1.6897406138652415e-15
3416,0.16473019716266446,0.04518968798079049,-2.7771508366145388e-15
3417,0.2579561870484383,0.08020003640209339,4.268239020176662e-15
3418,0.07474632757134583,0.028775933383788737,3.3232639659649725e-15
3419,0.0632950348965321,0.051299667166847814,-1.4566879267651924e-15
3420,0.058046999373772445,0.02738340851724161,-4.2974973438523673e-16
3421,0.061953951429802215,0.030002498260053235,1.786278597676418e-15
3422,0.877621941631241,0.058386324092050836,-1.2861097270880324e-14
3423,0.03611488595231536,0.02193123394527211,2.408235240564927e-15
3424,0.05657894215986705,0.044743836958366756,-3.2462979177314184e-16
3425,0.1039701639924254,0.038653025669306264,-2.0000309301735574e-15
3426,0.03870101058976586,0.025745420598156474,2.735182523322283e-15
3427,0.04407055140348972,0.01830362645401515,3.0046542191312934e-15
3428,0.7956960478145347,0.07914157489914621,-8.556339662303972e-15
3429,0.04225793021391897,0.03860005695238882,4.959430706218572e-16
3430,0.05865941109741548,0.025510297669936753,3.3599636083478034e-15
3431,0.13221096990814468,0.055633018914805224,-6.494134794319542e-16
3432,0.0462829722219754,0.02013426560104956,-1.9535724780993866e-15
3433,0.0430587729370012,0.021416139222546662,-4.406057312144155e-15
3434,0.9195628984225613,0.04022063538983776,4.0980193073861226e-14
3435,0.054357387083450205,0.03992708930143235,1.7822229884540427e-15
3436,0.25528523247085505,0.05735213598451763,3.4992982274241086e-15
3437,0.09447274115170991,0.042113543483801065,1.886654925930199e-15
3438,0.11820539027336546,0.033133088392327203,3.0430105054598712e-15
3439,0.07354996398138249,0.03678401059292636,3.988438194629415e-16
3440,0.060026443750705955,0.036991181236412526,1.4044176418321717e-15
3441,0.17270984158646782,0.06602712832027731,-1.2581803396485873e-15
3442,0.03947580948956336,0.014079340501625813,-1.0110054418634824e-15
3443,0.17838887107263504,0.05935413863384826,2.5397528539190876e-15
3444,0.14167049036074814,0.06100064285838057,2.2839959973330643e-17
3445,0.17277263053760877,0.08688569086266543,1.6944118066302985e-15
3446,0.06506989554039727,0.03595859208053321,2.7027014387466547e-15
3447,0.21669004344902051,0.07386705468957015,-3.927857531870188e-15
3448,0.10456189661616196,0.035527347892024316,1.9714606116337907e-15
3449,0.18106530970051857,0.07662691096475056,1.4787403019118565e-15
3450,0.0678657658439443,0.03626181045940819,2.834472527677214e-15
3451,0.6976325182982104,0.061701843610393235,1.2502716753474772e-15
3452,0.505654656453896,0.051329918445926236,-1.9489519804496096e-14
3453,0.19367936086527285,0.07670707237092707,-4.032796420499142e-15
3454,0.39413940123634994,0.06563992962370065,3.6255698016167376e-15
3455,0.09125109292963964,0.03360822085523296,5.907429361948729e-16
3456,0.4104459649773888,0.08541836524258603,-1.7050939916356612e-15
3457,0.057955279172765405,0.03373628930263649,-4.547279418994713e-15
3458,0.20955668286171406,0.042108436750932864,1.2011682508970845e-14
3459,0.06904266514160447,0.033454354371226756,7.551761636842022e-16
3460,0.10191266835134619,0.039185456032948006,7.560814335999109e-17
3461,0.05344169054267045,0.03237502429848191,-8.713766100645716e-16
3462,0.2063213923779463,0.045684784307195254,-8.001137622999823e-15
3463,0.9540828162216685,0.03653818043382963,-4.0744026258251136e-14
3464,0.13519232987284108,0.06301717895716967,-2.8829949951592006e-15
3465,0.25264722757646874,0.10736049441482524,-2.629628051150648e-15
3466,0.16763319038925875,0.057474119651484676,2.2874722338093857e-15
3467,0.0689945486817685,0.03480488632522874,-5.897398971282677e-15
3468,0.06645703732043476,0.029321375088554435,2.031570534036849e-15
3469,0.17441877631020933,0.06831525566078653,4.957258058420872e-15
3470,0.015929533095241817,0.006929394594990616,-4.432454982886221e-15
3471,0.12470861568364326,0.04741090399876179,-1.3899152177825183e-15
3472,0.04640521600257183,0.030131793817568614,-1.0301247424832503e-15
3473,0.2894779291218772,0.07529480718999981,6.520188462493638e-15
3474,0.03283437061878765,0.018546722959448977,-2.8255918298041115e-15
3475,0.03904879434699917,0.02290154389623796,2.0894353870489494e-15
3476,0.08457378637054767,0.02971622465960443,3.2241369101948693e-15
3477,0.02741281664323031,0.01647784099802089,1.2111787256249913e-15
3478,0.08559260838697098,0.053540304311700426,2.191115303981351e-15
3479,0.05116508662954131,0.049349684363901976,7.390623591845872e-16
3480,0.03837987324932806,0.018631029739642063,7.729556648287212e-16
3481,0.10093074358810819,0.04150864756566212,2.7641511606249616e-15
3482,0.3980483887387791,0.0648489423830385,-2.943467025528542e-15
3483,0.06817654260606379,0.049567551889218076,-6.855428017678885e-16
3484,0.2129671866126793,0.06337531742821392,2.7824376129222775e-16
3485,0.16609496386550296,0.06776656632396588,-1.9842000225226014e-15
3486,0.04825360360801913,0.04100412868010688,-1.241197476029892e-15
3487,0.1222479594689318,0.0445433639110532,4.285765045744782e-15
3488,0.04792420320104001,0.041984117568920294,-5.033300731340403e-17
3489,0.8304674827359847,0.10436783369280442,9.292994003512775e-15
3490,0.28015845187193195,0.08566363667532843,1.9171806274878965e-15
3491,0.04025582124511909,0.033112130232911714,1.1005185311287592e-15
3492,0.04299060294874391,0.04197252933678574,-1.006696357064709e-15
3493,0.19078758433036058,0.0909104409631254,3.610813901990686e-15
3494,0.0624503625440958,0.05105453084551131,-8.401629033709355e-16
3495,0.026083783554528922,0.013418707291126436,1.4452815258272627e-15
3496,0.09321643019066499,0.0412043505991371,2.4489950185197115e-15
3497,0.1512475084778887,0.03774452095135065,3.670833297402173e-15
3498,0.09058130331563642,0.03505692298083907,-3.780877908355723e-15
3499,0.36606523004736047,0.04776046917398053,-2.2726113228731116e-14
3500,0.7032379680550547,0.06657583907056379,6.180838981891072e-15
3501,0.4793820166267715,0.055905807879631855,8.42650585099303e-15
3502,0.33439875612161546,0.06352636844835358,-4.602826781022599e-15
3503,0.7516103843241015,0.07066661344520984,-1.9265592238146387e-15
3504,0.31756557070504177,0.07333340083008001,1.2393326200035322e-15
3505,0.08585970425129534,0.029116489905492444,-1.5823393910655607e-15
3506,0.868442916831674,0.04879978258979704,1.052799943331922e-14
3507,0.39881954153551835,0.06086031052600452,-1.2688480403352988e-14
3508,0.08250096285890544,0.028862856019545278,-2.501551515498836e-15
3509,0.4409614751018894,0.05558712440426318,1.0203767960308989e-14
3510,0.231845040963111,0.03365089497556242,1.1750113819525972e-14
3511,0.09488999629000364,0.027891650078390142,-6.4472599180841446e-15
3512,0.17417016837728078,0.06018484598049695,-2.721974635252093e-15
3513,0.44545951632479236,0.11378393309381649,-2.5776112417940258e-15
3514,0.1646281010990065,0.05830028624031683,-3.5126645377295476e-15
3515,0.2345003779372586,0.03485569247275469,-6.768811792143877e-15
3516,0.08215364411324924,0.03498305510024309,1.4716067749760717e-15
3517,0.1597540498639968,0.031186072176413428,-5.3906650832655715e-15
3518,0.3652715217436429,0.05261727456244987,-8.74240884077874e-15
3519,0.4288731853682447,0.08779246790136756,2.3829238937217114e-15
3520,0.06827606677809483,0.03880040548625162,-4.487966134117479e-16
3521,0.12479267926645783,0.039585082055064134,-1.2500691212038374e-15
3522,0.04882617786597651,0.02558091416758905,-1.3879598347645873e-15
3523,0.31570157894005957,0.03753348663768764,-2.2999794429648172e-14
3524,0.4149078638318457,0.06931390109126584,-1.0697755647912917e-15
3525,0.6469340927325299,0.05203777024805626,2.316316849133612e-14
3526,0.3756627594264278,0.07694578632531894,3.411926101509483e-15
3527,0.9566233507861636,0.02115866749531437,-1.1235232502267489e-14
3528,0.06385788115762991,0.030562638231260753,7.061195869519475e-16
3529,0.6745962232553839,0.049351524342965414,1.3422907780569146e-14
3530,0.22669845456405247,0.04204298653880323,6.8984464440733635e-15
3531,0.1025714938338369,0.027753212527596074,-9.307424005969172e-15
3532,0.2553685286556282,0.0738117289549515,8.209349703612826e-15
3533,0.3280622102968769,0.06767144710678545,5.633893004218187e-15
3534,0.14743171178671596,0.06647373742347219,-1.3036611002137927e-15
3535,0.04576845975392486,0.014694636726657127,2.676222293712175e-15
3536,0.06722476743238355,0.0225227646543052,-7.44131870712556e-15
3537,0.059475492947649145,0.029530163705767994,-3.4966050494248756e-16
3538,0.5366812532475376,0.10739445593331344,7.249157062118074e-15
3539,0.09583575265375316,0.024331372191957565,-2.7252879231435868e-15
3540,0.3401873155845816,0.053872503211393,5.5000578998798116e-15
3541,0.1702167525763873,0.0501166851495279,-2.535842087883226e-15
3542,0.8405410611972152,0.055174465253981834,1.0679432984818971e-14
3543,0.45814691794853235,0.04829432864263955,-2.3358389948658705e-14
3544,0.04873103959658014,0.01945094913186842,-6.118176198325716e-16
3545,0.4518705654822776,0.05297392562865415,2.200023159951925e-15
3546,0.16065437721995132,0.04697800479465535,-1.65338497405038e-16
3547,0.10837868628559046,0.039800988240783576,-3.160478329722233e-16
3548,0.14026348341340056,0.04830933070218863,4.666231885918837e-15
3549,0.06030837096874431,0.02541648168702724,-4.061817747339883e-15
3550,0.3767288314870405,0.03494266184526882,1.6396800927964658e-14
3551,0.39732708389635346,0.05044907605689349,-1.4658709847901413e-14
3552,0.3283821246364982,0.04037110951580857,1.8695245033152434e-14
3553,0.21485346228599758,0.06227185630986148,-6.97854472621527e-16
3554,0.06886277283032839,0.03352672715508792,1.6885094467798777e-15
3555,0.06265679761989587,0.027898067576000805,2.3578388643574234e-15
3556,0.0531725538046699,0.026202993915538916,-9.162417870870952e-16
3557,0.14416349502758316,0.05942186031666321,-1.124100812432971e-15
3558,0.36130050835469935,0.0677884224412853,1.7187454619645484e-15
3559,0.6503102393372923,0.04530828152421156,-3.308145958372637e-14
3560,0.08994677840025776,0.03395049281444509,-1.9359740309380095e-15
3561,0.09994383629357001,0.04278512753471335,1.7818608804877594e-15
3562,0.08795642032072049,0.023843717251975604,4.271244516296815e-16
3563,0.6519406841003857,0.07133296868548039,4.189987488662802e-15
3564,0.0739359672354586,0.03400794097183531,-3.8318264992118093e-16
3565,0.056947827230100306,0.037701378919841676,-2.8602908256732263e-16
3566,0.10751143515096945,0.04859829247748234,3.706718196860866e-15
3567,0.4715684960061459,0.04698611732101574,2.616519742771186e-15
3568,0.18378983935903376,0.03538323294675472,-2.414217943120367e-15
3569,0.6896433578937353,0.05581598775024959,5.3167226365504845e-15
3570,0.4822786694609978,0.0730023449057343,7.400219452952385e-15
3571,0.039048817335256523,0.02235659533081701,-1.1134819963217078e-15
3572,0.09384327942467414,0.030680392086364725,2.8635497973697775e-16
3573,0.08817510775245183,0.029043568416187576,1.0455595945460838e-15
3574,0.06246693810014063,0.02356810631333008,3.043408824222783e-15
3575,0.6949356564051091,0.06790574898537392,-5.2314462104907245e-15
3576,0.11108554911337126,0.03763421698584554,1.1999533786702035e-15
3577,0.08635517032820159,0.02653032759308737,-3.9839118450508714e-15
3578,0.1334777462164853,0.06040238906739108,6.336889409960939e-18
3579,0.20120847666962058,0.039698191191099276,8.805017308149154e-16
3580,0.10331480484824325,0.049481850046358515,2.8122753093440366e-15
3581,0.10342273278929144,0.04690394868502611,1.2452168744556388e-15
3582,0.9654127576943313,0.021100850517870744,1.492188991779625e-14
3583,0.7843120008699781,0.06199330143726369,7.720866057096408e-15
3584,0.9565232360880521,0.025240178111287457,5.569378943675206e-15
3585,0.06729017131880324,0.02434450653466161,1.2718318099774747e-15
3586,0.3823428601411617,0.07483903091151717,3.589865956141186e-15
3587,0.40877664093272315,0.047544029876015,1.2243449712790588e-14
3588,0.5847820041083012,0.06824351100984523,-4.64512099148451e-16
3589,0.5544013614839548,0.10471087620045987,-3.608043776048617e-16
3590,0.07662400460858745,0.024470118085416756,2.9300780834752104e-15
3591,0.07434971732607276,0.035615530480357656,1.1423420012345014e-15
3592,0.1146823755226198,0.03650291959065134,2.642012143597543e-15
3593,0.07249299931043632,0.03052130284455357,1.5938544243933755e-15
3594,0.04426107497275375,0.0265973522501386,-2.7922145280119317e-16
3595,0.04522341919464699,0.02130331815116117,2.2174767639267883e-15
3596,0.7901771488526078,0.081217641479047,-1.3171315165595383e-14
3597,0.5564552305788821,0.06034693701566548,8.929510026957415e-15
3598,0.041131722716333544,0.02018188644214353,4.803000064784109e-16
3599,0.051993843609732554,0.02829532814114657,5.582256408226163e-16
3600,0.26029939415614156,0.067833311243971,-3.3424737935763113e-15
3601,0.16219967191976714,0.04076030702734697,8.971949080605839e-16
3602,0.6339539064165035,0.09162686781792825,6.7993737044982024e-15
3603,0.18741553394732083,0.035258467439183205,-1.3043925583056854e-14
3604,0.0649765762529775,0.02375805790837405,-4.627739809102903e-15
3605,0.16979504021750608,0.03672569090215142,-1.852327090726525e-15
3606,0.17095518859129832,0.030919196195117186,1.1878227617997068e-15
3607,0.05713154839171304,0.028001193678523797,1.4431631942245044e-15
3608,0.7400816340009639,0.055321885215563416,1.1211369587289408e-14
3609,0.7852857293663458,0.03945357352977144,-1.3389421846387082e-14
3610,0.17807250841710548,0.039226862237784134,4.3919351014590994e-15
3611,0.0638639894915854,0.03190859897482411,1.000142202874978e-16
3612,0.6253331333775027,0.049142803322858294,-1.9278628124932594e-16
3613,0.4839370355764159,0.04597279471260136,1.3532916180726068e-14
3614,0.10071579256893315,0.04110680815790469,-4.535185012920845e-15
3615,0.06677662087280757,0.034009904294585606,6.568638508382368e-17
3616,0.08234699661549498,0.03528671777380585,-4.582114205351184e-16
3617,0.1593349776965622,0.048018818001138414,-7.862088163946966e-16
3618,0.07867669493474284,0.02224786795930559,-1.3988954953463485e-15
3619,0.10195945999672776,0.044287769035961086,2.6374495832223713e-15
3620,0.08251098418393564,0.037092136107239146,7.612414721194505e-16
3621,0.2178696443318565,0.048829937906473574,-1.9931870896107998e-15
3622,0.1150351572745698,0.027348367325607838,-2.611232966463447e-15
3623,0.06713614069412815,0.022333807759767718,-1.6019656428381253e-16
3624,0.08818624046782013,0.029100545706294393,-2.33867430024187e-15
3625,0.10511118555740014,0.030636520226170194,2.039137105323718e-16
3626,0.09358666783169838,0.036783032594209834,2.2986613699675455e-16
3627,0.7898643918150537,0.04826365177775539,1.9832653313346322e-14
3628,0.7413178435759945,0.04832711400484554,-1.0924254180823233e-14
3629,0.08948905619665869,0.0376131855102007,1.7878130301835443e-15
3630,0.04773264983140713,0.030110552830594113,1.1083400632004824e-15
3631,0.38870166012488816,0.058082475167533336,-1.1744933836778602e-14
3632,0.512686690755647,0.04105347818649716,8.533798441402825e-15
3633,0.047963337540089294,0.026195329872818873,-6.746433519827558e-16
3634,0.34494782629645243,0.03739773530955511,-6.401996422298709e-15
3635,0.1217322474330439,0.04042632156438472,-3.360651613483742e-15
3636,0.12351289907227626,0.035680750216630294,2.993184449299264e-16
3637,0.439086420271366,0.04224442473135629,2.6213063574504957e-15
3638,0.1726928214226556,0.0433003157254703,1.8899138976267507e-15
3639,0.11440551369702161,0.03396023646082105,-1.9524137326072794e-15
3640,0.1578131293356084,0.0652964984380946,-2.5034153195025404e-15
3641,0.43029872969791644,0.08110454123764683,2.9999920790653936e-15
3642,0.6468655864772751,0.06507275617212166,-1.2151438078557955e-14
3643,0.12912265266872802,0.044410646211187045,2.0346846625468868e-16
3644,0.07083124578974892,0.029447359511574157,-2.738912235375003e-15
3645,0.3013183994794803,0.04438827317660523,-3.2721162157274306e-15
3646,0.609366516061764,0.07741822908276466,-4.694367674899064e-15
3647,0.16129636615401982,0.039168333735021967,8.366812352751198e-15
3648,0.07323762166612144,0.022387721622466217,3.0561912354325903e-15
3649,0.14755929342095378,0.04484605495942176,5.36571584438864e-16
3650,0.12107682986294621,0.03331218012416958,9.615632201471358e-15
3651,0.19870098966753372,0.049695392342133896,2.4296901375672234e-15
3652,0.18230511201347707,0.050389154222207654,3.500095996537327e-15
3653,0.05320141776438378,0.030448250169859997,-3.5521343060544475e-15
3654,0.13781253660580298,0.043246766214911164,4.504333414193492e-15
3655,0.529945657406612,0.09816231398762887,4.930896598475434e-15
3656,0.05176519609499362,0.02275370280493245,-4.2828319712178865e-17
3657,0.20180856692602997,0.058964810274287544,-1.6707661564319871e-16
3658,0.06547565151210966,0.03220864270121314,-1.978847614145974e-15
3659,0.4767612478235402,0.04438605590589827,-6.5807872306511785e-15
3660,0.08838827004774398,0.03654288021204625,2.481453471347447e-15
3661,0.05997997999203711,0.029253656753371375,-1.1990118979578663e-15
3662,0.05365800592351442,0.018483594520594622,1.226314838615641e-15
3663,0.16313737632273823,0.03352822446603629,6.204720002267469e-16
3664,0.20357318228222085,0.04934620637892286,3.220189933362379e-15
3665,0.08949858515347946,0.031440150725071024,2.8324628284643404e-15
3666,0.11187273720985415,0.029260455618700526,2.111886080958525e-15
3667,0.7382822364994118,0.06312863190768735,1.3703903562405128e-14
3668,0.15794602279609793,0.0426056133526348,2.947414002361032e-15
3669,0.24635517603769047,0.046743523628623565,3.1853913578025365e-15
3670,0.11409020219289609,0.04445529954827713,3.705957770131671e-15
3671,0.6617764825199496,0.0615221095532735,-3.8252361342254495e-15
3672,0.12296166835683937,0.03054828750339904,5.057634386674653e-15
3673,0.10206663827431173,0.046247831552553416,1.049533729476045e-15
3674,0.9152575108855319,0.04673303287443932,-7.941462230156306e-15
3675,0.15024075421539898,0.04994882055421863,1.1727952811989423e-15
3676,0.4146620366006663,0.05730603705554111,5.801892995175408e-15
3677,0.059520917024865665,0.014006944185229879,-3.682638017103015e-15
3678,0.7045341000433002,0.06348160676922261,6.3148732456109036e-15
3679,0.07758925586081634,0.025043010616940767,-2.447053214550516e-15
3680,0.1170611178980492,0.04647039484457066,-4.211913126021266e-15
3681,0.5428309729831896,0.06602496579721255,1.214495634596148e-14
3682,0.08902760487359003,0.03755162655506771,-1.279255023286286e-15
3683,0.42821789843013575,0.06887752801005129,-1.4331735407046588e-15
3684,0.5015860390847549,0.07591626336921412,-2.290767416302565e-15
3685,0.24421184307428126,0.048552862775730066,-6.146529252085712e-15
3686,0.02871667248313666,0.01892849962837586,-1.9182307405901187e-15
3687,0.6935827507266468,0.06556830828848231,-5.396495021522736e-15
3688,0.19740169900755167,0.04685203625929351,3.385709484750559e-15
3689,0.1041189670304861,0.041863785912244315,2.684958148398764e-15
3690,0.3402482244016723,0.06692779901760114,1.7656384435982594e-16
3691,0.372721492661278,0.06087580863855429,-1.421092713679526e-15
3692,0.059670435688211246,0.023688549044846116,2.1959132345346072e-15
3693,0.46206032948745585,0.06688083045902851,2.393678500320331e-15
3694,0.10924969649947051,0.024337000521529803,-6.615567700812707e-15
3695,0.13185794297733583,0.032966462578412584,6.224048363658395e-15
3696,0.8271875300481512,0.07299680744649069,1.844940088214342e-15
3697,0.15214170766392338,0.044919296361197764,5.841552870182607e-15
3698,0.10622262636807385,0.034694253892373614,1.0012647375704567e-15
3699,0.1094855865438598,0.043801610658235623,6.828632028173908e-16
3700,0.08443959308883245,0.02903782111508731,1.8474748439783265e-16
3701,0.07082905993236752,0.022567528872261874,1.0511270045276921e-15
3702,0.034898128603461545,0.016696618800627307,2.4241679910814e-15
3703,0.14397317292020245,0.038670043561840305,4.294600480122099e-17
3704,0.17502718524995634,0.05395597647343746,-1.782874782793353e-15
3705,0.6579260049844395,0.07086180221568891,1.0263262299169366e-14
3706,0.06824028347797251,0.03046709171250806,-2.5279481342182463e-15
3707,0.8685043639946454,0.04669589608408197,-1.9614664317643665e-15
3708,0.4206589659626154,0.07173717993468041,1.5642339927513866e-15
3709,0.5894373020891595,0.05943251460721989,1.968998277463063e-15
3710,0.16222096030175967,0.044737464501080945,3.49705768438273e-15
3711,0.09777460293560611,0.0294159820157912,3.335811006996695e-15
3712,0.3334438383908736,0.05024123698431382,-1.2332111848335099e-14
3713,0.18548828957574304,0.036666889391480585,-4.098917335142506e-15
3714,0.07495683337309217,0.03254596467628281,-3.3787932225945442e-15
3715,0.6447752009213409,0.10956471698885824,-3.682275909136731e-16
3716,0.19221971705025057,0.04637303805763018,1.2783588060697344e-15
3717,0.23030488171665733,0.04670056894740437,5.477679627563492e-15
3718,0.5292783134294871,0.05560828041347737,3.447050574238981e-15
3719,0.49838889747048726,0.06371777646248607,-6.431037481194644e-16
3720,0.5086219993264943,0.08863912264697205,1.8390739391605496e-15
3721,0.12111011199112345,0.052417742761736455,3.2338414036912666e-15
3722,0.8528959206532254,0.044104845104857626,-6.619406045255312e-15
3723,0.03362136404997712,0.014550358530670271,-6.50852858597931e-16
3724,0.17579393209957225,0.035175865719715045,2.5241278951739555e-15
3725,0.2943867558805701,0.06819809587226627,2.676919351547271e-15
3726,0.07466309447465365,0.027058583509728416,-3.1746729620005456e-15
3727,0.08863102166305285,0.03228447760236021,1.1664946025856097e-15
3728,0.5409062417277751,0.05105805153896833,-4.909749493244479e-15
3729,0.05869025829098009,0.02157023566821088,3.801943539294264e-15
3730,0.2905918661221542,0.0701980494148139,-3.3838989449191416e-15
3731,0.7730779175562924,0.06119539485717498,2.663521356794782e-15
3732,0.4726951313697492,0.07759713958991492,-5.54680603832701e-15
3733,0.07328522462747387,0.023605802043345933,-4.059737253190633e-15
3734,0.09658532239966698,0.04470377183621142,9.080309889516172e-16
3735,0.13102880926322721,0.04468321298427082,4.421917641067372e-15
3736,0.05524695861602658,0.02670977858919193,6.208232449540418e-15
3737,0.10415345926376238,0.032363701158454675,3.3949070270941594e-15
3738,0.4010498080051537,0.04279653710371667,-4.1416460751639565e-15
3739,0.060399731251181005,0.024175968892523467,1.7139475314112923e-15
3740,0.12649664780884304,0.051658883403804735,1.0622799298892234e-15
3741,0.14711499960914723,0.054399393467494936,1.1677981912642302e-15
3742,0.8811452652349525,0.052471060063118,1.2374387953398696e-14
3743,0.14669626428222518,0.046407809354578444,-2.4730525665296705e-15
3744,0.31416820506289117,0.04001365273702214,1.0651767936194913e-15
3745,0.06809833497070343,0.027484513681888263,-4.653087366742746e-16
3746,0.09101028428678677,0.038945641223405554,1.565519476031693e-15
3747,0.0804544194075946,0.03836062465335027,3.0477179090215566e-15
3748,0.12244068968315942,0.03956762548001608,4.468050195971888e-16
3749,0.06662655258967816,0.04420713527846418,7.736798807612881e-16
3750,0.44607139412799446,0.05287438984967077,-3.5230208255652556e-15
3751,0.08454866317661412,0.03559737799171648,-3.077917713409599e-15
3752,0.3579773975952502,0.04206266964034599,-1.4815104278539252e-14
3753,0.12484307655133745,0.05421339504768927,2.125935870050324e-15
3754,0.583708589734294,0.05674539406020313,-1.4673918382485322e-14
3755,0.6213112277793947,0.058569852878087296,-2.4485016464156503e-15
3756,0.053172974311080486,0.02515018523252842,-2.7259487701820544e-16
3757,0.06833482974287777,0.02933390125966144,1.6070351543660941e-15
3758,0.08395573673900687,0.025012684876287467,-2.141307353219058e-15
3759,0.1360773964272301,0.053449580421695564,2.4168534101624738e-15
3760,0.06865431492151397,0.03326919228512463,3.702771220028376e-15
3761,0.13517657849578113,0.04159444841118201,-1.7593377649849268e-15
3762,0.16392433247269633,0.07598325677701792,-2.160336126847255e-15
3763,0.05762630215473362,0.021745734773176192,1.4570862455281042e-15
3764,0.09649649398127351,0.04553843430478355,1.7163193385904491e-15
3765,0.29375721080330963,0.04564168184847792,-2.7694560423310147e-15
3766,0.4049367099478515,0.06403285175970769,-1.6071799975526076e-15
3767,0.5542017678667498,0.06583068216404817,-1.0795162690843172e-15
3768,0.2051185304543003,0.04310246283633233,-7.665970489407832e-15
3769,0.0705042817780661,0.03545230357033104,-2.9328210513198077e-15
3770,0.06525174369296882,0.028382846798398458,1.5438111034529981e-15
3771,0.049656873315958805,0.023870062936028547,-1.486091093627411e-15
3772,0.11286849680084794,0.028084640194585175,-2.6950428552597593e-15
3773,0.08421148699760309,0.03467982209516073,-4.030352191726728e-16
3774,0.33376506573500136,0.05492841013922614,2.9867751382960467e-15
3775,0.12276164932399035,0.040721794435018235,-1.8201719033205516e-15
3776,0.11019656068697556,0.042078702189605674,6.490803401029733e-15
3777,0.1567846611475722,0.03312561460022129,-8.742372629982112e-16
3778,0.13990668274853074,0.043298798349244556,3.82588792856476e-15
3779,0.8646897597513516,0.0651175825941874,5.192392866327051e-15
3780,0.051327633201338534,0.02227450691417053,8.580510369053395e-16
3781,0.4502383403057904,0.041537259762920234,8.753235868970616e-15
3782,0.15357746587624535,0.04576413728536261,1.9844240768267392e-15
3783,0.04192367967507744,0.019840735496142476,-1.2023432912476744e-15
3784,0.06087606225609604,0.027118139642395123,3.932311459855475e-15
3785,0.057731676298034135,0.03750361645366018,-8.475714060436166e-16
3786,0.41419871487858323,0.06206457317886775,3.848048936101309e-15
3787,0.0759145991498141,0.029294056361647208,-5.73531944557419e-15
3788,0.6498177460825364,0.07177973074869996,2.986087133160108e-15
3789,0.3230376796774094,0.06570717782014901,3.570094861182108e-15
3790,0.08018484723381211,0.0296850471252935,2.072054204667342e-15
3791,0.17324007065181493,0.054558343431805864,1.454261803391093e-15
3792,0.12678837235940357,0.04042905932690953,2.047702443934778e-15
3793,0.08978517682338222,0.031729340358281524,-1.161859620617181e-15
3794,0.16472238237065145,0.05728243821807326,1.0356287835707591e-16
3795,0.05946123217402831,0.02914268377938584,1.8586096639415436e-15
3796,0.0519197785266306,0.02360682368537386,2.5987764524232954e-15
3797,0.18438572060097633,0.05923823695348767,4.333056346141405e-15
3798,0.5837216938067161,0.050880419593081136,-2.8031501885936927e-15
3799,0.8307467356923636,0.060638556604365235,-1.3689220084372334e-14
3800,0.21841164390148282,0.0389884878780528,9.540313744484393e-15
3801,0.13848941160261855,0.04963987690166898,1.7914205307976434e-15
3802,0.24633578196592365,0.046554327749290816,-8.550183826877153e-16
3803,0.547358847294825,0.066387043222607,-2.4953584172527326e-15
3804,0.11892611456715542,0.043038649508497694,4.274612120383251e-15
3805,0.08747477421382917,0.02491384136167842,-3.603770902046472e-15
3806,0.127245508566831,0.03673144403300813,2.6111605448701905e-16
3807,0.6922526432790788,0.06503104991285484,1.5093918359878373e-14
3808,0.13444356742974245,0.0448396656513313,3.5680308457742926e-15
3809,0.7304393863447803,0.08873195090432955,-1.889986319220007e-15
3810,0.14381171693882108,0.04539447681421634,-5.730575831215876e-15
3811,0.6989319103979305,0.062213743595533194,-1.593663412441161e-14
3812,0.4528187804861409,0.058683581916806477,4.00433473434926e-15
3813,0.62366775218893,0.09595534820390043,5.9180753361574634e-15
3814,0.6115949823504512,0.06242106052194757,-1.8205340112868354e-15
3815,0.2973533932165365,0.06596157032715233,-6.6406979936727806e-15
3816,0.6622499947380989,0.07794127490575146,-3.2677347093354004e-15
3817,0.07071993959683823,0.033943189513648414,-1.371375289908804e-15
3818,0.10446651026440158,0.03651024050596755,3.9834411046947034e-15
3819,0.07456241926661258,0.03691861304724501,-2.1437515819914714e-15
3820,0.47234785963135195,0.04416321329525412,-5.411314290042887e-15
3821,0.3136496703416138,0.05884426889036795,4.3083605828408715e-15
3822,0.17718734703856276,0.04459719932056366,-3.5879829947165124e-15
3823,0.8035812727389349,0.09797217378468757,-1.1169005218409029e-14
3824,0.6746841835823187,0.09122670584050703,-8.110693388198891e-15
3825,0.08539530602393457,0.03253188163970627,1.7454690298762695e-15
3826,0.3006503667029552,0.0651575482793703,8.697543663756217e-15
3827,0.06206913690159126,0.017691132958028738,-1.7480399964368822e-15
3828,0.06290110777082869,0.02889877612859413,-1.3572530792237482e-15
3829,0.1269961212657069,0.04553955157496413,4.1621594914539155e-15
3830,0.03335196759509641,0.016256246759052382,-4.847810925611689e-15
3831,0.4708180827509213,0.09069077271503058,-4.760588169233155e-15
3832,0.17689294479635428,0.0487174288281866,-1.639045498585554e-15
3833,0.06889956288600957,0.028838973485379445,-3.4020043432333154e-16
3834,0.08308779673181424,0.038932285366966385,-5.801693835793953e-16
3835,0.09707299261994194,0.03322083012478327,-3.5088261932869427e-16
3836,0.3740834068990739,0.06663575076681821,-3.805338301478172e-15
3837,0.386798213179838,0.041990713901145366,-5.226811228522296e-15
3838,0.22241611786767945,0.03862168210089489,3.2453564370190814e-15
3839,0.06853761224026966,0.02996813070039819,4.580665773486051e-16
3840,0.09694110226884976,0.02576845187515053,5.2595095778776946e-15
3841,0.2269324802690405,0.07104899857923008,6.224346254040033e-15
3842,0.13552579303258108,0.0494189135316129,-8.787636125767547e-16
3843,0.11130349654941696,0.048156982384145335,4.079979088505879e-15
3844,0.05601126652117134,0.03189885277046422,-1.2494897484577838e-15
3845,0.10711656837283237,0.03437410005976103,-1.2682469411112682e-15
3846,0.2579845615714009,0.06860698576414558,4.385476000610518e-15
3847,0.8752816544376347,0.046089902650274295,-2.15790276131383e-14
3848,0.044986707047308255,0.02038152847312634,-4.874625020514981e-15
3849,0.23940073977705598,0.04274027031004244,-4.881903390637279e-15
3850,0.09020649506605709,0.03255667334917255,1.2004603298230002e-15
3851,0.06441197777824413,0.02746380662992226,-2.880930979751385e-15
3852,0.0469013522449107,0.02275222732709717,-6.243139657490146e-15
3853,0.21965736059315272,0.06244289603415419,2.1866975867926926e-15
3854,0.07488378449325943,0.03185051852422775,1.2113959904047614e-15
3855,0.11409051013207723,0.03700013119551053,-8.792977218270228e-16
3856,0.13944489179730465,0.03896391001355238,-2.7023393307803714e-15
3857,0.06417090696669935,0.0214815018601801,-3.561512902381189e-15
3858,0.8501397916868026,0.067831822393592,-1.1915379895337753e-14
3859,0.6093287583585859,0.050678459113421115,-1.389328602877139e-14
3860,0.26287011584333564,0.04208999157280048,1.8358873890572548e-17
3861,0.10483866588323275,0.0288994611168182,-1.7793985463170317e-16
3862,0.06936253622163935,0.026999167558747955,6.933643338396118e-16
3863,0.08454505338454103,0.031746432617308105,-4.765505482256546e-15
3864,0.036767287052711664,0.014522901419259627,2.069664292089871e-15
3865,0.06427007188772448,0.028386797765852817,4.575234153991799e-16
3866,0.043097645319640845,0.023066070395308915,2.1688456640549168e-15
3867,0.08603848059766217,0.028030538163326523,3.696506752211672e-15
3868,0.21937924913984716,0.042435038586721624,4.106738867214229e-15
3869,0.07050358034168959,0.023522463566121254,6.372013882690437e-16
3870,0.8283053056705829,0.06216197685826523,-2.6882171200953154e-14
3871,0.1646158426675375,0.037830177847749176,3.2883386526169304e-15
3872,0.08908122345540313,0.03940967310824192,-9.830507068663975e-16
3873,0.07815145731732247,0.019588750073405038,4.22333763235751e-15
3874,0.06531343789168868,0.025756307250304852,1.7626691582747348e-15
3875,0.05955265617727865,0.02397184268808363,-2.7404692996300217e-15
3876,0.1119860544354059,0.03466487520821377,1.8770228540270586e-15
3877,0.059406991578130355,0.01906031221055405,1.4263432791906366e-15
3878,0.5954351236143545,0.05242775582595048,5.056729116758944e-15
3879,0.0776261321156216,0.02934062306284923,-6.235209493028537e-15
3880,0.26931067925521274,0.05828650102275895,1.3058337480114937e-15
3881,0.2810295075434129,0.050769317780522565,4.816398059536597e-15
3882,0.21189405153867852,0.0593867911895243,2.7638614742519347e-15
3883,0.3685094999120446,0.07041998247510572,8.486434719412947e-15
3884,0.7511253753682798,0.06357895477945369,-3.599407501052756e-15
3885,0.12307854706121393,0.04403781097177578,8.416837568293262e-16
3886,0.06691797494718417,0.025088936435720827,-3.980707189549263e-15
3887,0.04404938433115611,0.02056068599840621,4.882663817366474e-15
3888,0.03958545891697925,0.032203600726855144,2.6781505186326346e-16
3889,0.13795844043472857,0.03928052045450358,5.021713276419331e-16
3890,0.16265785152894996,0.03946971984872223,-4.250568151422028e-15
3891,0.05387693241993072,0.026338801993625673,2.4171430965355007e-15
3892,0.5300284512034672,0.0605278181793963,-3.84297942457334e-15
3893,0.3914654125799586,0.04147598048981117,1.8005818623446155e-15
3894,0.19048707418368468,0.03782614791338031,2.259119180049389e-15
3895,0.07786331096205598,0.031975123028785836,-2.5897237532662083e-15
3896,0.5570965942707305,0.0711104015610695,-5.08356131706055e-15
3897,0.06138341089926393,0.020012415690424393,2.0586562099148532e-15
3898,0.0945330493530869,0.04024179413241223,4.156420080188322e-15
3899,0.7459788160328403,0.0645666264190962,1.6299203778352103e-14
3900,0.0852263246039684,0.031556710795841075,-5.868321701590113e-16
3901,0.06240488622100711,0.02915534038829613,1.947977910020307e-15
3902,0.06657738807954151,0.01905420919160593,7.448922974417513e-15
3903,0.16596506931601848,0.03800728039358815,6.68756869717966e-15
3904,0.03953083982050049,0.016744672748530587,1.898423434834412e-15
3905,0.10689244538633956,0.031863422940454876,-3.8792626427949454e-15
3906,0.883700754193886,0.06253452709277967,2.3436596216676778e-14
3907,0.06244450687048998,0.026896112354864877,-1.0779954156259266e-15
3908,0.035542258998894585,0.020074414774458243,1.2968896812442917e-15
3909,0.13721963162369974,0.04062154248657353,3.82545339900522e-15
3910,0.0532662291340377,0.0261897391571554,-3.817885342509895e-15
3911,0.40304730032946734,0.04909548548914615,3.9868087087811395e-16
3912,0.07899574007283701,0.023741681787457256,-3.3944000759413625e-16
3913,0.3089032962557905,0.06225779523007675,5.588185926174054e-15
3914,0.24526028717669368,0.05326528175561961,-3.581474104022567e-15
3915,0.5365053675278537,0.05102427854313584,-2.2107107765767816e-14
3916,0.03035406520447669,0.0110965963483967,4.452325657536027e-15
3917,0.5501889926168543,0.044547953665825785,-5.0010731223411736e-15
3918,0.03861617866264521,0.01432313618118004,-3.0432277702396413e-15
3919,0.5833654469068814,0.05560273146291172,-2.0458086192711152e-14
3920,0.49376113934568633,0.060595709501062335,5.168389634512035e-15
3921,0.0961904780907932,0.030778452970474948,-4.436829699753883e-15
3922,0.22207141881622244,0.0725160151985065,-7.435524979665024e-16
3923,0.16733030721912243,0.05379472499706135,-3.2292788433160945e-15
3924,0.06425179457861153,0.016201187874310016,2.4388695745125094e-15
3925,0.06358327408100037,0.02484414536556766,9.639314062466298e-16
3926,0.14933842550900003,0.03616010081293148,-4.900044999748082e-16
3927,0.3594028042299486,0.0651882753222545,-1.6451289124191165e-15
3928,0.16013964440245007,0.05869907479071437,1.2007138053993987e-15
3929,0.09509653355052469,0.0413185320943808,2.3083658634639427e-15
3930,0.08334442308927213,0.024369037451004848,6.54600676048965e-16
3931,0.5403351208543063,0.07900906064871704,2.4109872611086815e-15
3932,0.17844294495955093,0.036548669871625944,-6.548939835016547e-15
3933,0.04671788600206198,0.017713955790947488,2.355512320674052e-15
3934,0.07394093011354323,0.03323833808870218,-2.025885438966198e-15
3935,0.7284799856498515,0.06381108523965462,9.195949068548802e-15
3936,0.2700498590151302,0.05027379627771754,-3.426265576974309e-15
3937,0.49138546961358076,0.04975302885082378,4.147113905454837e-15
3938,0.08367013719673776,0.027539368877314716,3.0472109578687596e-15
3939,0.05371729916421219,0.018009997235627195,-2.2973034650939824e-15
3940,0.08152945896686219,0.040057477192144135,7.920749654484891e-16
3941,0.6339202002232989,0.07424572725194332,-1.2221143862067525e-15
3942,0.10581579962687024,0.035557133631579085,-2.3185773081131366e-16
3943,0.05962418629547688,0.02590144670656989,3.0725901999556535e-15
3944,0.36735932976541036,0.06733788041162021,-1.1653720678901308e-15
3945,0.08267791459547556,0.03030242318427314,4.3525377547274564e-16
3946,0.4314690437438804,0.07835406136526195,-2.6051495526298846e-15
3947,0.1402975015173715,0.03316640415090494,5.215803146347278e-16
3948,0.5228804735295819,0.06542768671023977,5.801766257387209e-15
3949,0.12337330621792113,0.047759684214371594,2.4999933992211615e-16
3950,0.347698357629137,0.06547518877295534,1.5394658078575965e-15
3951,0.04628173577658502,0.02145437861565864,-7.661480350625917e-16
3952,0.13461628746495005,0.037716735008701076,1.2878007712905762e-15
3953,0.09786157497788617,0.03202294281429915,5.381675753002584e-15
3954,0.459800504926807,0.051322486089121,5.28460365994114e-15
3955,0.7295158338283876,0.04468985454813985,-3.148470829560273e-14
3956,0.13455499600624427,0.04942978362007443,-3.401443075885576e-15
3957,0.11143985031566647,0.04744994131155028,-3.663953246042787e-15
3958,0.1028558296436147,0.037585444781218,-1.9845327092166243e-15
3959,0.8000916579186489,0.056104244517843106,-1.8576174881139266e-14
3960,0.6668941098439636,0.06265484696352953,-6.616436759931788e-15
3961,0.05751563243997939,0.029243802951133588,-1.4056307035192213e-15
3962,0.24170799520553984,0.04280995166430649,-6.998967615513658e-15
3963,0.3302668584360024,0.058866045291664684,-1.1035493748065519e-14
3964,0.12578686814322038,0.03471410016673931,-1.316479722220228e-15
3965,0.05775985403563318,0.025562276700498408,-3.4867738181402787e-15
3966,0.4547948431182967,0.07404344943166848,3.0902293842632373e-15
3967,0.0504352217059044,0.026634897269563973,-3.0595950503156548e-15
3968,0.09137817301025956,0.03565436657686155,-3.504480897691541e-16
3969,0.8637820461592776,0.05122259855065012,-1.6602887887450535e-15
3970,0.7775798929749829,0.0619613738009593,-1.365905649078092e-14
3971,0.5878027156796879,0.10565714764519135,4.786668995504723e-15
3972,0.10800230169287427,0.05300611146289083,-2.5997541439322606e-16
3973,0.05110977491128908,0.022717659777030146,2.088059376777072e-15
3974,0.4836520225959561,0.060211563464439836,-6.098658578943036e-15
3975,0.031931990509384625,0.015885235757304078,2.4712510793974097e-16
3976,0.10200442248256773,0.04500561552139267,-4.417717188658483e-18
3977,0.08977186798548165,0.026409680894188745,-6.2373097192329815e-15
3978,0.11749572018642337,0.037490750907869984,-1.3859682409500282e-15
3979,0.04427046329303172,0.02279440336179495,-2.906857910137282e-15
3980,0.0812024546083184,0.031747251106384045,3.500859818028706e-16
3981,0.23721420928316012,0.05583341577641927,9.28607774135676e-16
3982,0.5421792900207608,0.07921333747217574,9.400250383125942e-15
3983,0.14349339932913796,0.03952085691143165,-2.0932013098982972e-15
3984,0.12579261503001482,0.04134920848547717,7.458699889507167e-16
3985,0.6486808890511885,0.04418514263794102,-4.826319817812765e-15
3986,0.3447997876427777,0.07425313944116278,5.279534148413171e-16
3987,0.1823986450846808,0.04967318619543199,-4.2429095679351325e-16
3988,0.09344533910984051,0.034570356569047084,-1.1848172656795539e-15
3989,0.2559658237868169,0.04256216820236948,-4.606665125465204e-15
3990,0.07541384509274988,0.03197692316222412,-8.18689900970325e-16
3991,0.04079950706334131,0.01973387298131635,-8.23637201059673e-16
3992,0.10670197892981785,0.04041573048305512,7.133418303394715e-15
3993,0.27548522153475924,0.06352802003254594,-9.254031186340673e-16
3994,0.16615818654024647,0.04422250764437193,-3.944116179556317e-15
3995,0.17893142922175084,0.04740369030051713,1.5241124300871768e-16
3996,0.039481902532600546,0.013853827752940513,3.6935012560915186e-17
3997,0.053359631880890296,0.027682487975058442,2.4453150963123556e-16
3998,0.07319675603476741,0.03472237453339295,1.3644228169561611e-15
3999,0.6770103193300597,0.09137480392379693,-7.091812098068743e-15
4000,0.6418876037164749,0.12243064689971526,-2.727252358860675e-15
4001,0.35478374203840585,0.07355358477445635,6.188569986971225e-15
4002,0.17501073122413452,0.050131362719313885,-1.9595110487464357e-15
4003,0.09124985840064025,0.03979146939416944,3.0144073708856603e-17
4004,0.13778288914385547,0.056013598604243944,7.145838606638239e-16
4005,0.15246455922950694,0.039934602403368304,-2.465955250390514e-15
4006,0.2563979470111981,0.05702898396965948,2.2025126522201235e-15
4007,0.11210652485494499,0.03122540244135426,-3.2994553671818333e-15
4008,0.5782436274371778,0.08724235880945175,5.393236049826184e-16
4009,0.049863127301882165,0.021389584137246866,-1.871156704973266e-15
4010,0.10288088387574344,0.035143669293064755,5.819799234108126e-16
4011,0.04579379101251413,0.01914957846087169,-8.549369083953015e-16
4012,0.19339320010320346,0.05710001870906365,4.540689054008354e-15
4013,0.5733122632531185,0.07021157681160242,1.2429138677900758e-14
4014,0.06063419284108123,0.02652399494025185,6.756934650849779e-17
4015,0.5707997135800575,0.03727012226421091,-7.811755156633563e-15
4016,0.08789045946276713,0.03688913608510627,1.2170991908737263e-15
4017,0.16320445636283493,0.05272750583403991,-2.6282520408787706e-15
4018,0.0944351049663677,0.028135454529604576,-3.649975878544244e-15
4019,0.13255179650316684,0.033654412236003226,-2.3451017166434017e-16
4020,0.6101631805241344,0.05223157808234784,-6.629617489904506e-15
4021,0.056261628982517894,0.03168825861709481,-3.0797282532410167e-16
4022,0.07803850198492873,0.02596796137337315,-7.27909433823056e-15
4023,0.17183855896164682,0.04517572688348518,-1.3340238531866628e-15
4024,0.07088929038763273,0.03201922534479009,1.8684771060227682e-17
4025,0.1398312327762268,0.04324840917392589,1.4004163488047391e-15
4026,0.07921081415109907,0.028677989054477673,3.3229561741936313e-15
4027,0.04859312921641108,0.02215139472739904,-3.0202701251772685e-15
4028,0.30685218873606074,0.06394240420647768,-2.3485598477214093e-15
4029,0.18328979061783932,0.041572038042175935,-3.348919315376157e-15
4030,0.18881051071737973,0.04906937178097968,-7.842425701377774e-15
4031,0.08839838593066479,0.031347673175270915,-3.308327012355779e-15
4032,0.807946885267192,0.060600672117401735,-3.693283991311749e-15
4033,0.6534024298888486,0.06091902863695676,8.004758702662659e-15
4034,0.18362372707734145,0.04839312231972422,-2.0227350996595317e-16
4035,0.5040125876504514,0.08898250678261993,6.161411889499964e-15
4036,0.9614521963571064,0.03549656290499937,-1.2412300657468575e-14
4037,0.7738328523440885,0.05070399856813889,9.328516795005184e-15
4038,0.08613415545975954,0.0336167667160709,2.4028217264689887e-15
4039,0.045634794993423544,0.020327477693813066,4.4788048025705065e-15
4040,0.15115258761516245,0.03382129149330816,2.8537728822801237e-15
4041,0.15056263583554477,0.04111304127027774,-3.5055853269887056e-15
4042,0.21277161656954427,0.04232318591553094,-4.4191656205236174e-16
4043,0.08558197866133832,0.04604413262570895,-2.3009788609517595e-15
4044,0.12245779942478663,0.045699660372318665,-5.812158756019545e-15
4045,0.04177908378380468,0.02161826816260492,4.275115110980167e-15
4046,0.5395375386759476,0.052781956561813115,3.814879846389742e-15
4047,0.45155462567132437,0.06947793581549941,2.195152807805412e-15
4048,0.031434133062684035,0.011442068376209742,-3.032364531251137e-15
4049,0.3527721831221894,0.0475796803021684,-9.883954204487417e-15
4050,0.1079534002689338,0.04660917410492968,-5.882081804308885e-16
4051,0.12276789703185603,0.027225008564245496,-6.245936941529685e-15
4052,0.10334691937734777,0.02693561328003587,5.252013942975626e-16
4053,0.15375016633350286,0.04609890354981285,1.304312894553103e-16
4054,0.18428144596244503,0.04645388917822155,1.0072033082175057e-15
4055,0.09355962221793837,0.03276577611825479,-1.662437673207467e-15
4056,0.06067895313364337,0.022292510764425632,2.7887745023322386e-15
4057,0.6498300509200703,0.05859201226984513,-9.646194113825683e-16
4058,0.360613971302206,0.05444194084700164,4.084541648881051e-15
4059,0.1226767412583088,0.032010545968397634,-3.078750561732051e-15
4060,0.7367578947972552,0.06963363609063176,-2.891441163472763e-14
4061,0.259646806779224,0.06352440280498228,-3.365150804964814e-15
4062,0.7822363887262976,0.089250868959156,9.244616379217302e-15
4063,0.05494708792452051,0.020646539978671406,2.6033571181967814e-15
4064,0.11187215123758412,0.03034972515250977,5.2216964534985416e-15
4065,0.9606615411346774,0.026569755821613302,-5.3658606875751535e-15
4066,0.042855734412752214,0.022494988258577542,-1.0381635393347436e-16
4067,0.08244326832133651,0.024441093410533136,5.5390207170519145e-15
4068,0.03392804143119067,0.016140145755432694,5.782864221547211e-17
4069,0.6017095643096011,0.07100386212951065,1.1836585201874468e-15
4070,0.7030220022257205,0.060974070190126996,8.602671376589945e-15
4071,0.25911561484385776,0.061992265563083716,-1.3911101740712537e-15
4072,0.10456948530602989,0.03749638100441166,-7.953773901009945e-15
4073,0.07392670961118485,0.030467207799703907,-1.1582023301577179e-15
4074,0.10112183348381944,0.02468557809868287,5.944943747255698e-15
4075,0.1087663926551281,0.04203207744416113,-3.2397799743383154e-16
4076,0.161624563666892,0.06202649585619982,1.044971169100873e-15
4077,0.4276440062187229,0.04941888396154126,3.718749234040635e-15
4078,0.05102495004247111,0.027949692888254683,-2.0312536895663507e-15
4079,0.12984241546095204,0.026531883007237807,-7.34420135056833e-15
4080,0.13119291417380594,0.04277479679227894,5.980575171137993e-16
4081,0.7121617204078006,0.0629926611755705,2.1558387459060143e-14
4082,0.4606314060735401,0.05688992680002802,3.618327642291068e-15
4083,0.07111652041902596,0.02472701138938539,-1.6664208608365852e-16
4084,0.09175761055962055,0.04478248589573532,-2.945458619343101e-15
4085,0.6530918365494303,0.03872555158045639,1.0063342490984255e-14
4086,0.8758017700085546,0.04355161882047171,-1.7324621117273668e-14
4087,0.24703485326177385,0.04426291078664196,1.7548910791589656e-14
4088,0.6175644970645493,0.04673562536949466,-1.7910004855567544e-14
4089,0.06314063479751854,0.02939319098448436,-2.5188230134679024e-15
4090,0.8215654508153768,0.041122979646711494,9.274743762012087e-15
4091,0.12731454265070485,0.03712429473191099,3.2280114654341024e-16
4092,0.2244331298787006,0.0711216308338418,1.210629905738593e-15
4093,0.12324688206939087,0.046631493328495935,-2.9406787941881593e-15
4094,0.4406291749930078,0.06188549991622052,2.170221674326794e-15
4095,0.2211772154909144,0.07422651206497581,-6.3110349011682985e-15
4096,0.25027850279983266,0.0552628092697696,6.594927546734549e-15
4097,0.8886088276379462,0.05295115894449312,-8.689866974871007e-16
4098,0.2319268974168373,0.04161963348069267,-3.770775096096414e-15
4099,0.05241885753870536,0.0276615496342426,1.617667549526093e-15
4100,0.7409930248030847,0.05860886850331781,-2.374037764229115e-14
4101,0.08852669902688931,0.03916061560323248,-2.124559859778447e-15
4102,0.7406005989425002,0.04909113567952187,-8.543032194543055e-15
4103,0.09380806487270528,0.02245152477416952,-1.648098197742641e-15
4104,0.17629685669953282,0.039243372562290144,-1.2842036812805077e-14
4105,0.04949469956713629,0.02579450743470932,2.803729561339746e-15
4106,0.31800431582251626,0.09040197468481777,5.052130345587144e-16
4107,0.9418268138437126,0.029802438859924545,-9.580435307148603e-15
4108,0.6242260957539831,0.04876586469841052,1.9988812373806073e-14
4109,0.05339887735325133,0.026843742938958737,9.058854992513876e-16
4110,0.352549804113351,0.06652289166308428,8.828192217991297e-15
4111,0.11424316328431106,0.042540914939085364,1.250689231096098e-15
4112,0.2974476111164237,0.0386054863969278,-6.2680164747738204e-15
4113,0.747534922376814,0.05670046452281759,7.81530381470314e-15
4114,0.4008260929013628,0.03984824617503812,6.6468538290996e-16
4115,0.6905670543408062,0.046036326002082364,-8.339599939084994e-15
4116,0.3486407529994219,0.034620618132580945,1.1527127733888603e-14
4117,0.25271685890209644,0.057830846522083645,-3.768095497145916e-15
4118,0.6265121566588453,0.12649771656262024,-2.4924977643190933e-15
4119,0.17908728600535578,0.04086521424071871,5.631394459250831e-15
4120,0.23985632411403499,0.04446717250561841,3.842400051827287e-15
4121,0.14060361906525942,0.04740273824528736,-3.3770188935597553e-15
4122,0.07593561723190713,0.02894975568021681,-2.2693306246985834e-15
4123,0.10435795348416996,0.037457988516846646,-5.137732668816559e-15
4124,0.8961185817135879,0.04687192274986042,2.338361076851035e-14
4125,0.4887921044820691,0.08322629553749755,-2.8658310775573637e-15
4126,0.3584389631626575,0.0524065484884269,7.855570220553864e-16
4127,0.2359007299666357,0.0612424907955943,1.827269219459708e-15
4128,0.6993514769692075,0.05579429291226782,-9.954757061976087e-15
4129,0.3315622650121302,0.05698185872129776,5.0025577650029355e-15
4130,0.0779150704292305,0.028809957201336646,1.95300215805249e-15
4131,0.15666062005866183,0.033909385531618125,2.10739594217661e-15
4132,0.08011812548139914,0.03001278408311738,1.4419682379357687e-15
4133,0.17112708469189053,0.035934395143516845,3.625642223209994e-15
4134,0.4787666270052045,0.09025411058726887,-4.100257134617754e-15
4135,0.0369378830531179,0.02392965706423742,-4.615428138249265e-16
4136,0.2045655699573864,0.05303599051717624,3.927567845497162e-15
4137,0.9479757014060846,0.030342784136663824,3.5183423906408725e-14
4138,0.05162462657723719,0.03123297496613009,-1.9137406018082036e-16
4139,0.06992686822983432,0.023188503111405617,-1.6908993593573486e-15
4140,0.15721760742074886,0.04518453563194865,1.628870264732988e-15
4141,0.19191702766821253,0.0603832087522239,-8.120271143907089e-16
4142,0.07999643596367008,0.025539541260078243,-2.12570049987224e-15
4143,0.18975152006088464,0.04946183146527668,-2.144828853191165e-15
4144,0.18877881907105104,0.044449948072062234,4.2364821515336e-15
4145,0.18560626901400368,0.056713361062746354,-1.8180354663194794e-15
4146,0.3913098270252971,0.0668747265916182,-1.8486335894704337e-15
4147,0.09097895983925265,0.03803146956154842,-2.3432911768119846e-16
4148,0.19842986806092672,0.053620116575324624,2.0077438298553957e-15
4149,0.3927885649726071,0.0326399872055963,-1.0996494720096789e-14
4150,0.262018959792335,0.04806252423590566,-1.0896552921402547e-15
4151,0.37889239338667796,0.04426736548476763,-5.295810901497613e-15
4152,0.10334104472725639,0.034366788237661296,-2.2778039511096166e-15
4153,0.18065445048724954,0.03664615909134668,-9.672084833414952e-16
4154,0.4581959433519504,0.08010652310672296,-1.2158499183900483e-14
4155,0.24607091338101258,0.045249935126111994,-1.0007939972142883e-15
4156,0.10200438185283317,0.03862163689399219,3.0233480428906783e-15
4157,0.10131302760875825,0.03579792443122995,4.6273777011366195e-15
4158,0.2541857244672974,0.07302778305121047,-6.211744896813367e-15
4159,0.4800702437198131,0.07140011646769508,1.5342659374617657e-14
4160,0.14801415185125913,0.037176639391418166,-2.9266290050963603e-15
4161,0.029900818014529654,0.019760134368113413,-1.462481654225728e-15
4162,0.08618742119040396,0.03202916109146997,2.631818804346663e-15
4163,0.3035055110142853,0.035174544713072076,1.0272785738682621e-14
4164,0.6351538879311311,0.061742459691639585,5.268851963407808e-15
4165,0.13765638463427313,0.04055700804754544,-2.643677840242447e-15
4166,0.23482668889756986,0.04754399512089985,9.26609843431707e-15
4167,0.6335061363084604,0.03959343252257363,8.628670728569098e-15
4168,0.9448530365863309,0.03458433189609529,-1.3304281210814677e-14
4169,0.8717242000989266,0.04088339696009304,6.274472859812656e-14
4170,0.1105709526616616,0.03481616715819083,1.5274907842538622e-15
4171,0.18231745581231878,0.04554913677081092,9.288069335171319e-15
4172,0.25384012122443306,0.04953515309875262,-6.212613955932448e-15
4173,0.034712468566793483,0.01690609747038099,1.7502488550312115e-15
4174,0.19523523574765708,0.05336911193714316,6.288018413561404e-15
4175,0.019886423688510502,0.012352261997821554,-5.350416782813162e-16
4176,0.4691750351623663,0.07583359474187479,2.916852090006706e-15
4177,0.07390276899037387,0.026065597890511563,-8.464635819842681e-16
4178,0.11852146404936367,0.04108770264958458,2.3347635342060086e-15
4179,0.6414778809718031,0.05595055646599509,-2.0961588267129177e-14
4180,0.8881640323053348,0.07266910578177527,9.728139146595635e-15
4181,0.48279030793431255,0.04315168054390799,1.957682856151662e-14
4182,0.053683910148994686,0.01955833891484392,4.378392263520097e-15
4183,0.07743629696200793,0.024375522262489558,-3.3388165031168477e-16
4184,0.9051114081658992,0.047169016161266224,-4.21609547303184e-15
4185,0.23719835939656211,0.0707343648970482,-1.5447141101939176e-15
4186,0.030862392168032122,0.027577365632095396,-3.0807783663432387e-15
4187,0.0840013627742291,0.05412821869533316,-5.472809275416979e-16
4188,0.19220188870582808,0.056831004547695595,2.7158097471261166e-17
4189,0.49974250653680274,0.13968583060149894,-7.73726954796905e-15
4190,0.027817278599036065,0.023202205752375454,2.223560177760351e-15
4191,0.20800099792212523,0.07736008725882529,-5.693640818654961e-15
4192,0.04488261534702794,0.019984767954348885,-3.2592975937209953e-15
4193,0.05494148962477785,0.03231995376172116,3.881326658202761e-15
4194,0.05990886734962498,0.02830197097119615,-9.353972985034913e-16
4195,0.15116198893745253,0.11838589990164662,-3.6572904594631705e-16
4196,0.07590901732582453,0.029652730900680765,1.804311574397335e-15
4197,0.10506156491624112,0.08167722950472978,-1.021977313241872e-15
4198,0.11361466191020926,0.0380401623934498,-2.712912883395849e-15
4199,0.07314854410650874,0.04886843449347652,2.020055500709034e-15
4200,0.08828328881055589,0.03356009111059466,-2.158344533032696e-15
4201,0.030634455258132232,0.012644525653571112,5.695596201672892e-15
4202,0.1661799112839107,0.059513678561943346,-5.614846125191676e-15
4203,0.14388150577506792,0.036976603209468606,8.031337427387866e-15
4204,0.05361838836443222,0.01644211761444357,-2.395344196965235e-15
4205,0.18275790204965747,0.06524869004386147,-3.22565776365326e-16
4206,0.07685596364453937,0.026692653179529163,2.2646956427301548e-15
4207,0.12598619235622763,0.041361503770876044,-7.826601583251185e-16
4208,0.08385665664902982,0.04052730968713463,-7.533565711536277e-16
4209,0.10262415737376854,0.06659649861816483,2.63900664747739e-15
4210,0.1979386144237354,0.05557150004616999,-1.3801564080911785e-15
4211,0.12349664818572256,0.0630534162072103,1.3142346528292704e-15
4212,0.03745339711711589,0.01264940131807882,3.7880838568847645e-15
4213,0.04670486167296372,0.02784124102516018,4.289530968594131e-16
4214,0.18673277961424176,0.06078625864778323,8.176325457087772e-15
4215,0.21344599039049517,0.07387903031461604,2.913810383089925e-15
4216,0.46819119696220474,0.07113164298718468,3.1832187100048356e-15
4217,0.4698393541420154,0.026739667259234757,2.5721868644590992e-14
4218,0.08286966818421622,0.046455058375051136,-3.429596970264117e-15
4219,0.11741486854151238,0.05228805466913723,1.111309348524007e-15
4220,0.09620947862320277,0.05560096647124082,1.6403490872641745e-15
4221,0.1457506637948048,0.07225133497953991,5.848586817427663e-15
4222,0.16826219827798627,0.0682269382054909,-2.4934754558280587e-15
4223,0.03378282153963349,0.01719619784536036,-4.2518717401006484e-16
4224,0.09012573982032493,0.04337033526601109,-8.499398184605895e-16
4225,0.5576997228876412,0.1036940511822099,-8.350970129226296e-15
4226,0.20573254056644452,0.07916888803710354,6.7604108873261e-15
4227,0.6208758059431831,0.051548478063337996,-6.4914370899707295e-15
4228,0.23747794466310834,0.09118152755946052,1.3493591255587682e-15
4229,0.036340406913210124,0.026743043158915826,2.0543471251160798e-15
4230,0.26594545045887924,0.05403459045327648,-1.7254806701374212e-15
4231,0.042639759191102744,0.03638332233498494,-9.537923831906921e-16
4232,0.06948889828227096,0.037464255205036524,2.10279717100481e-15
4233,0.3562691048953859,0.06334453657971785,2.6492361975248987e-15
4234,0.7662292060315954,0.05608044771113407,-5.096090252693959e-15
4235,0.04550359411136345,0.04797357657853409,-9.704493496397323e-18
4236,0.15256275042496042,0.056273328805873754,-2.2469885631788922e-15
4237,0.25191486915612776,0.1021448024072157,2.441078433106839e-15
4238,0.21776255417131926,0.05514750140623456,4.204870126077052e-15
4239,0.5106241447400341,0.15922745786475528,3.1353480368621593e-15
4240,0.1258173707713084,0.059685820506179946,-3.9986677446769236e-16
4241,0.05251675308318632,0.03848897336055953,2.070098821649411e-15
4242,0.6512864088747417,0.043080588198784756,-1.597634831561375e-14
4243,0.18598769483978767,0.08467982209188542,4.597069264358692e-15
4244,0.054590092926028136,0.031275394180975635,3.683326022238953e-15
4245,0.12761753809886917,0.04883836876672643,-2.576180915327206e-15
4246,0.7095228326704375,0.06351643370860267,-1.8797169372962077e-14
4247,0.04430405018460245,0.02120763571141651,-1.4991269804136164e-17
4248,0.05935258020325447,0.028737299089024216,3.3884615052943133e-15
4249,0.14794875546959838,0.052107722244174724,4.905223143665935e-15
4250,0.060930665448117025,0.04173336394399185,5.706097332695113e-16
4251,0.07701030959690253,0.03337098060899836,1.0439572667952792e-15
4252,0.13407801122353655,0.05542134553011903,-1.002025164299652e-15
4253,0.10792074917658626,0.03814779320557728,2.1977056689677104e-15
4254,0.3190342948633724,0.051026236045034576,-1.3781992145334161e-14
4255,0.48424593353695067,0.058560231249365095,4.676588173754545e-15
4256,0.07819735381118319,0.040344149360988436,2.3476545778057003e-15
4257,0.5887817360661128,0.04749385447710372,-1.2085715482677503e-15
4258,0.07659231086870508,0.037207728731042465,-1.0633300429914456e-16
4259,0.21166511351883074,0.049027483258737965,-7.279818554163126e-15
4260,0.41073759000045795,0.08570988760188175,1.6050797713481634e-15
4261,0.19006894339813676,0.04791206065613678,2.6331042876269693e-15
4262,0.09350993868192707,0.03159409194097092,5.918654708903517e-16
4263,0.03800462511336755,0.02268184768227882,-1.6200710411522995e-15
4264,0.1101437859744833,0.04797133376290627,9.976074471109936e-17
4265,0.08981627040007462,0.0431895671690951,-7.075589661179243e-16
4266,0.1797857281661395,0.04117376618112564,-8.830002757822715e-16
4267,0.05531558588685029,0.026996308405745063,1.566836643759049e-15
4268,0.032156333346894626,0.015820641903149312,-2.6989355158973065e-15
4269,0.039592609883285015,0.019423052641819663,2.951288557600265e-15
4270,0.06204926862117372,0.042980810789708945,-1.0153688428571984e-15
4271,0.054604121129901526,0.0491195927873559,-6.882167427814132e-16
4272,0.9666299735963183,0.01889892936687281,-7.626095160160695e-14
4273,0.08598804124425226,0.030914593104375974,2.5552510748760207e-15
4274,0.2058998095628797,0.04670351783996759,8.927409800752971e-15
4275,0.10395353932615799,0.04353576889883906,-1.5630028256660227e-15
4276,0.3897061034009219,0.08752502483224686,-2.6564421460539397e-15
4277,0.1786571403316253,0.06110478776106928,1.1453769186269149e-15
4278,0.07833949165213575,0.04991048639987518,9.09687632897364e-16
4279,0.0677077049616379,0.03314985636407374,5.856734246669042e-16
4280,0.14501661269626165,0.05273567134844744,6.950589991218185e-15
4281,0.05245330693242711,0.034921910208546104,-8.222747698365314e-16
4282,0.025042039742217276,0.013371306987574282,-2.393714711116959e-15
4283,0.032837414187410985,0.01905921880942198,2.949586650158733e-15
4284,0.09398859809149968,0.03327668092987407,1.6260096117993486e-15
4285,0.10973486682355432,0.043768499653822734,-1.8467506280457593e-18
4286,0.03885942754451477,0.020220895569706,9.305450517552926e-16
4287,0.07819210906181424,0.04882893455717598,2.4625514355074493e-15
4288,0.05059357698778484,0.026179088415292925,1.4824338031679479e-15
4289,0.09219288946499932,0.03365783521471774,-9.076598282861765e-16
4290,0.09771178408301007,0.0388805272037618,-4.995279394880638e-15
4291,0.5940517682823945,0.05964487501288526,5.126869429828055e-15
4292,0.07978704640201437,0.06295367129803937,1.5233882141546097e-15
4293,0.10216347569752811,0.05160912484114277,2.471024761918483e-16
4294,0.22552805683029697,0.05187206880161961,2.7554967802307865e-15
4295,0.24658800040520706,0.05968788852832297,1.506876090892083e-15
4296,0.07773118503180938,0.038089737937728116,-5.682379260903545e-16
4297,0.07137658604184981,0.03945950112073914,7.003869652107221e-16
4298,0.04475992489623998,0.03933246861979857,1.9734159946517214e-15
4299,0.09001579515882845,0.05016162580629312,3.6326671177558936e-16
4300,0.06483434766453396,0.05962999880756756,-2.498907075322311e-16
4301,0.02526096388122497,0.02573977870137847,7.083918144403763e-16
4302,0.027331316572052632,0.015296826144880002,2.437964304596801e-15
4303,0.4060627272855778,0.1000350038197279,-5.285327875873707e-15
4304,0.13222799981784358,0.06046734371372946,1.0780678372191832e-15
4305,0.08365490561656068,0.029914288727787664,3.089794854703697e-15
4306,0.33472565882863725,0.0681237169178156,-3.78840975405442e-15
4307,0.8725143287365457,0.06444924565015041,5.4066340445786735e-15
4308,0.09196431084603243,0.04141149922132071,-2.460958160455802e-15
4309,0.27090854060578773,0.056821858566934315,-9.127492557522909e-15
4310,0.25300780129562356,0.04553570059073556,6.47673550653962e-15
4311,0.0634566027145749,0.0314979401230792,3.819474091211964e-15
4312,0.07132298794102326,0.02845956576773708,2.1809762809254136e-15
4313,0.09490995205223263,0.04542165607579837,-8.321965281126989e-16
4314,0.08791239243468367,0.048793080048846096,-5.047640206805229e-15
4315,0.0781913342024739,0.04305474207189193,1.874270833483304e-16
4316,0.17485001599922603,0.03905220092075924,1.7140018476062348e-15
4317,0.06241246525038795,0.03284518366877605,7.391347807778439e-16
4318,0.24991393735809406,0.05327273265922557,-5.257807670436162e-15
4319,0.16780202760200924,0.04377134815447773,-2.06494330947945e-15
4320,0.07989718643317839,0.039185143493595115,-1.7481124180301389e-15
4321,0.06511701029364421,0.04579330634514263,-2.0877334796074168e-16
4322,0.09039707590321917,0.036382209507301415,1.0196960330542859e-16
4323,0.605678430519167,0.041787694887913174,-2.848504211370699e-14
4324,0.05434475591926097,0.02055325426276405,-9.84852193998658e-15
4325,0.05531466062268522,0.02442234287799382,-2.8436881754191287e-15
4326,0.15118334601002822,0.04675664771212949,5.632679942531137e-15
4327,0.0609083126442373,0.017699996340434544,-6.008910119499675e-16
4328,0.3377375088997076,0.04638188854176656,1.01325051125444e-15
4329,0.0546776073280787,0.01850929818168319,6.499693151601993e-15
4330,0.19567050224732918,0.04256338268166493,2.2111398745168277e-15
4331,0.0813519842785846,0.02482056421022308,-1.7140742691994914e-15
4332,0.10717574274554957,0.04052561039165722,-1.8913623294918844e-15
4333,0.07673637250253701,0.030684891901515805,-1.4238809450199089e-15
4334,0.5687562674043598,0.05430558304265056,-3.1100910062138864e-15
4335,0.0321554797641915,0.022449560382402277,-5.793727460535715e-16
4336,0.569449475171354,0.08003705073466051,4.941184991067464e-15
4337,0.08969198015260163,0.02842846136940603,3.454070942435302e-15
4338,0.712823940529573,0.04485140408900734,-7.522811104937658e-15
4339,0.48827189378719577,0.08160421488261835,5.054520258164615e-15
4340,0.4440902106555903,0.10193088742423992,4.320617937499567e-15
4341,0.061180152001743156,0.026929416319165823,3.5950078892624117e-16
4342,0.2797561833833233,0.06756289015978172,-2.1418686205667975e-16
4343,0.07227279504558926,0.02496048710051964,-1.5043232297297843e-15
4344,0.205501276188401,0.06325174793410887,7.560452228032826e-16
4345,0.1561222298082977,0.03441285293543549,-3.573797980931054e-15
4346,0.13845911352764334,0.0401106828460054,-4.243434624486244e-15
4347,0.16004502372768323,0.05414386715827402,4.931394496929074e-15
4348,0.4263526090430523,0.04582546587087182,2.650340626822063e-15
4349,0.11672111926683004,0.04549810589196799,3.3726735979643537e-15
4350,0.5238959268389597,0.04520684317591186,-2.3238858108988525e-14
4351,0.07322385318991563,0.02826578586846601,-4.506506061991193e-15
4352,0.5292670471630595,0.053825700206100204,-2.579584730210271e-15
4353,0.36732225435203447,0.05347825585049744,5.118613368196792e-15
4354,0.5126122035515405,0.03570181035359564,6.976661764790596e-15
4355,0.6542853878708933,0.04493797334415605,-9.52506899910386e-16
4356,0.08960587889865572,0.03513405066244202,-1.7036455597705273e-15
4357,0.22344897553515716,0.045251077470035275,2.3034774059191154e-15
4358,0.7409957010357449,0.04952379107579767,-3.3305966522822128e-15
4359,0.6268583889382214,0.06827034281077317,-1.172911155748153e-14
4360,0.19882031200682387,0.059922691904739714,-2.1943742756779024e-16
4361,0.6826502007698811,0.049421563640973595,-1.9598514302347422e-14
4362,0.07004606377715182,0.02619754142701417,-1.9073856069999285e-15
4363,0.9172638145493501,0.035844151730208856,-2.7424608934445812e-14
4364,0.3505758513707062,0.05219207491582876,-8.952286618036646e-15
4365,0.07469579752477472,0.02781883081053335,-3.736483471689368e-15
4366,0.9618220510426649,0.025312738644664802,2.5769847950123552e-14
4367,0.9285161847104347,0.0359868503049319,-2.633018739619935e-14
4368,0.5113063459720701,0.05107282829756881,4.4913699490005435e-15
4369,0.06934687734403173,0.022045132910984377,-3.434485427808944e-15
4370,0.6283097398605119,0.07079703127938979,1.180957194758972e-14
4371,0.06540473232554528,0.02247873817734122,6.6302692842438166e-15
4372,0.1547669938489229,0.06507635943060225,-1.9675951090937143e-15
4373,0.30645929779515824,0.05627812200465507,-5.253878799001986e-15
4374,0.7112021156430124,0.042258017996591825,1.926972026896202e-14
4375,0.22773393308673548,0.05639239888258131,-7.91814247712765e-15
4376,0.11675748314859431,0.05658958522491805,-1.9698673365821433e-15
4377,0.27019069127289846,0.08612966641291912,-1.5744454374005808e-16
4378,0.29659837659973326,0.05403398954713801,1.7758498882474537e-15
4379,0.14209363888061113,0.04931018326035064,-1.9711709252607638e-15
4380,0.06382925846489129,0.026673990727805002,-2.9564259643719122e-15
4381,0.12597094799900443,0.049433629392163905,-3.061984962893126e-16
4382,0.3473191448853495,0.0499030618397766,-2.827339000741429e-16
4383,0.12521161033888012,0.031534273852836844,7.693345851658864e-16
4384,0.40557520007026704,0.04526841456211572,1.6484385792309476e-14
4385,0.04473048541232174,0.01918899053638772,-6.381645954593578e-15
4386,0.40519958362636166,0.07737584777638563,3.637917683267004e-16
4387,0.5257577215077823,0.041624984376575296,4.767151376122043e-15
4388,0.6706278005849465,0.051730059352934364,1.9370359125491357e-14
4389,0.06730482634480366,0.01477057976164688,3.33197266255409e-15
4390,0.04467455032382483,0.01751258598544652,-2.3395071485643222e-15
4391,0.5820513630036409,0.0445335735676254,-1.1834267710890253e-14
4392,0.12595791895894107,0.03679476437907302,-2.9862138709483072e-15
4393,0.7252817017638843,0.04320547692790248,1.0580867196396607e-14
4394,0.08126444837414458,0.032456501888070394,2.0472498089769235e-15
4395,0.5694345837328049,0.08606013655129703,-3.5068708102690122e-15
4396,0.10174291937903458,0.0446184145101657,3.307095845270415e-15
4397,0.08832565319513698,0.04155740560502016,-1.0666252254846253e-15
4398,0.06047429868002621,0.023701633473219935,-5.885702883971721e-16
4399,0.08162093904639034,0.04303974112681389,-4.015777346083818e-16
4400,0.06908233457042864,0.022038170962103427,-3.0999338777596346e-15
4401,0.1941428407855199,0.03691299672631302,2.217114655960505e-15
4402,0.13626826308157353,0.0347195894688265,4.5233078716267465e-15
4403,0.07635589642224394,0.04002236279754661,5.856372138702758e-16
4404,0.6591323403368041,0.049340500554558867,-1.0911326926426913e-14
4405,0.12584645739799832,0.035885012164356925,4.6287537114084964e-15
4406,0.09773538023156561,0.03952679270554457,-2.1958227075430365e-15
4407,0.1398735015244972,0.0489744151391638,-1.415154143032477e-15
4408,0.12991221616512394,0.0478342510442585,-1.6855401614563531e-15
4409,0.07434099246081406,0.027645936975303865,1.0783937343888384e-15
4410,0.07676159396116859,0.026575585970329437,3.755421718325994e-16
4411,0.07410534607505466,0.032647959204312085,-1.0164868512030985e-15
4412,0.2185770170647574,0.03432458964046867,-6.670879692662509e-15
4413,0.6439453835914437,0.06619906607936132,-6.0119337210181425e-15
4414,0.6430549274433726,0.08263092763897337,1.220043128639611e-14
4415,0.12892527197845804,0.03532284423208254,-2.7173260742349287e-16
4416,0.1150995111924218,0.03310117906754011,8.863099425941025e-15
4417,0.12968346600424407,0.05597551837602483,-2.35051523073934e-15
4418,0.09352898689401505,0.045150848649826415,-2.538232000460697e-15
4419,0.10838980898627058,0.03780428290408663,4.096310157785265e-15
4420,0.18711212020697074,0.05124508668319754,2.4028760426639312e-15
4421,0.04267593638057537,0.026052917843362076,7.532932022595281e-16
4422,0.08374433984577165,0.026386740869019234,-1.3868735108657369e-17
4423,0.1527123985401006,0.043626356764354175,-6.1505486505114595e-15
4424,0.6201259660179952,0.06245273979444125,-8.59441531495868e-15
4425,0.11902770662345862,0.033353139660880174,2.2091482807022684e-15
4426,0.16684241596047583,0.05024846782237209,1.0075654161837893e-15
4427,0.7041715741040698,0.0782193362058481,1.8803542473168666e-15
4428,0.24346643333032975,0.06581097370486817,-5.171336288087666e-15
4429,0.21659510193165693,0.04530963411359595,-5.696284206808831e-15
4430,0.054424900003570344,0.032946428151767605,2.903019565694677e-16
4431,0.31979163588388043,0.07354524964488038,3.842617316607057e-15
4432,0.10275292958003357,0.04177571884835402,1.0087603724725247e-15
4433,0.20160981653445842,0.07375157553532322,-4.402834551244232e-15
4434,0.16202461109353952,0.03916931766271498,6.981296746759024e-15
4435,0.048762918139189905,0.02048278718508326,5.564015219424631e-16
4436,0.09686052818626015,0.07352665146855375,1.6818104494036333e-15
4437,0.029429252990723485,0.01802974825051225,9.638227738567448e-16
4438,0.745695784893249,0.05559551957505176,-6.214062387797582e-15
4439,0.877396271727518,0.07014196794599004,1.1386991950936895e-14
4440,0.759055038349452,0.047529803485620546,-9.787778328642524e-15
4441,0.7159032672065069,0.06946662308084675,1.5347909940128767e-14
4442,0.36614294597314223,0.04125635353572074,-2.51620135179201e-14
4443,0.1454455402356084,0.03606608093887101,7.814289912397547e-16
4444,0.16024907634834606,0.03695386928504018,-1.165048433895265e-15
4445,0.09745490907657309,0.03320193633714866,-4.9910065208784925e-15
4446,0.05993272013320329,0.034111471323320194,2.220627103233455e-15
4447,0.2738942164531166,0.05985339749402144,4.6149211870964675e-15
4448,0.08753383920245035,0.023051547078575294,7.352891941759133e-15
4449,0.7475029633138182,0.058389394437289834,-4.2117501774364385e-15
4450,0.13057392935329873,0.03376794512900005,-6.692189746478292e-15
4451,0.04530382118313706,0.022864385941778368,4.803579437530162e-15
4452,0.43637687017585164,0.05165223151595685,-1.6506329535066254e-14
4453,0.07731726904678411,0.024620449329377167,1.2555007406980897e-15
4454,0.07753190269901059,0.029534181420316198,-7.688837607478634e-15
4455,0.05516214309210096,0.02651823154737682,2.031679166426734e-15
4456,0.2487116566161125,0.03350162857369525,-2.0390118527439742e-15
4457,0.4658766766109777,0.042777905735220494,-7.967099474169177e-15
4458,0.10880512282076098,0.040260143768871264,5.699289702928983e-15
4459,0.12902613776075134,0.036210082250309555,-5.244771783649957e-16
4460,0.06193758790115471,0.028088074889664177,2.7701259420686393e-16
4461,0.17582274545209697,0.041756659294465835,1.6855130033588819e-15
4462,0.023291741673840828,0.013506484294294463,-1.5399003374171366e-15
4463,0.5519727287614824,0.03920014866990258,2.0985786131976072e-14
4464,0.44818687488790304,0.046536513934654154,-7.268955315174622e-15
4465,0.4113843126831861,0.062107372897022624,4.325089970883169e-15
4466,0.6832453515715933,0.07985430763902518,-7.314943026892624e-15
4467,0.10123571704352775,0.0351750581836928,-2.3224880741489985e-15
4468,0.7343138718307913,0.06400535433284246,-1.598865998646739e-14
4469,0.49744089792089136,0.09962776758293179,-1.2834554756951744e-15
4470,0.6586615866227572,0.049558211264713846,-1.746595185651411e-14
4471,0.30336849335928173,0.05530910443658278,-6.033442934215381e-16
4472,0.07754532322200575,0.034413577378313194,2.7196480915687216e-15
4473,0.14334987957270504,0.038224853033956195,2.3195187888254738e-15
4474,0.09136877914461938,0.03722311617983841,-1.140640093792969e-15
4475,0.7684951934214193,0.056665464550698784,1.3807031911202664e-14
4476,0.4282451701039954,0.05864277471116613,-1.5527189594235717e-16
4477,0.7240265193781257,0.06763482927624105,3.4743897256933836e-15
4478,0.044280013978597,0.017242064287558038,8.272718597712435e-16
4479,0.08284891086155956,0.025916567425947935,-5.069511527968751e-18
4480,0.7556872010631099,0.05650636975779957,-1.111222442612099e-14
4481,0.1395217401803423,0.03984250273713102,1.7467364077582615e-15
4482,0.14034880026977922,0.044346018755848274,-2.203282131648476e-15
4483,0.681781108221212,0.07520260114485701,-7.728253059608592e-15
4484,0.6129322821825687,0.0629109783377324,1.5885296267491768e-14
4485,0.08082923152686092,0.020006265692415256,2.5689387560015363e-15
4486,0.49731681418739154,0.04990520262646622,4.916339858230838e-15
4487,0.19539113846190215,0.03657359157441811,-2.2947506039316835e-15
4488,0.07016087583543218,0.027091278699294265,-6.559223701258997e-16
4489,0.7194088995873309,0.050112198425626225,-1.831542093461853e-16
4490,0.47959188891817145,0.06705068184034453,5.65902329707826e-16
4491,0.11774808773080678,0.03690812406504029,-5.020264844554198e-15
4492,0.0676081635370274,0.023202606489697845,-9.151192523916163e-16
4493,0.8792613457232786,0.04771381097203281,-3.900149030290176e-14
4494,0.1962902897539387,0.05536115709726365,-3.567053154265327e-15
4495,0.5086091910661784,0.08868554093923263,-1.2759607460630221e-14
4496,0.07645563942151748,0.026223628549607653,3.772658057521088e-15
4497,0.35860629455880544,0.05485674457501424,-9.020109440121543e-17
4498,0.05450996080218194,0.02711338292153313,-5.918292600937234e-16
4499,0.4635198150360018,0.055039139054256295,-3.3506574336143177e-15
4500,0.41371341345784374,0.06719869238201973,-2.3073157503617205e-15
4501,0.13672720731387222,0.02948658221351889,7.637345854673123e-15
4502,0.7478445928921653,0.06304444329041198,2.2343147843589706e-15
4503,0.727067512301627,0.062335049086214796,-1.2949560247043379e-14
4504,0.16882672191480202,0.0362232448389275,-7.19863394812237e-15
4505,0.4932622377518532,0.0731298141169583,7.366525306689706e-15
4506,0.1498847329426246,0.03357447291197854,2.247676568314831e-15
4507,0.6623082446126096,0.05183285741155868,5.56893083506693e-15
4508,0.1089626958185432,0.04302661590116311,-1.4466937468957682e-15
4509,0.5529639068403523,0.043918071906633396,3.870354786824371e-15
4510,0.4767895291501454,0.05430282625464686,-4.793657679253994e-15
4511,0.35527891030754655,0.0668998884800225,1.0072395190141341e-14
4512,0.2491071085363467,0.04882687898355938,-3.1766645558151045e-15
4513,0.2758230259334498,0.06605836232361735,-4.744954157788866e-15
4514,0.0563518901389303,0.023747979035397035,-6.379256042016106e-16
4515,0.06147294687455002,0.020508164670997146,-4.422569435406682e-15
4516,0.12638769046262033,0.04680751850551995,-1.0258518684811053e-15
4517,0.09704713375395614,0.030783771435501456,4.6631449155062706e-15
4518,0.12520205674455143,0.04499387753530719,2.6098388507932557e-15
4519,0.19578898437851464,0.04879552599867567,2.7075536854948533e-15
4520,0.18237950825101085,0.05934944694387136,-9.957969072795762e-16
4521,0.05587744264096239,0.04119854998354822,-9.132362909669422e-17
4522,0.3032702920304449,0.04953214158644977,-3.3132878914938626e-15
4523,0.714933474661149,0.06345068197320151,-1.302516839040337e-14
4524,0.2130638746519041,0.041162624042137066,1.0980471442588745e-15
4525,0.43058859016356593,0.03986235290186952,-3.847976514508053e-15
4526,0.8858907037629551,0.06266264470914411,-2.6750979484768648e-14
4527,0.21842489282789468,0.03980778805979375,-1.9674050024114155e-15
4528,0.23554943209005835,0.054671672618601994,7.373948519998519e-15
4529,0.5903112151936825,0.04814589768867337,2.7449521962526116e-14
4530,0.7065023548732812,0.060891251913600626,-1.1573332710386376e-15
4531,0.22542740112654025,0.049890488936349835,-1.5676378076344513e-15
4532,0.22203641383527936,0.07770672426038487,4.2177611696767444e-15
4533,0.49987808399198486,0.07498988745468871,2.5007176151537283e-16
4534,0.24485504963312685,0.060777588058289506,-1.8351269623280595e-15
4535,0.38045449149167243,0.04004972105023875,2.3744867781073064e-15
4536,0.40867857883854847,0.038980820041160893,2.1461414945689427e-15
4537,0.6922184963348221,0.06143800847773777,-4.742165926448483e-16
4538,0.856328431413267,0.05977333633054092,-2.0955260430418374e-14
4539,0.7231156238647073,0.08063561450048126,9.613097445707373e-15
4540,0.8441444893195807,0.06335363619082997,8.205149251203937e-15
4541,0.3822164284814422,0.049217003921074635,-3.375932569660905e-15
4542,0.5854851213287282,0.07233933618457243,-1.1219263540954386e-14
4543,0.6466437632449247,0.043634243434664335,-2.5332770055770656e-14
4544,0.9119360270782967,0.04704853075643838,5.1673060264229314e-14
4545,0.050421286807592745,0.022400124162873614,-2.3898039450810976e-15
4546,0.05118052207074656,0.020620473859804304,-1.0258518684811052e-16
4547,0.16433769615006588,0.04828998194348427,1.1562469471397871e-15
4548,0.13933122320166733,0.03513863101274672,1.123736893926856e-14
4549,0.08418077366006922,0.04012369714609965,1.639986979297891e-16
4550,0.4993028954079659,0.054724746479292666,7.930490358777916e-15
4551,0.1975709148361195,0.06338671740234499,-4.3862137955918203e-16
4552,0.11470830044141754,0.04057584848112333,-1.0524450775249641e-14
4553,0.06818446475462243,0.029114523038135505,3.4940340828642626e-15
4554,0.15267215838644405,0.04518448248886002,-1.7283413230710607e-16
4555,0.7511830618025034,0.05769254204236798,6.195812146296895e-15
4556,0.0694977239532823,0.03047538185249877,1.6536746604234068e-15
4557,0.42304172031861387,0.05669024289982172,4.1157191447780594e-15
4558,0.11150403099073551,0.041344038481477156,-2.3059759508864714e-15
4559,0.6978669776115536,0.043757699886443985,1.1290960918278517e-14
4560,0.4607492018762503,0.07163681321008994,-7.53648068066486e-15
4561,0.301548530596457,0.04230523128546954,-7.283113736656307e-15
4562,0.18762755922497595,0.041014045669681296,1.5924059925282415e-15
4563,0.32197166872237437,0.08228513697658692,-1.1146045310171866e-15
4564,0.27884637659984296,0.0592024444517956,-3.748107137407068e-15
4565,0.9720750242657717,0.02192993019179102,-6.7126126357766804e-15
4566,0.5051579204147628,0.04736274296005312,5.493931485725253e-15
4567,0.36088381510211354,0.03263281488675347,4.9430996369391876e-15
4568,0.3779442625184786,0.03958711576887536,1.1009747871662764e-14
4569,0.6873260931671795,0.08197346960827492,5.070090900714805e-15
4570,0.0624492095825978,0.026822617133606178,-1.1261557751416298e-15
4571,0.15725241910882543,0.04949381661717203,-5.684950227464158e-15
4572,0.27405643760782167,0.04503549546263059,-4.647438482468724e-15
4573,0.09085200439772571,0.03651644919613189,-1.6605999752785783e-15
4574,0.07418307677945953,0.020197372098171008,5.185965449925519e-15
4575,0.583723221842263,0.07748376613884607,1.33748198426467e-14
4576,0.4734260535772466,0.05148566724066212,-1.0965425856589665e-14
4577,0.12432618590196877,0.03491842326670136,-5.518597827753526e-15
4578,0.7799144722532461,0.05920112550777442,1.2772272186750985e-14
4579,0.6254861165247473,0.036569073007902415,-4.544527398450959e-15
4580,0.4602866944690583,0.06287344673366078,9.144710791319689e-15
4581,0.5495925627141872,0.054920925441871375,-6.366944371162468e-15
4582,0.7304247633101368,0.07530415200230896,-5.929590369485279e-15
4583,0.07973132619829756,0.02973263510262648,1.676270197519496e-15
4584,0.10323741612617637,0.0452419416519354,-3.02977545929221e-15
4585,0.097974423039872,0.03156813510416679,-1.5744092266039524e-15
4586,0.4676424521867305,0.056917074361845836,5.067918252917104e-15
4587,0.13171510274779613,0.047943150316192354,1.8030441965153433e-15
4588,0.032744188088408545,0.01596417922727671,7.097316139156251e-18
4589,0.259020486996037,0.04961315327965548,6.543218529149267e-15
4590,0.2398554959832017,0.050587696006061125,3.468161468673308e-15
4591,0.0529147149975809,0.019553766141411945,3.054597960380943e-15
4592,0.1600470321945052,0.04303753477713994,4.035331176263126e-16
4593,0.09551372824286354,0.035469043126182646,1.9826316423936361e-16
4594,0.6696386659490808,0.0795736215576523,3.467473463537369e-15
4595,0.33662797423762436,0.07548533751767343,4.5768636398400736e-15
